k,cutoff,aic,delta_aic
10,5,-3885.5919539904044,0
11,5,-3883.708683754033,1.8832702363715725
12,5,-3882.2042081938416,3.38774579656274
9,5,-3880.1846701462746,5.407283844129779
8,5,-3867.4492749848805,18.14267900552386
6,5,-3865.815000943976,19.77695304642839
7,5,-3864.7129425525154,20.87901143788895
12,30,-3861.5229089704126,24.06904501999179
11,30,-3860.717686448103,24.874267542301368
10,30,-3860.485971704277,25.105982286127528
12,20,-3858.68646702246,26.905486967944398
10,20,-3858.54417272337,27.047781267034225
12,15,-3858.5086884957373,27.083265494667103
10,15,-3858.3916770091314,27.200276981272964
11,20,-3858.164758388807,27.427195601597305
11,15,-3857.9286303989634,27.663323591440985
10,10,-3855.812627233085,29.779326757319268
12,10,-3855.051722249192,30.54023174121221
11,10,-3854.859179359954,30.73277463045042
5,5,-3854.3550760499625,31.2368779404419
12,50,-3854.2912955068296,31.300658483574807
4,5,-3853.9519494382503,31.640004552154096
11,50,-3853.42108761995,32.170866370454405
10,50,-3853.266700686516,32.32525330388853
9,30,-3853.058494137905,32.53345985249916
9,15,-3852.060760489405,33.53119350099951
9,20,-3851.320153075554,34.271800914850246
9,10,-3849.1808182271398,36.41113576326461
3,5,-3848.604937392509,36.98701659789549
9,50,-3844.950631567017,40.641322423387464
8,15,-3839.043097307728,46.54885668267616
8,20,-3837.401880942006,48.19007304839852
8,30,-3836.9908662732496,48.60108771715477
6,15,-3836.940983990212,48.6509700001925
8,10,-3836.7156242617607,48.87632972864367
6,30,-3835.9293564360128,49.662597554391596
7,15,-3835.7225427818485,49.8694112085559
6,10,-3834.95679585873,50.635158131674416
6,20,-3834.9566630068903,50.635290983514096
7,30,-3834.1098579868394,51.48209600356495
7,10,-3833.9522930168127,51.63966097359162
7,20,-3832.6380375281237,52.95391646228063
12,80,-3830.9834286029227,54.60852538748168
8,50,-3830.3049128876373,55.287041102767034
10,80,-3828.7301172546768,56.86183673572759
5,30,-3828.3770535491785,57.214900441225836
5,15,-3826.024237089807,59.56771690059759
10,100,-3825.571313849307,60.020640141097374
5,20,-3825.2574648981445,60.3344890922599
12,100,-3824.9975358875954,60.59441810280896
11,100,-3824.4069037629797,61.185050227424654
6,50,-3824.00986132883,61.58209266157428
5,10,-3823.468597982305,62.12335600809956
9,80,-3823.430609025834,62.16134496457016
7,50,-3821.3195173243776,64.2724366660268
9,100,-3820.316040341231,65.27591364917316
4,15,-3817.207736431328,68.3842175590762
4,10,-3815.754679660106,69.83727433029844
3,15,-3813.851663522762,71.74029046764235
3,10,-3812.304348164808,73.28760582559653
4,20,-3811.024688160548,74.5672658298563
5,50,-3810.533968607503,75.05798538290128
4,30,-3810.2244878430947,75.36746614730964
3,20,-3809.48836809423,76.10358589617454
3,30,-3809.2392149659245,76.35273902447989
8,80,-3802.2210952129835,83.37085877742084
8,100,-3802.089843880365,83.50211011003921
3,50,-3801.702778614662,83.88917537574252
6,80,-3798.4163911169317,87.1755628734727
6,100,-3797.1414487242137,88.4505052661907
11,80,-3796.233126139149,89.35882785125523
4,50,-3794.397403014409,91.1945509759953
7,80,-3793.723402013821,91.86855197658315
7,100,-3792.9876706967766,92.60428329362776
5,100,-3779.0594301707242,106.53252381968014
5,80,-3768.43164832651,117.16030566389418
4,100,-3768.158159923583,117.43379406682152
3,100,-3766.658342858039,118.93361113236551
4,80,-3760.992662908814,124.59929108159031
3,80,-3759.400320260983,126.19163372942148
