x,y,cell,longitude,latitude,swh_winter_cellmean,swh_spring_cellmean,swh_summer_cellmean,swh_fall_cellmean,lag_swh_fall_cellmean
-71.586875,41.30309523809524,479,-72.086122,41.30302,1.2031630918714735,1.006689732139175,0.7772005264823502,1.0102452246455458,1.0102452246455458
-71.586875,41.30309523809524,479,-71.36499603512735,41.4770646044823,1.2031630918714735,1.006689732139175,0.7772005264823502,1.0102452246455458,1.0102452246455458
-71.586875,41.30309523809524,479,-71.36499603443934,41.4770930220363,1.2031630918714735,1.006689732139175,0.7772005264823502,1.0102452246455458,1.0102452246455458
-71.586875,41.30309523809524,479,-71.3649763888888,41.4771625,1.2031630918714735,1.006689732139175,0.7772005264823502,1.0102452246455458,1.0102452246455458
-71.586875,41.30309523809524,479,-71.36290972222216,41.4773986111111,1.2031630918714735,1.006689732139175,0.7772005264823502,1.0102452246455458,1.0102452246455458
-71.586875,41.30309523809524,479,-71.362,41.478,1.2031630918714735,1.006689732139175,0.7772005264823502,1.0102452246455458,1.0102452246455458
-71.586875,41.30309523809524,479,-71.3616694444444,41.4781861111111,1.2031630918714735,1.006689732139175,0.7772005264823502,1.0102452246455458,1.0102452246455458
-71.586875,41.30309523809524,479,-71.3605790080763,41.4777983076676,1.2031630918714735,1.006689732139175,0.7772005264823502,1.0102452246455458,1.0102452246455458
-71.586875,41.30309523809524,479,-71.3605790073976,41.4778265132492,1.2031630918714735,1.006689732139175,0.7772005264823502,1.0102452246455458,1.0102452246455458
-71.586875,41.30309523809524,479,-71.36027778,41.47833333,1.2031630918714735,1.006689732139175,0.7772005264823502,1.0102452246455458,1.0102452246455458
-71.586875,41.30309523809524,479,-71.35983055499995,41.47823472,1.2031630918714735,1.006689732139175,0.7772005264823502,1.0102452246455458,1.0102452246455458
-71.586875,41.30309523809524,479,-71.3594166666666,41.4774972222222,1.2031630918714735,1.006689732139175,0.7772005264823502,1.0102452246455458,1.0102452246455458
-71.586875,41.30309523809524,479,-71.357,41.476,1.2031630918714735,1.006689732139175,0.7772005264823502,1.0102452246455458,1.0102452246455458
-71.586875,41.30309523809524,479,-71.33848,41.450199999999995,1.2031630918714735,1.006689732139175,0.7772005264823502,1.0102452246455458,1.0102452246455458
-71.08683333333335,41.30309523809524,480,-71.33143,41.450795,1.4148884879218206,1.1359246652405541,0.8495135782538233,1.1483270928666398,1.1483270928666398
-71.08683333333335,41.30309523809524,480,-71.313,41.451,1.4148884879218206,1.1359246652405541,0.8495135782538233,1.1483270928666398,1.1483270928666398
-70.58679166666667,42.30319047619047,431,-70.913095,42.338275,1.2054091861512926,0.9296674886802295,0.5755957700647749,0.9256608056592511,0.9256608056592511
-70.58679166666667,42.30319047619047,431,-70.91286,42.3383575,1.2054091861512926,0.9296674886802295,0.5755957700647749,0.9256608056592511,0.9256608056592511
-70.58679166666667,42.30319047619047,431,-70.912625,42.33844,1.2054091861512926,0.9296674886802295,0.5755957700647749,0.9256608056592511,0.9256608056592511
-70.58679166666667,42.30319047619047,431,-70.91259352941177,42.33843088235294,1.2054091861512926,0.9296674886802295,0.5755957700647749,0.9256608056592511,0.9256608056592511
-70.58679166666667,42.30319047619047,431,-70.9125822,42.3384276,1.2054091861512926,0.9296674886802295,0.5755957700647749,0.9256608056592511,0.9256608056592511
-70.58679166666667,42.30319047619047,431,-70.91244666666667,42.338388333333334,1.2054091861512926,0.9296674886802295,0.5755957700647749,0.9256608056592511,0.9256608056592511
-70.58679166666667,42.30319047619047,431,-70.91238722222222,42.33837111111111,1.2054091861512926,0.9296674886802295,0.5755957700647749,0.9256608056592511,0.9256608056592511
-70.58679166666667,42.30319047619047,431,-70.91235750000001,42.3383625,1.2054091861512926,0.9296674886802295,0.5755957700647749,0.9256608056592511,0.9256608056592511
-70.58679166666667,42.30319047619047,431,-70.91234827586207,42.3383598275862,1.2054091861512926,0.9296674886802295,0.5755957700647749,0.9256608056592511,0.9256608056592511
-70.58679166666667,42.30319047619047,431,-70.9123475925926,42.33835962962963,1.2054091861512926,0.9296674886802295,0.5755957700647749,0.9256608056592511,0.9256608056592511
-70.58679166666667,42.30319047619047,431,-70.91232982758622,42.33835448275862,1.2054091861512926,0.9296674886802295,0.5755957700647749,0.9256608056592511,0.9256608056592511
-70.58679166666667,42.30319047619047,431,-70.91209,42.338285,1.2054091861512926,0.9296674886802295,0.5755957700647749,0.9256608056592511,0.9256608056592511
-70.58679166666667,42.30319047619047,431,-70.90753,42.34315,1.2054091861512926,0.9296674886802295,0.5755957700647749,0.9256608056592511,0.9256608056592511
-70.58679166666667,42.30319047619047,431,-70.90729,42.343055,1.2054091861512926,0.9296674886802295,0.5755957700647749,0.9256608056592511,0.9256608056592511
-70.58679166666667,42.30319047619047,431,-70.90719,42.416245,1.2054091861512926,0.9296674886802295,0.5755957700647749,0.9256608056592511,0.9256608056592511
-70.58679166666667,42.30319047619047,431,-70.90716,42.416375,1.2054091861512926,0.9296674886802295,0.5755957700647749,0.9256608056592511,0.9256608056592511
-70.58679166666667,42.30319047619047,431,-70.907135,42.343535,1.2054091861512926,0.9296674886802295,0.5755957700647749,0.9256608056592511,0.9256608056592511
-70.58679166666667,42.30319047619047,431,-70.907045,42.34298,1.2054091861512926,0.9296674886802295,0.5755957700647749,0.9256608056592511,0.9256608056592511
-70.58679166666667,42.30319047619047,431,-70.90703500000001,42.418383250000005,1.2054091861512926,0.9296674886802295,0.5755957700647749,0.9256608056592511,0.9256608056592511
-70.58679166666667,42.30319047619047,431,-70.907035,42.34224,1.2054091861512926,0.9296674886802295,0.5755957700647749,0.9256608056592511,0.9256608056592511
-70.58679166666667,42.30319047619047,431,-70.90702357142857,42.34316857142857,1.2054091861512926,0.9296674886802295,0.5755957700647749,0.9256608056592511,0.9256608056592511
-70.58679166666667,42.30319047619047,431,-70.906995,42.34342,1.2054091861512926,0.9296674886802295,0.5755957700647749,0.9256608056592511,0.9256608056592511
-70.58679166666667,42.30319047619047,431,-70.90697,42.41904,1.2054091861512926,0.9296674886802295,0.5755957700647749,0.9256608056592511,0.9256608056592511
-70.58679166666667,42.30319047619047,431,-70.90696750000001,42.3434225,1.2054091861512926,0.9296674886802295,0.5755957700647749,0.9256608056592511,0.9256608056592511
-70.58679166666667,42.30319047619047,431,-70.90695111111111,42.34343740740741,1.2054091861512926,0.9296674886802295,0.5755957700647749,0.9256608056592511,0.9256608056592511
-70.58679166666667,42.30319047619047,431,-70.9069475,42.343455,1.2054091861512926,0.9296674886802295,0.5755957700647749,0.9256608056592511,0.9256608056592511
-70.58679166666667,42.30319047619047,431,-70.90694435483871,42.34347032258064,1.2054091861512926,0.9296674886802295,0.5755957700647749,0.9256608056592511,0.9256608056592511
-70.58679166666667,42.30319047619047,431,-70.9069374137931,42.343504137931035,1.2054091861512926,0.9296674886802295,0.5755957700647749,0.9256608056592511,0.9256608056592511
-70.58679166666667,42.30319047619047,431,-70.90693357142857,42.34352285714286,1.2054091861512926,0.9296674886802295,0.5755957700647749,0.9256608056592511,0.9256608056592511
-70.58679166666667,42.30319047619047,431,-70.90692548387096,42.34356225806451,1.2054091861512926,0.9296674886802295,0.5755957700647749,0.9256608056592511,0.9256608056592511
-70.58679166666667,42.30319047619047,431,-70.90691724137932,42.3436024137931,1.2054091861512926,0.9296674886802295,0.5755957700647749,0.9256608056592511,0.9256608056592511
-70.58679166666667,42.30319047619047,431,-70.90691305555555,42.34321333333333,1.2054091861512926,0.9296674886802295,0.5755957700647749,0.9256608056592511,0.9256608056592511
-70.58679166666667,42.30319047619047,431,-70.90685,42.34393,1.2054091861512926,0.9296674886802295,0.5755957700647749,0.9256608056592511,0.9256608056592511
-70.58679166666667,42.30319047619047,431,-70.90677363636364,42.3439,1.2054091861512926,0.9296674886802295,0.5755957700647749,0.9256608056592511,0.9256608056592511
-70.58679166666667,42.30319047619047,431,-70.90664,42.342945,1.2054091861512926,0.9296674886802295,0.5755957700647749,0.9256608056592511,0.9256608056592511
-70.58679166666667,42.30319047619047,431,-70.906615,42.42067,1.2054091861512926,0.9296674886802295,0.5755957700647749,0.9256608056592511,0.9256608056592511
-70.58679166666667,42.30319047619047,431,-70.90659571428571,42.34379571428571,1.2054091861512926,0.9296674886802295,0.5755957700647749,0.9256608056592511,0.9256608056592511
-70.58679166666667,42.30319047619047,431,-70.90657,42.34382,1.2054091861512926,0.9296674886802295,0.5755957700647749,0.9256608056592511,0.9256608056592511
-70.58679166666667,42.30319047619047,431,-70.90651,42.42091,1.2054091861512926,0.9296674886802295,0.5755957700647749,0.9256608056592511,0.9256608056592511
-70.58679166666667,42.30319047619047,431,-70.90649400000001,42.343742,1.2054091861512926,0.9296674886802295,0.5755957700647749,0.9256608056592511,0.9256608056592511
-70.58679166666667,42.30319047619047,431,-70.906405,42.343695,1.2054091861512926,0.9296674886802295,0.5755957700647749,0.9256608056592511,0.9256608056592511
-70.58679166666667,42.30319047619047,431,-70.90624588235293,42.34338911764706,1.2054091861512926,0.9296674886802295,0.5755957700647749,0.9256608056592511,0.9256608056592511
-70.58679166666667,42.30319047619047,431,-70.90597,42.3437,1.2054091861512926,0.9296674886802295,0.5755957700647749,0.9256608056592511,0.9256608056592511
-70.58679166666667,42.30319047619047,431,-70.90422,42.42038,1.2054091861512926,0.9296674886802295,0.5755957700647749,0.9256608056592511,0.9256608056592511
-70.58679166666667,42.30319047619047,431,-70.90135,42.42101,1.2054091861512926,0.9296674886802295,0.5755957700647749,0.9256608056592511,0.9256608056592511
-70.58679166666667,42.30319047619047,431,-70.89377,42.340155,1.2054091861512926,0.9296674886802295,0.5755957700647749,0.9256608056592511,0.9256608056592511
-70.58679166666667,42.30319047619047,431,-70.89328496251255,42.34147996176026,1.2054091861512926,0.9296674886802295,0.5755957700647749,0.9256608056592511,0.9256608056592511
-70.58679166666667,42.30319047619047,431,-70.893265,42.344483333333336,1.2054091861512926,0.9296674886802295,0.5755957700647749,0.9256608056592511,0.9256608056592511
-70.58679166666667,42.30319047619047,431,-70.89315500000001,42.344665,1.2054091861512926,0.9296674886802295,0.5755957700647749,0.9256608056592511,0.9256608056592511
-70.58679166666667,42.30319047619047,431,-70.892685,42.34119,1.2054091861512926,0.9296674886802295,0.5755957700647749,0.9256608056592511,0.9256608056592511
-70.58679166666667,42.30319047619047,431,-70.891487,42.327162,1.2054091861512926,0.9296674886802295,0.5755957700647749,0.9256608056592511,0.9256608056592511
-70.58679166666667,42.30319047619047,431,-70.89132,42.345715,1.2054091861512926,0.9296674886802295,0.5755957700647749,0.9256608056592511,0.9256608056592511
-70.58679166666667,42.30319047619047,431,-70.8912,42.343802,1.2054091861512926,0.9296674886802295,0.5755957700647749,0.9256608056592511,0.9256608056592511
-70.58679166666667,42.30319047619047,431,-70.891011,42.342275,1.2054091861512926,0.9296674886802295,0.5755957700647749,0.9256608056592511,0.9256608056592511
-70.58679166666667,42.30319047619047,431,-70.891005,42.326845,1.2054091861512926,0.9296674886802295,0.5755957700647749,0.9256608056592511,0.9256608056592511
-70.58679166666667,42.30319047619047,431,-70.890339,42.326938,1.2054091861512926,0.9296674886802295,0.5755957700647749,0.9256608056592511,0.9256608056592511
-70.58679166666667,42.30319047619047,431,-70.89031194336705,42.3271982464939,1.2054091861512926,0.9296674886802295,0.5755957700647749,0.9256608056592511,0.9256608056592511
-70.58679166666667,42.30319047619047,431,-70.8901525614783,42.327512567862854,1.2054091861512926,0.9296674886802295,0.5755957700647749,0.9256608056592511,0.9256608056592511
-70.58679166666667,42.30319047619047,431,-70.889055,42.328328,1.2054091861512926,0.9296674886802295,0.5755957700647749,0.9256608056592511,0.9256608056592511
-70.58679166666667,42.30319047619047,431,-70.888444,42.3269,1.2054091861512926,0.9296674886802295,0.5755957700647749,0.9256608056592511,0.9256608056592511
-70.58679166666667,42.30319047619047,431,-70.888049,42.328099,1.2054091861512926,0.9296674886802295,0.5755957700647749,0.9256608056592511,0.9256608056592511
-70.58679166666667,42.30319047619047,431,-70.78767,42.53781,1.2054091861512926,0.9296674886802295,0.5755957700647749,0.9256608056592511,0.9256608056592511
-70.58679166666667,42.30319047619047,431,-70.785875,42.53761,1.2054091861512926,0.9296674886802295,0.5755957700647749,0.9256608056592511,0.9256608056592511
-70.58679166666667,42.30319047619047,431,-70.7857,42.53774,1.2054091861512926,0.9296674886802295,0.5755957700647749,0.9256608056592511,0.9256608056592511
-70.58679166666667,42.30319047619047,431,-70.78569,42.53066,1.2054091861512926,0.9296674886802295,0.5755957700647749,0.9256608056592511,0.9256608056592511
-70.58679166666667,42.30319047619047,431,-70.784795,42.5372,1.2054091861512926,0.9296674886802295,0.5755957700647749,0.9256608056592511,0.9256608056592511
-70.58679166666667,42.30319047619047,431,-70.78454475,42.5319705,1.2054091861512926,0.9296674886802295,0.5755957700647749,0.9256608056592511,0.9256608056592511
-70.58679166666667,42.30319047619047,431,-70.78437,42.53787,1.2054091861512926,0.9296674886802295,0.5755957700647749,0.9256608056592511,0.9256608056592511
-70.58679166666667,42.30319047619047,431,-70.78394499999999,42.531355,1.2054091861512926,0.9296674886802295,0.5755957700647749,0.9256608056592511,0.9256608056592511
-70.58679166666667,42.30319047619047,431,-70.78341,42.53677,1.2054091861512926,0.9296674886802295,0.5755957700647749,0.9256608056592511,0.9256608056592511
-70.58679166666667,42.30319047619047,431,-70.783185,42.53191,1.2054091861512926,0.9296674886802295,0.5755957700647749,0.9256608056592511,0.9256608056592511
-70.58679166666667,42.30319047619047,431,-70.782655,42.53225,1.2054091861512926,0.9296674886802295,0.5755957700647749,0.9256608056592511,0.9256608056592511
-70.58679166666667,42.30319047619047,431,-70.782555,42.535955,1.2054091861512926,0.9296674886802295,0.5755957700647749,0.9256608056592511,0.9256608056592511
-70.58679166666667,42.30319047619047,431,-70.78199,42.53159,1.2054091861512926,0.9296674886802295,0.5755957700647749,0.9256608056592511,0.9256608056592511
-70.58679166666667,42.30319047619047,431,-70.78181000000001,42.53594,1.2054091861512926,0.9296674886802295,0.5755957700647749,0.9256608056592511,0.9256608056592511
-70.58679166666667,42.30319047619047,431,-70.78151,42.53502,1.2054091861512926,0.9296674886802295,0.5755957700647749,0.9256608056592511,0.9256608056592511
-70.58679166666667,42.30319047619047,431,-70.774833,42.502633,1.2054091861512926,0.9296674886802295,0.5755957700647749,0.9256608056592511,0.9256608056592511
-70.58679166666667,42.30319047619047,431,-70.47183,42.3227,1.2054091861512926,0.9296674886802295,0.5755957700647749,0.9256608056592511,0.9256608056592511
-70.58679166666667,42.30319047619047,431,-70.47157,42.31792,1.2054091861512926,0.9296674886802295,0.5755957700647749,0.9256608056592511,0.9256608056592511
-70.58679166666667,42.30319047619047,431,-70.4707,42.31831,1.2054091861512926,0.9296674886802295,0.5755957700647749,0.9256608056592511,0.9256608056592511
-70.58679166666667,42.30319047619047,431,-70.47036,42.322,1.2054091861512926,0.9296674886802295,0.5755957700647749,0.9256608056592511,0.9256608056592511
-70.58679166666667,42.30319047619047,431,-70.46893,42.31937,1.2054091861512926,0.9296674886802295,0.5755957700647749,0.9256608056592511,0.9256608056592511
-70.58679166666667,42.80323809523809,406,-71.00862,43.01112,1.1570757182439169,0.9469563832154145,0.6164130308069624,0.9425360649018675,0.9425360649018675
-70.58679166666667,42.80323809523809,406,-70.768589,42.959502,1.1570757182439169,0.9469563832154145,0.6164130308069624,0.9425360649018675,0.9425360649018675
-70.58679166666667,42.80323809523809,406,-70.749777,42.968101,1.1570757182439169,0.9469563832154145,0.6164130308069624,0.9425360649018675,0.9425360649018675
-70.58679166666667,42.80323809523809,406,-70.6256745998415,42.967719072165,1.1570757182439169,0.9469563832154145,0.6164130308069624,0.9425360649018675,0.9425360649018675
-70.58679166666667,42.80323809523809,406,-70.6199330370873,42.9859418235719,1.1570757182439169,0.9469563832154145,0.6164130308069624,0.9425360649018675,0.9425360649018675
-70.58679166666667,42.80323809523809,406,-70.61969302150001,42.985661994,1.1570757182439169,0.9469563832154145,0.6164130308069624,0.9425360649018675,0.9425360649018675
-70.58679166666667,42.80323809523809,406,-70.61940333333334,42.985323333333334,1.1570757182439169,0.9469563832154145,0.6164130308069624,0.9425360649018675,0.9425360649018675
-70.58679166666667,42.80323809523809,406,-70.61931,42.98634833333333,1.1570757182439169,0.9469563832154145,0.6164130308069624,0.9425360649018675,0.9425360649018675
-70.58679166666667,42.80323809523809,406,-70.6188,42.9895125,1.1570757182439169,0.9469563832154145,0.6164130308069624,0.9425360649018675,0.9425360649018675
-70.58679166666667,42.80323809523809,406,-70.61877000000001,42.98476,1.1570757182439169,0.9469563832154145,0.6164130308069624,0.9425360649018675,0.9425360649018675
-70.58679166666667,42.80323809523809,406,-70.61869,42.99015,1.1570757182439169,0.9469563832154145,0.6164130308069624,0.9425360649018675,0.9425360649018675
-70.58679166666667,42.80323809523809,406,-70.618676003,42.9847199935,1.1570757182439169,0.9469563832154145,0.6164130308069624,0.9425360649018675,0.9425360649018675
-70.58679166666667,42.80323809523809,406,-70.618576426059,42.9902022611349,1.1570757182439169,0.9469563832154145,0.6164130308069624,0.9425360649018675,0.9425360649018675
-70.58679166666667,42.80323809523809,406,-70.61849,42.99079,1.1570757182439169,0.9469563832154145,0.6164130308069624,0.9425360649018675,0.9425360649018675
-70.58679166666667,42.80323809523809,406,-70.61845500000001,42.984505,1.1570757182439169,0.9469563832154145,0.6164130308069624,0.9425360649018675,0.9425360649018675
-70.58679166666667,42.80323809523809,406,-70.61831,42.99084,1.1570757182439169,0.9469563832154145,0.6164130308069624,0.9425360649018675,0.9425360649018675
-70.58679166666667,42.80323809523809,406,-70.618179962039,42.9842899180948,1.1570757182439169,0.9469563832154145,0.6164130308069624,0.9425360649018675,0.9425360649018675
-70.58679166666667,42.80323809523809,406,-70.61806,42.98434,1.1570757182439169,0.9469563832154145,0.6164130308069624,0.9425360649018675,0.9425360649018675
-70.58679166666667,42.80323809523809,406,-70.618034491,42.9906409945,1.1570757182439169,0.9469563832154145,0.6164130308069624,0.9425360649018675,0.9425360649018675
-70.58679166666667,42.80323809523809,406,-70.6179281720951,42.9878221649485,1.1570757182439169,0.9469563832154145,0.6164130308069624,0.9425360649018675,0.9425360649018675
-70.58679166666667,42.80323809523809,406,-70.61738552525634,42.99165548756713,1.1570757182439169,0.9469563832154145,0.6164130308069624,0.9425360649018675,0.9425360649018675
-70.58679166666667,42.80323809523809,406,-70.616975,42.992075,1.1570757182439169,0.9469563832154145,0.6164130308069624,0.9425360649018675,0.9425360649018675
-70.58679166666667,42.80323809523809,406,-70.61671000000001,42.992155,1.1570757182439169,0.9469563832154145,0.6164130308069624,0.9425360649018675,0.9425360649018675
-70.58679166666667,42.80323809523809,406,-70.61666500000001,42.99239,1.1570757182439169,0.9469563832154145,0.6164130308069624,0.9425360649018675,0.9425360649018675
-70.58679166666667,42.80323809523809,406,-70.6165910045,42.992212493,1.1570757182439169,0.9469563832154145,0.6164130308069624,0.9425360649018675,0.9425360649018675
-70.58679166666667,42.80323809523809,406,-70.616525,42.975744,1.1570757182439169,0.9469563832154145,0.6164130308069624,0.9425360649018675,0.9425360649018675
-70.58679166666667,42.80323809523809,406,-70.6163436755105,42.9737757731959,1.1570757182439169,0.9469563832154145,0.6164130308069624,0.9425360649018675,0.9425360649018675
-70.58679166666667,42.80323809523809,406,-70.61552,42.99315,1.1570757182439169,0.9469563832154145,0.6164130308069624,0.9425360649018675,0.9425360649018675
-70.58679166666667,42.80323809523809,406,-70.613883985,42.99306904,1.1570757182439169,0.9469563832154145,0.6164130308069624,0.9425360649018675,0.9425360649018675
-70.58679166666667,42.80323809523809,406,-70.61269,42.99281,1.1570757182439169,0.9469563832154145,0.6164130308069624,0.9425360649018675,0.9425360649018675
-70.58679166666667,42.80323809523809,406,-70.61249000000001,42.99277,1.1570757182439169,0.9469563832154145,0.6164130308069624,0.9425360649018675,0.9425360649018675
-70.58679166666667,42.80323809523809,406,-70.61183,42.99472,1.1570757182439169,0.9469563832154145,0.6164130308069624,0.9425360649018675,0.9425360649018675
-70.58679166666667,42.80323809523809,406,-70.611665966,42.992762011,1.1570757182439169,0.9469563832154145,0.6164130308069624,0.9425360649018675,0.9425360649018675
-70.58679166666667,42.80323809523809,406,-70.61122666666667,42.75982966666667,1.1570757182439169,0.9469563832154145,0.6164130308069624,0.9425360649018675,0.9425360649018675
-70.58679166666667,42.80323809523809,406,-70.61115000000001,42.9902,1.1570757182439169,0.9469563832154145,0.6164130308069624,0.9425360649018675,0.9425360649018675
-70.58679166666667,42.80323809523809,406,-70.61094897800001,42.990348986499995,1.1570757182439169,0.9469563832154145,0.6164130308069624,0.9425360649018675,0.9425360649018675
-70.58679166666667,42.80323809523809,406,-70.610795,42.990405,1.1570757182439169,0.9469563832154145,0.6164130308069624,0.9425360649018675,0.9425360649018675
-70.58679166666667,42.80323809523809,406,-70.610375,42.98966,1.1570757182439169,0.9469563832154145,0.6164130308069624,0.9425360649018675,0.9425360649018675
-70.58679166666667,42.80323809523809,406,-70.60603,43.00588,1.1570757182439169,0.9469563832154145,0.6164130308069624,0.9425360649018675,0.9425360649018675
-70.58679166666667,42.80323809523809,406,-70.604214,43.001839,1.1570757182439169,0.9469563832154145,0.6164130308069624,0.9425360649018675,0.9425360649018675
-70.58679166666667,42.80323809523809,406,-70.597,43.00497,1.1570757182439169,0.9469563832154145,0.6164130308069624,0.9425360649018675,0.9425360649018675
-70.08675000000001,43.303285714285714,382,-70.736,43.112,1.3759221522013347,1.1014337520878594,0.7652790828331096,1.1072501569717854,1.1072501569717854
-70.08675000000001,43.303285714285714,382,-70.63,43.118,1.3759221522013347,1.1014337520878594,0.7652790828331096,1.1072501569717854,1.1072501569717854
-70.08675000000001,43.303285714285714,382,-70.622224,43.070829,1.3759221522013347,1.1014337520878594,0.7652790828331096,1.1072501569717854,1.1072501569717854
-70.08675000000001,43.303285714285714,382,-70.621,43.134,1.3759221522013347,1.1014337520878594,0.7652790828331096,1.1072501569717854,1.1072501569717854
-70.08675000000001,43.303285714285714,382,-70.618,43.141,1.3759221522013347,1.1014337520878594,0.7652790828331096,1.1072501569717854,1.1072501569717854
-70.08675000000001,43.303285714285714,382,-70.608241,43.071741,1.3759221522013347,1.1014337520878594,0.7652790828331096,1.1072501569717854,1.1072501569717854
-70.08675000000001,43.303285714285714,382,-70.592358,43.166109,1.3759221522013347,1.1014337520878594,0.7652790828331096,1.1072501569717854,1.1072501569717854
-70.08675000000001,43.303285714285714,382,-70.591034,43.164158,1.3759221522013347,1.1014337520878594,0.7652790828331096,1.1072501569717854,1.1072501569717854
-70.08675000000001,43.303285714285714,382,-70.47571,43.121676,1.3759221522013347,1.1014337520878594,0.7652790828331096,1.1072501569717854,1.1072501569717854
-70.08675000000001,43.303285714285714,382,-70.30401,43.52791,1.3759221522013347,1.1014337520878594,0.7652790828331096,1.1072501569717854,1.1072501569717854
-70.08675000000001,43.303285714285714,382,-70.30323,43.53576,1.3759221522013347,1.1014337520878594,0.7652790828331096,1.1072501569717854,1.1072501569717854
-70.08675000000001,43.303285714285714,382,-70.3032,43.5358,1.3759221522013347,1.1014337520878594,0.7652790828331096,1.1072501569717854,1.1072501569717854
-69.58670833333333,43.803333333333335,358,-70.223764,43.653528,1.0366590486632452,0.8717161199531039,0.6716677178670695,0.8682936701151702,0.8682936701151702
-69.58670833333333,43.803333333333335,358,-70.08436,43.68669,1.0366590486632452,0.8717161199531039,0.6716677178670695,0.8682936701151702,0.8682936701151702
-69.58670833333333,43.803333333333335,358,-70.0828,43.6915,1.0366590486632452,0.8717161199531039,0.6716677178670695,0.8682936701151702,0.8682936701151702
-69.58670833333333,43.803333333333335,358,-70.082733,43.687002,1.0366590486632452,0.8717161199531039,0.6716677178670695,0.8682936701151702,0.8682936701151702
-69.58670833333333,43.803333333333335,358,-69.96087,43.76509,1.0366590486632452,0.8717161199531039,0.6716677178670695,0.8682936701151702,0.8682936701151702
-69.58670833333333,43.803333333333335,358,-69.95305,43.76074,1.0366590486632452,0.8717161199531039,0.6716677178670695,0.8682936701151702,0.8682936701151702
-69.58670833333333,43.803333333333335,358,-69.9514,43.7651,1.0366590486632452,0.8717161199531039,0.6716677178670695,0.8682936701151702,0.8682936701151702
-69.58670833333333,43.803333333333335,358,-69.9469,43.7158,1.0366590486632452,0.8717161199531039,0.6716677178670695,0.8682936701151702,0.8682936701151702
-69.58670833333333,43.803333333333335,358,-69.9402,43.71212,1.0366590486632452,0.8717161199531039,0.6716677178670695,0.8682936701151702,0.8682936701151702
-69.58670833333333,43.803333333333335,358,-69.9402,43.7159,1.0366590486632452,0.8717161199531039,0.6716677178670695,0.8682936701151702,0.8682936701151702
-69.58670833333333,43.803333333333335,358,-69.6743,43.79336,1.0366590486632452,0.8717161199531039,0.6716677178670695,0.8682936701151702,0.8682936701151702
-69.58670833333333,43.803333333333335,358,-69.6743,43.7934,1.0366590486632452,0.8717161199531039,0.6716677178670695,0.8682936701151702,0.8682936701151702
-69.58670833333333,43.803333333333335,358,-69.6682,43.7934,1.0366590486632452,0.8717161199531039,0.6716677178670695,0.8682936701151702,0.8682936701151702
-69.58670833333333,43.803333333333335,358,-69.64226,43.82497,1.0366590486632452,0.8717161199531039,0.6716677178670695,0.8682936701151702,0.8682936701151702
-69.58670833333333,43.803333333333335,358,-69.6401,43.82947,1.0366590486632452,0.8717161199531039,0.6716677178670695,0.8682936701151702,0.8682936701151702
-69.58670833333333,43.803333333333335,358,-69.63938,43.82462,1.0366590486632452,0.8717161199531039,0.6716677178670695,0.8682936701151702,0.8682936701151702
-69.58670833333333,43.803333333333335,358,-69.6188,43.82211,1.0366590486632452,0.8717161199531039,0.6716677178670695,0.8682936701151702,0.8682936701151702
-69.58670833333333,43.803333333333335,358,-69.6167,43.8287,1.0366590486632452,0.8717161199531039,0.6716677178670695,0.8682936701151702,0.8682936701151702
-69.58670833333333,43.803333333333335,358,-69.61182,43.820496,1.0366590486632452,0.8717161199531039,0.6716677178670695,0.8682936701151702,0.8682936701151702
-69.58670833333333,43.803333333333335,358,-69.6031,43.79359,1.0366590486632452,0.8717161199531039,0.6716677178670695,0.8682936701151702,0.8682936701151702
-69.58670833333333,43.803333333333335,358,-69.6022,43.76666,1.0366590486632452,0.8717161199531039,0.6716677178670695,0.8682936701151702,0.8682936701151702
-69.58670833333333,43.803333333333335,358,-69.60166,43.7933,1.0366590486632452,0.8717161199531039,0.6716677178670695,0.8682936701151702,0.8682936701151702
-69.58670833333333,43.803333333333335,358,-69.5997,43.7891,1.0366590486632452,0.8717161199531039,0.6716677178670695,0.8682936701151702,0.8682936701151702
-69.58670833333333,43.803333333333335,358,-69.59834,43.79362,1.0366590486632452,0.8717161199531039,0.6716677178670695,0.8682936701151702,0.8682936701151702
-69.58670833333333,43.803333333333335,358,-69.5885,43.77564,1.0366590486632452,0.8717161199531039,0.6716677178670695,0.8682936701151702,0.8682936701151702
-69.58670833333333,43.803333333333335,358,-69.586964,43.771149,1.0366590486632452,0.8717161199531039,0.6716677178670695,0.8682936701151702,0.8682936701151702
-69.58670833333333,43.803333333333335,358,-69.5803,43.77567,1.0366590486632452,0.8717161199531039,0.6716677178670695,0.8682936701151702,0.8682936701151702
-69.58670833333333,43.803333333333335,358,-69.5516,43.8166,1.0366590486632452,0.8717161199531039,0.6716677178670695,0.8682936701151702,0.8682936701151702
-69.58670833333333,43.803333333333335,358,-69.53466,43.86489,1.0366590486632452,0.8717161199531039,0.6716677178670695,0.8682936701151702,0.8682936701151702
-69.58670833333333,43.803333333333335,358,-69.5336,43.8698,1.0366590486632452,0.8717161199531039,0.6716677178670695,0.8682936701151702,0.8682936701151702
-69.58670833333333,43.803333333333335,358,-69.529659,43.862259,1.0366590486632452,0.8717161199531039,0.6716677178670695,0.8682936701151702,0.8682936701151702
-69.58670833333333,43.803333333333335,358,-69.5166,43.83361,1.0366590486632452,0.8717161199531039,0.6716677178670695,0.8682936701151702,0.8682936701151702
-69.58670833333333,43.803333333333335,358,-69.506934,43.835355,1.0366590486632452,0.8717161199531039,0.6716677178670695,0.8682936701151702,0.8682936701151702
-69.58670833333333,43.803333333333335,358,-69.4708,43.8886,1.0366590486632452,0.8717161199531039,0.6716677178670695,0.8682936701151702,0.8682936701151702
-69.58670833333333,43.803333333333335,358,-69.46879,43.88809,1.0366590486632452,0.8717161199531039,0.6716677178670695,0.8682936701151702,0.8682936701151702
-69.58670833333333,43.803333333333335,358,-69.4653,43.8942,1.0366590486632452,0.8717161199531039,0.6716677178670695,0.8682936701151702,0.8682936701151702
-69.58670833333333,43.803333333333335,358,-69.4409,43.8887,1.0366590486632452,0.8717161199531039,0.6716677178670695,0.8682936701151702,0.8682936701151702
-69.58670833333333,43.803333333333335,358,-69.439068,43.884171,1.0366590486632452,0.8717161199531039,0.6716677178670695,0.8682936701151702,0.8682936701151702
-69.58670833333333,43.803333333333335,358,-69.4331,43.88869,1.0366590486632452,0.8717161199531039,0.6716677178670695,0.8682936701151702,0.8682936701151702
-69.58670833333333,43.803333333333335,358,-69.3828,43.91136,1.0366590486632452,0.8717161199531039,0.6716677178670695,0.8682936701151702,0.8682936701151702
-69.58670833333333,43.803333333333335,358,-69.381,43.9147,1.0366590486632452,0.8717161199531039,0.6716677178670695,0.8682936701151702,0.8682936701151702
-69.58670833333333,43.803333333333335,358,-69.37804,43.91571,1.0366590486632452,0.8717161199531039,0.6716677178670695,0.8682936701151702,0.8682936701151702
-69.58670833333333,43.803333333333335,358,-69.378,43.9159,1.0366590486632452,0.8717161199531039,0.6716677178670695,0.8682936701151702,0.8682936701151702
-69.08666666666667,42.80323809523809,409,-68.94351,42.89058,2.025725219514635,1.5333825768651188,1.0114700906985514,1.5064210405757836,1.5064210405757836
-69.08666666666667,43.803333333333335,359,-69.3146,43.9116,1.4243728086683485,1.0985763720026962,0.78406911282926,1.0940073145939424,1.0940073145939424
-69.08666666666667,43.803333333333335,359,-69.3146,43.9196,1.4243728086683485,1.0985763720026962,0.78406911282926,1.0940073145939424,1.0940073145939424
-69.08666666666667,43.803333333333335,359,-69.3091,43.9194,1.4243728086683485,1.0985763720026962,0.78406911282926,1.0940073145939424,1.0940073145939424
-69.08666666666667,43.803333333333335,359,-69.30907,43.91941,1.4243728086683485,1.0985763720026962,0.78406911282926,1.0940073145939424,1.0940073145939424
-69.08666666666667,43.803333333333335,359,-69.306309,43.875586,1.4243728086683485,1.0985763720026962,0.78406911282926,1.0940073145939424,1.0940073145939424
-69.08666666666667,43.803333333333335,359,-69.3008,43.934,1.4243728086683485,1.0985763720026962,0.78406911282926,1.0940073145939424,1.0940073145939424
-69.08666666666667,43.803333333333335,359,-69.30068,43.93412,1.4243728086683485,1.0985763720026962,0.78406911282926,1.0940073145939424,1.0940073145939424
-69.08666666666667,43.803333333333335,359,-69.2962,43.8711,1.4243728086683485,1.0985763720026962,0.78406911282926,1.0940073145939424,1.0940073145939424
-69.08666666666667,43.803333333333335,359,-69.2948,43.87561,1.4243728086683485,1.0985763720026962,0.78406911282926,1.0940073145939424,1.0940073145939424
-69.08666666666667,43.803333333333335,359,-69.2937,43.93324,1.4243728086683485,1.0985763720026962,0.78406911282926,1.0940073145939424,1.0940073145939424
-69.08666666666667,43.803333333333335,359,-69.270683,43.9027,1.4243728086683485,1.0985763720026962,0.78406911282926,1.0940073145939424,1.0940073145939424
-69.08666666666667,43.803333333333335,359,-69.2706,43.9027,1.4243728086683485,1.0985763720026962,0.78406911282926,1.0940073145939424,1.0940073145939424
-69.08666666666667,43.803333333333335,359,-69.2705,43.9072,1.4243728086683485,1.0985763720026962,0.78406911282926,1.0940073145939424,1.0940073145939424
-69.08666666666667,43.803333333333335,359,-69.12922,43.88965,1.4243728086683485,1.0985763720026962,0.78406911282926,1.0940073145939424,1.0940073145939424
-69.08666666666667,43.803333333333335,359,-69.1288,43.8679,1.4243728086683485,1.0985763720026962,0.78406911282926,1.0940073145939424,1.0940073145939424
-69.08666666666667,43.803333333333335,359,-69.1282,43.8942,1.4243728086683485,1.0985763720026962,0.78406911282926,1.0940073145939424,1.0940073145939424
-69.08666666666667,43.803333333333335,359,-69.1277,43.8626,1.4243728086683485,1.0985763720026962,0.78406911282926,1.0940073145939424,1.0940073145939424
-69.08666666666667,43.803333333333335,359,-69.12148,43.86717,1.4243728086683485,1.0985763720026962,0.78406911282926,1.0940073145939424,1.0940073145939424
-69.08666666666667,43.803333333333335,359,-69.1201,43.8897,1.4243728086683485,1.0985763720026962,0.78406911282926,1.0940073145939424,1.0940073145939424
-69.08666666666667,43.803333333333335,359,-69.12,43.8939,1.4243728086683485,1.0985763720026962,0.78406911282926,1.0940073145939424,1.0940073145939424
-69.08666666666667,43.803333333333335,359,-69.0903,43.9798,1.4243728086683485,1.0985763720026962,0.78406911282926,1.0940073145939424,1.0940073145939424
-69.08666666666667,43.803333333333335,359,-69.0841,43.9753,1.4243728086683485,1.0985763720026962,0.78406911282926,1.0940073145939424,1.0940073145939424
-69.08666666666667,43.803333333333335,359,-69.08408,43.97532,1.4243728086683485,1.0985763720026962,0.78406911282926,1.0940073145939424,1.0940073145939424
-69.08666666666667,43.803333333333335,359,-69.07162,44.02038,1.4243728086683485,1.0985763720026962,0.78406911282926,1.0940073145939424,1.0940073145939424
-69.08666666666667,43.803333333333335,359,-69.0716,44.0234,1.4243728086683485,1.0985763720026962,0.78406911282926,1.0940073145939424,1.0940073145939424
-69.08666666666667,43.803333333333335,359,-69.0657,44.02,1.4243728086683485,1.0985763720026962,0.78406911282926,1.0940073145939424,1.0940073145939424
-69.08666666666667,43.803333333333335,359,-69.0653,43.9709,1.4243728086683485,1.0985763720026962,0.78406911282926,1.0940073145939424,1.0940073145939424
-69.08666666666667,43.803333333333335,359,-69.0653,43.9754,1.4243728086683485,1.0985763720026962,0.78406911282926,1.0940073145939424,1.0940073145939424
-69.08666666666667,43.803333333333335,359,-69.0613,43.9718,1.4243728086683485,1.0985763720026962,0.78406911282926,1.0940073145939424,1.0940073145939424
-69.08666666666667,43.803333333333335,359,-68.89541,44.03941,1.4243728086683485,1.0985763720026962,0.78406911282926,1.0940073145939424,1.0940073145939424
-69.08666666666667,43.803333333333335,359,-68.892833,44.039867,1.4243728086683485,1.0985763720026962,0.78406911282926,1.0940073145939424,1.0940073145939424
-69.08666666666667,43.803333333333335,359,-68.89277233333334,44.04001133333333,1.4243728086683485,1.0985763720026962,0.78406911282926,1.0940073145939424,1.0940073145939424
-69.08666666666667,43.803333333333335,359,-68.89272,44.03881,1.4243728086683485,1.0985763720026962,0.78406911282926,1.0940073145939424,1.0940073145939424
-69.08666666666667,43.803333333333335,359,-68.891345,44.0404,1.4243728086683485,1.0985763720026962,0.78406911282926,1.0940073145939424,1.0940073145939424
-69.08666666666667,43.803333333333335,359,-68.86120004,44.02460002,1.4243728086683485,1.0985763720026962,0.78406911282926,1.0940073145939424,1.0940073145939424
-69.08666666666667,43.803333333333335,359,-68.8612,44.0246,1.4243728086683485,1.0985763720026962,0.78406911282926,1.0940073145939424,1.0940073145939424
-69.08666666666667,43.803333333333335,359,-68.8532,44.0256,1.4243728086683485,1.0985763720026962,0.78406911282926,1.0940073145939424,1.0940073145939424
-69.08666666666667,44.30338095238095,334,-69.0611,44.1719,0.9235274042023552,0.7065466006059904,0.5250506188955393,0.7111178327788104,0.7111178327788104
-69.08666666666667,44.30338095238095,334,-69.0609,44.17202,0.9235274042023552,0.7065466006059904,0.5250506188955393,0.7111178327788104,0.7111178327788104
-69.08666666666667,44.30338095238095,334,-69.05934,44.16448,0.9235274042023552,0.7065466006059904,0.5250506188955393,0.7111178327788104,0.7111178327788104
-69.08666666666667,44.30338095238095,334,-69.057,44.1722,0.9235274042023552,0.7065466006059904,0.5250506188955393,0.7111178327788104,0.7111178327788104
-69.08666666666667,44.30338095238095,334,-69.0526,44.0743,0.9235274042023552,0.7065466006059904,0.5250506188955393,0.7111178327788104,0.7111178327788104
-69.08666666666667,44.30338095238095,334,-69.0521,44.079,0.9235274042023552,0.7065466006059904,0.5250506188955393,0.7111178327788104,0.7111178327788104
-69.08666666666667,44.30338095238095,334,-69.04713,44.07907,0.9235274042023552,0.7065466006059904,0.5250506188955393,0.7111178327788104,0.7111178327788104
-69.08666666666667,44.30338095238095,334,-69.0471,44.0791,0.9235274042023552,0.7065466006059904,0.5250506188955393,0.7111178327788104,0.7111178327788104
-69.08666666666667,44.30338095238095,334,-69.0469,44.07448,0.9235274042023552,0.7065466006059904,0.5250506188955393,0.7111178327788104,0.7111178327788104
-69.08666666666667,44.30338095238095,334,-69.0407,44.07,0.9235274042023552,0.7065466006059904,0.5250506188955393,0.7111178327788104,0.7111178327788104
-69.08666666666667,44.30338095238095,334,-69.0407,44.0737,0.9235274042023552,0.7065466006059904,0.5250506188955393,0.7111178327788104,0.7111178327788104
-69.08666666666667,44.30338095238095,334,-69.03446,44.07453,0.9235274042023552,0.7065466006059904,0.5250506188955393,0.7111178327788104,0.7111178327788104
-69.08666666666667,44.30338095238095,334,-68.95551,44.20083,0.9235274042023552,0.7065466006059904,0.5250506188955393,0.7111178327788104,0.7111178327788104
-69.08666666666667,44.30338095238095,334,-68.9553,44.2015,0.9235274042023552,0.7065466006059904,0.5250506188955393,0.7111178327788104,0.7111178327788104
-69.08666666666667,44.30338095238095,334,-68.95215,44.20533,0.9235274042023552,0.7065466006059904,0.5250506188955393,0.7111178327788104,0.7111178327788104
-68.586625,43.803333333333335,360,-68.65365,44.00269,1.6866426377826267,1.261121381241996,0.867044140358229,1.250428460471265,1.250428460471265
-68.586625,43.803333333333335,360,-68.65243,44.005,1.6866426377826267,1.261121381241996,0.867044140358229,1.250428460471265,1.250428460471265
-68.586625,43.803333333333335,360,-68.60991,44.0199,1.6866426377826267,1.261121381241996,0.867044140358229,1.250428460471265,1.250428460471265
-68.586625,43.803333333333335,360,-68.609039,44.015404,1.6866426377826267,1.261121381241996,0.867044140358229,1.250428460471265,1.250428460471265
-68.586625,43.803333333333335,360,-68.6078,44.0149,1.6866426377826267,1.261121381241996,0.867044140358229,1.250428460471265,1.250428460471265
-68.586625,44.30338095238095,335,-68.8086,44.3724,1.1463115570280287,0.8532624703806799,0.6057691319031758,0.8532619774341583,0.8532619774341583
-68.586625,44.30338095238095,335,-68.8022,44.3723,1.1463115570280287,0.8532624703806799,0.6057691319031758,0.8532619774341583,0.8532619774341583
-68.586625,44.30338095238095,335,-68.7986,44.3762,1.1463115570280287,0.8532624703806799,0.6057691319031758,0.8532619774341583,0.8532619774341583
-68.586625,44.30338095238095,335,-68.7964,44.1928,1.1463115570280287,0.8532624703806799,0.6057691319031758,0.8532619774341583,0.8532619774341583
-68.586625,44.30338095238095,335,-68.7842,44.1911,1.1463115570280287,0.8532624703806799,0.6057691319031758,0.8532619774341583,0.8532619774341583
-68.586625,44.30338095238095,335,-68.78413,44.191160000000004,1.1463115570280287,0.8532624703806799,0.6057691319031758,0.8532619774341583,0.8532619774341583
-68.586625,44.30338095238095,335,-68.67213,44.06534,1.1463115570280287,0.8532624703806799,0.6057691319031758,0.8532619774341583,0.8532619774341583
-68.586625,44.30338095238095,335,-68.6709,44.0731,1.1463115570280287,0.8532624703806799,0.6057691319031758,0.8532619774341583,0.8532619774341583
-68.586625,44.30338095238095,335,-68.6139,44.1575,1.1463115570280287,0.8532624703806799,0.6057691319031758,0.8532619774341583,0.8532619774341583
-68.586625,44.30338095238095,335,-68.61084,44.15751,1.1463115570280287,0.8532624703806799,0.6057691319031758,0.8532619774341583,0.8532619774341583
-68.586625,44.30338095238095,335,-68.6092,44.15495,1.1463115570280287,0.8532624703806799,0.6057691319031758,0.8532619774341583,0.8532619774341583
-68.586625,44.30338095238095,335,-68.5848,44.0603,1.1463115570280287,0.8532624703806799,0.6057691319031758,0.8532619774341583,0.8532619774341583
-68.586625,44.30338095238095,335,-68.58426,44.14128,1.1463115570280287,0.8532624703806799,0.6057691319031758,0.8532619774341583,0.8532619774341583
-68.586625,44.30338095238095,335,-68.5842,44.1491,1.1463115570280287,0.8532624703806799,0.6057691319031758,0.8532619774341583,0.8532619774341583
-68.586625,44.30338095238095,335,-68.5841,44.15877,1.1463115570280287,0.8532624703806799,0.6057691319031758,0.8532619774341583,0.8532619774341583
-68.586625,44.30338095238095,335,-68.578571,44.055712,1.1463115570280287,0.8532624703806799,0.6057691319031758,0.8532619774341583,0.8532619774341583
-68.586625,44.30338095238095,335,-68.5785,44.0602,1.1463115570280287,0.8532624703806799,0.6057691319031758,0.8532619774341583,0.8532619774341583
-68.586625,44.30338095238095,335,-68.5783,44.1555,1.1463115570280287,0.8532624703806799,0.6057691319031758,0.8532619774341583,0.8532619774341583
-68.586625,44.30338095238095,335,-68.578,44.1457,1.1463115570280287,0.8532624703806799,0.6057691319031758,0.8532619774341583,0.8532619774341583
-68.586625,44.30338095238095,335,-68.5777,44.159,1.1463115570280287,0.8532624703806799,0.6057691319031758,0.8532619774341583,0.8532619774341583
-68.586625,44.30338095238095,335,-68.49663,44.16329,1.1463115570280287,0.8532624703806799,0.6057691319031758,0.8532619774341583,0.8532619774341583
-68.586625,44.30338095238095,335,-68.49657,44.16321,1.1463115570280287,0.8532624703806799,0.6057691319031758,0.8532619774341583,0.8532619774341583
-68.586625,44.30338095238095,335,-68.494,44.1667,1.1463115570280287,0.8532624703806799,0.6057691319031758,0.8532619774341583,0.8532619774341583
-68.586625,44.30338095238095,335,-68.48462,44.09559,1.1463115570280287,0.8532624703806799,0.6057691319031758,0.8532619774341583,0.8532619774341583
-68.586625,44.30338095238095,335,-68.4846,44.1001,1.1463115570280287,0.8532624703806799,0.6057691319031758,0.8532619774341583,0.8532619774341583
-68.586625,44.30338095238095,335,-68.4789,44.0999,1.1463115570280287,0.8532624703806799,0.6057691319031758,0.8532619774341583,0.8532619774341583
-68.586625,44.30338095238095,335,-68.47401,44.37805,1.1463115570280287,0.8532624703806799,0.6057691319031758,0.8532619774341583,0.8532619774341583
-68.586625,44.30338095238095,335,-68.4696,44.378,1.1463115570280287,0.8532624703806799,0.6057691319031758,0.8532619774341583,0.8532619774341583
-68.586625,44.30338095238095,335,-68.4637,44.3791,1.1463115570280287,0.8532624703806799,0.6057691319031758,0.8532619774341583,0.8532619774341583
-68.586625,44.30338095238095,335,-68.43279,44.29333,1.1463115570280287,0.8532624703806799,0.6057691319031758,0.8532619774341583,0.8532619774341583
-68.586625,44.30338095238095,335,-68.43277,44.29782,1.1463115570280287,0.8532624703806799,0.6057691319031758,0.8532619774341583,0.8532619774341583
-68.586625,44.30338095238095,335,-68.4275,44.2933,1.1463115570280287,0.8532624703806799,0.6057691319031758,0.8532619774341583,0.8532619774341583
-68.586625,44.30338095238095,335,-68.4135,44.13053,1.1463115570280287,0.8532624703806799,0.6057691319031758,0.8532619774341583,0.8532619774341583
-68.586625,44.30338095238095,335,-68.413,44.1876,1.1463115570280287,0.8532624703806799,0.6057691319031758,0.8532619774341583,0.8532619774341583
-68.586625,44.30338095238095,335,-68.41244,44.18516,1.1463115570280287,0.8532624703806799,0.6057691319031758,0.8532619774341583,0.8532619774341583
-68.586625,44.30338095238095,335,-68.408779,44.189623,1.1463115570280287,0.8532624703806799,0.6057691319031758,0.8532619774341583,0.8532619774341583
-68.586625,44.30338095238095,335,-68.40311,44.13106,1.1463115570280287,0.8532624703806799,0.6057691319031758,0.8532619774341583,0.8532619774341583
-68.586625,44.30338095238095,335,-68.4031,44.1355,1.1463115570280287,0.8532624703806799,0.6057691319031758,0.8532619774341583,0.8532619774341583
-68.586625,44.30338095238095,335,-68.3433333,44.1033333,1.1463115570280287,0.8532624703806799,0.6057691319031758,0.8532619774341583,0.8532619774341583
-68.586625,44.30338095238095,335,-68.31394,44.32727,1.1463115570280287,0.8532624703806799,0.6057691319031758,0.8532619774341583,0.8532619774341583
-68.586625,44.30338095238095,335,-68.306004,44.333,1.1463115570280287,0.8532624703806799,0.6057691319031758,0.8532619774341583,0.8532619774341583
-68.586625,44.30338095238095,335,-68.306,44.333,1.1463115570280287,0.8532624703806799,0.6057691319031758,0.8532619774341583,0.8532619774341583
-68.586625,44.30338095238095,335,-68.27,44.2762,1.1463115570280287,0.8532624703806799,0.6057691319031758,0.8532619774341583,0.8532619774341583
-68.586625,44.30338095238095,335,-68.26944,44.270626,1.1463115570280287,0.8532624703806799,0.6057691319031758,0.8532619774341583,0.8532619774341583
-68.586625,44.30338095238095,335,-68.26386,44.27057,1.1463115570280287,0.8532624703806799,0.6057691319031758,0.8532619774341583,0.8532619774341583
-68.586625,44.30338095238095,335,-68.2516667,44.1466667,1.1463115570280287,0.8532624703806799,0.6057691319031758,0.8532619774341583,0.8532619774341583
-68.586625,44.30338095238095,335,-68.2494,44.171,1.1463115570280287,0.8532624703806799,0.6057691319031758,0.8532619774341583,0.8532619774341583
-68.586625,44.30338095238095,335,-68.24911,44.17505,1.1463115570280287,0.8532624703806799,0.6057691319031758,0.8532619774341583,0.8532619774341583
-68.586625,44.30338095238095,335,-68.2483333,44.1733333,1.1463115570280287,0.8532624703806799,0.6057691319031758,0.8532619774341583,0.8532619774341583
-68.586625,44.30338095238095,335,-68.2458,44.1707,1.1463115570280287,0.8532624703806799,0.6057691319031758,0.8532619774341583,0.8532619774341583
-68.586625,44.30338095238095,335,-68.245216,44.237915,1.1463115570280287,0.8532624703806799,0.6057691319031758,0.8532619774341583,0.8532619774341583
-68.586625,44.30338095238095,335,-68.2452,44.2376,1.1463115570280287,0.8532624703806799,0.6057691319031758,0.8532619774341583,0.8532619774341583
-68.586625,44.30338095238095,335,-68.23991,44.17499,1.1463115570280287,0.8532624703806799,0.6057691319031758,0.8532619774341583,0.8532619774341583
-68.586625,44.30338095238095,335,-68.2391,44.2379,1.1463115570280287,0.8532624703806799,0.6057691319031758,0.8532619774341583,0.8532619774341583
-68.586625,44.30338095238095,335,-68.2096,44.239,1.1463115570280287,0.8532624703806799,0.6057691319031758,0.8532619774341583,0.8532619774341583
-68.586625,44.30338095238095,335,-68.2079,44.2423,1.1463115570280287,0.8532624703806799,0.6057691319031758,0.8532619774341583,0.8532619774341583
-68.586625,44.30338095238095,335,-68.2066667,44.2383333,1.1463115570280287,0.8532624703806799,0.6057691319031758,0.8532619774341583,0.8532619774341583
-68.586625,44.30338095238095,335,-68.2048,44.2371,1.1463115570280287,0.8532624703806799,0.6057691319031758,0.8532619774341583,0.8532619774341583
-68.586625,44.30338095238095,335,-68.1934,44.3065,1.1463115570280287,0.8532624703806799,0.6057691319031758,0.8532619774341583,0.8532619774341583
-68.586625,44.30338095238095,335,-68.18947,44.31419,1.1463115570280287,0.8532624703806799,0.6057691319031758,0.8532619774341583,0.8532619774341583
-68.586625,44.30338095238095,335,-68.1869,44.3099,1.1463115570280287,0.8532624703806799,0.6057691319031758,0.8532619774341583,0.8532619774341583
-68.586625,44.30338095238095,335,-68.18109,44.36367,1.1463115570280287,0.8532624703806799,0.6057691319031758,0.8532619774341583,0.8532619774341583
-68.586625,44.30338095238095,335,-68.181,44.3638,1.1463115570280287,0.8532624703806799,0.6057691319031758,0.8532619774341583,0.8532619774341583
-68.586625,44.30338095238095,335,-68.1757,44.3636,1.1463115570280287,0.8532624703806799,0.6057691319031758,0.8532619774341583,0.8532619774341583
-68.586625,44.30338095238095,335,-68.17277,44.46287,1.1463115570280287,0.8532624703806799,0.6057691319031758,0.8532619774341583,0.8532619774341583
-68.586625,44.30338095238095,335,-68.1669,44.4623,1.1463115570280287,0.8532624703806799,0.6057691319031758,0.8532619774341583,0.8532619774341583
-68.586625,44.30338095238095,335,-68.16106,44.47173,1.1463115570280287,0.8532624703806799,0.6057691319031758,0.8532619774341583,0.8532619774341583
-68.586625,44.30338095238095,335,-68.1609,44.4626,1.1463115570280287,0.8532624703806799,0.6057691319031758,0.8532619774341583,0.8532619774341583
-68.586625,44.30338095238095,335,-68.1608,44.46708,1.1463115570280287,0.8532624703806799,0.6057691319031758,0.8532619774341583,0.8532619774341583
-68.586625,44.30338095238095,335,-68.1566,44.46178,1.1463115570280287,0.8532624703806799,0.6057691319031758,0.8532619774341583,0.8532619774341583
-68.586625,44.30338095238095,335,-68.1566,44.4618,1.1463115570280287,0.8532624703806799,0.6057691319031758,0.8532619774341583,0.8532619774341583
-68.586625,44.30338095238095,335,-68.1552,44.4658,1.1463115570280287,0.8532624703806799,0.6057691319031758,0.8532619774341583,0.8532619774341583
-68.586625,44.30338095238095,335,-68.15455,44.46621,1.1463115570280287,0.8532624703806799,0.6057691319031758,0.8532619774341583,0.8532619774341583
-68.586625,44.30338095238095,335,-68.1443,44.3954,1.1463115570280287,0.8532624703806799,0.6057691319031758,0.8532619774341583,0.8532619774341583
-68.586625,44.30338095238095,335,-68.14297,44.39943,1.1463115570280287,0.8532624703806799,0.6057691319031758,0.8532619774341583,0.8532619774341583
-68.586625,44.30338095238095,335,-68.1394,44.4002,1.1463115570280287,0.8532624703806799,0.6057691319031758,0.8532619774341583,0.8532619774341583
-68.586625,44.30338095238095,335,-68.13937,44.40024,1.1463115570280287,0.8532624703806799,0.6057691319031758,0.8532619774341583,0.8532619774341583
-68.586625,44.30338095238095,335,-68.1363,44.4175,1.1463115570280287,0.8532624703806799,0.6057691319031758,0.8532619774341583,0.8532619774341583
-68.586625,44.30338095238095,335,-68.1358,44.4258,1.1463115570280287,0.8532624703806799,0.6057691319031758,0.8532619774341583,0.8532619774341583
-68.586625,44.30338095238095,335,-68.1349,44.4174,1.1463115570280287,0.8532624703806799,0.6057691319031758,0.8532619774341583,0.8532619774341583
-68.586625,44.30338095238095,335,-68.1319,44.4123,1.1463115570280287,0.8532624703806799,0.6057691319031758,0.8532619774341583,0.8532619774341583
-68.586625,44.30338095238095,335,-68.1314,44.41286,1.1463115570280287,0.8532624703806799,0.6057691319031758,0.8532619774341583,0.8532619774341583
-68.586625,44.30338095238095,335,-68.13,44.41907,1.1463115570280287,0.8532624703806799,0.6057691319031758,0.8532619774341583,0.8532619774341583
-68.586625,44.30338095238095,335,-68.1298,44.4192,1.1463115570280287,0.8532624703806799,0.6057691319031758,0.8532619774341583,0.8532619774341583
-68.586625,44.30338095238095,335,-68.1057,44.3677,1.1463115570280287,0.8532624703806799,0.6057691319031758,0.8532619774341583,0.8532619774341583
-68.586625,44.30338095238095,335,-68.10566,44.36767,1.1463115570280287,0.8532624703806799,0.6057691319031758,0.8532619774341583,0.8532619774341583
-68.586625,44.30338095238095,335,-68.1054,44.3632,1.1463115570280287,0.8532624703806799,0.6057691319031758,0.8532619774341583,0.8532619774341583
-68.586625,44.30338095238095,335,-68.0996,44.35412,1.1463115570280287,0.8532624703806799,0.6057691319031758,0.8532619774341583,0.8532619774341583
-68.586625,44.30338095238095,335,-68.0985,44.3641,1.1463115570280287,0.8532624703806799,0.6057691319031758,0.8532619774341583,0.8532619774341583
-68.586625,44.30338095238095,335,-68.093441,44.349586,1.1463115570280287,0.8532624703806799,0.6057691319031758,0.8532619774341583,0.8532619774341583
-68.586625,44.30338095238095,335,-68.0934,44.3541,1.1463115570280287,0.8532624703806799,0.6057691319031758,0.8532619774341583,0.8532619774341583
-68.586625,44.30338095238095,335,-68.0934,44.3677,1.1463115570280287,0.8532624703806799,0.6057691319031758,0.8532619774341583,0.8532619774341583
-68.586625,44.30338095238095,335,-68.0932,44.3631,1.1463115570280287,0.8532624703806799,0.6057691319031758,0.8532619774341583,0.8532619774341583
-68.586625,44.30338095238095,335,-68.087,44.363,1.1463115570280287,0.8532624703806799,0.6057691319031758,0.8532619774341583,0.8532619774341583
-68.586625,44.30338095238095,335,-68.07843500000001,44.368210000000005,1.1463115570280287,0.8532624703806799,0.6057691319031758,0.8532619774341583,0.8532619774341583
-68.586625,44.30338095238095,335,-68.0781,44.3631,1.1463115570280287,0.8532624703806799,0.6057691319031758,0.8532619774341583,0.8532619774341583
-68.586625,44.30338095238095,335,-68.077935,44.36811,1.1463115570280287,0.8532624703806799,0.6057691319031758,0.8532619774341583,0.8532619774341583
-68.586625,44.30338095238095,335,-68.077,44.37017,1.1463115570280287,0.8532624703806799,0.6057691319031758,0.8532619774341583,0.8532619774341583
-68.586625,44.30338095238095,335,-68.0769,44.36297,1.1463115570280287,0.8532624703806799,0.6057691319031758,0.8532619774341583,0.8532619774341583
-68.586625,44.30338095238095,335,-68.0553,44.3358,1.1463115570280287,0.8532624703806799,0.6057691319031758,0.8532619774341583,0.8532619774341583
-68.586625,44.30338095238095,335,-68.0525,44.3345,1.1463115570280287,0.8532624703806799,0.6057691319031758,0.8532619774341583,0.8532619774341583
-68.586625,44.30338095238095,335,-68.0515,44.33128,1.1463115570280287,0.8532624703806799,0.6057691319031758,0.8532619774341583,0.8532619774341583
-68.586625,44.30338095238095,335,-68.04249,44.34023,1.1463115570280287,0.8532624703806799,0.6057691319031758,0.8532619774341583,0.8532619774341583
-68.586625,44.30338095238095,335,-68.03724,44.3357,1.1463115570280287,0.8532624703806799,0.6057691319031758,0.8532619774341583,0.8532619774341583
-68.586625,44.30338095238095,335,-68.0372,44.3357,1.1463115570280287,0.8532624703806799,0.6057691319031758,0.8532619774341583,0.8532619774341583
-68.586625,44.30338095238095,335,-68.0129,44.3851,1.1463115570280287,0.8532624703806799,0.6057691319031758,0.8532619774341583,0.8532619774341583
-68.586625,44.30338095238095,335,-68.0125,44.3939,1.1463115570280287,0.8532624703806799,0.6057691319031758,0.8532619774341583,0.8532619774341583
-68.586625,44.30338095238095,335,-68.0124,44.3896,1.1463115570280287,0.8532624703806799,0.6057691319031758,0.8532619774341583,0.8532619774341583
-68.586625,44.30338095238095,335,-67.9976,44.3669,1.1463115570280287,0.8532624703806799,0.6057691319031758,0.8532619774341583,0.8532619774341583
-68.586625,44.30338095238095,335,-67.9928,44.3669,1.1463115570280287,0.8532624703806799,0.6057691319031758,0.8532619774341583,0.8532619774341583
-68.586625,44.30338095238095,335,-67.9865,44.36687,1.1463115570280287,0.8532624703806799,0.6057691319031758,0.8532619774341583,0.8532619774341583
-68.586625,44.30338095238095,335,-67.9823,44.3668,1.1463115570280287,0.8532624703806799,0.6057691319031758,0.8532619774341583,0.8532619774341583
-68.586625,44.30338095238095,335,-67.978165,44.366816,1.1463115570280287,0.8532624703806799,0.6057691319031758,0.8532619774341583,0.8532619774341583
-68.586625,44.30338095238095,335,-67.974,44.3668,1.1463115570280287,0.8532624703806799,0.6057691319031758,0.8532619774341583,0.8532619774341583
-68.586625,44.30338095238095,335,-67.9674,44.3891,1.1463115570280287,0.8532624703806799,0.6057691319031758,0.8532619774341583,0.8532619774341583
-68.586625,44.30338095238095,335,-67.967266,44.389,1.1463115570280287,0.8532624703806799,0.6057691319031758,0.8532619774341583,0.8532619774341583
-68.586625,44.30338095238095,335,-67.96422,44.389065,1.1463115570280287,0.8532624703806799,0.6057691319031758,0.8532619774341583,0.8532619774341583
-68.586625,44.30338095238095,335,-67.961,44.3892,1.1463115570280287,0.8532624703806799,0.6057691319031758,0.8532619774341583,0.8532619774341583
-68.586625,44.30338095238095,335,-67.9509,44.3973,1.1463115570280287,0.8532624703806799,0.6057691319031758,0.8532619774341583,0.8532619774341583
-68.586625,44.30338095238095,335,-67.95086,44.39761,1.1463115570280287,0.8532624703806799,0.6057691319031758,0.8532619774341583,0.8532619774341583
-68.586625,44.30338095238095,335,-67.94713,44.39865,1.1463115570280287,0.8532624703806799,0.6057691319031758,0.8532619774341583,0.8532619774341583
-68.586625,44.30338095238095,335,-67.942669,44.398499,1.1463115570280287,0.8532624703806799,0.6057691319031758,0.8532619774341583,0.8532619774341583
-68.586625,44.30338095238095,335,-67.9418,44.4116,1.1463115570280287,0.8532624703806799,0.6057691319031758,0.8532619774341583,0.8532619774341583
-68.586625,44.30338095238095,335,-67.9402,44.40708,1.1463115570280287,0.8532624703806799,0.6057691319031758,0.8532619774341583,0.8532619774341583
-68.586625,44.30338095238095,335,-67.94,44.4072,1.1463115570280287,0.8532624703806799,0.6057691319031758,0.8532619774341583,0.8532619774341583
-68.586625,44.30338095238095,335,-67.9366,44.4051,1.1463115570280287,0.8532624703806799,0.6057691319031758,0.8532619774341583,0.8532619774341583
-68.586625,44.30338095238095,335,-67.93636,44.36204,1.1463115570280287,0.8532624703806799,0.6057691319031758,0.8532619774341583,0.8532619774341583
-68.586625,44.30338095238095,335,-67.93627,44.36654,1.1463115570280287,0.8532624703806799,0.6057691319031758,0.8532619774341583,0.8532619774341583
-68.586625,44.30338095238095,335,-67.9344,44.3644,1.1463115570280287,0.8532624703806799,0.6057691319031758,0.8532619774341583,0.8532619774341583
-68.586625,44.30338095238095,335,-67.93169,44.40701,1.1463115570280287,0.8532624703806799,0.6057691319031758,0.8532619774341583,0.8532619774341583
-68.586625,44.30338095238095,335,-67.9299,44.36649,1.1463115570280287,0.8532624703806799,0.6057691319031758,0.8532619774341583,0.8532619774341583
-68.586625,44.30338095238095,335,-67.9298,44.4115,1.1463115570280287,0.8532624703806799,0.6057691319031758,0.8532619774341583,0.8532619774341583
-68.586625,44.30338095238095,335,-67.929,44.4161,1.1463115570280287,0.8532624703806799,0.6057691319031758,0.8532619774341583,0.8532619774341583
-68.586625,44.30338095238095,335,-67.92899,44.41602,1.1463115570280287,0.8532624703806799,0.6057691319031758,0.8532619774341583,0.8532619774341583
-68.586625,44.30338095238095,335,-67.8796,44.37516,1.1463115570280287,0.8532624703806799,0.6057691319031758,0.8532619774341583,0.8532619774341583
-68.586625,44.30338095238095,335,-67.87349,44.37062,1.1463115570280287,0.8532624703806799,0.6057691319031758,0.8532619774341583,0.8532619774341583
-68.586625,44.30338095238095,335,-67.8733,44.3796,1.1463115570280287,0.8532624703806799,0.6057691319031758,0.8532619774341583,0.8532619774341583
-68.586625,44.30338095238095,335,-67.872879,44.402128,1.1463115570280287,0.8532624703806799,0.6057691319031758,0.8532619774341583,0.8532619774341583
-68.586625,44.30338095238095,335,-67.8728,44.4066,1.1463115570280287,0.8532624703806799,0.6057691319031758,0.8532619774341583,0.8532619774341583
-68.586625,44.30338095238095,335,-67.86653,44.40659,1.1463115570280287,0.8532624703806799,0.6057691319031758,0.8532619774341583,0.8532619774341583
-68.586625,44.30338095238095,335,-67.858173,44.442547,1.1463115570280287,0.8532624703806799,0.6057691319031758,0.8532619774341583,0.8532619774341583
-68.586625,44.30338095238095,335,-67.8581,44.4424,1.1463115570280287,0.8532624703806799,0.6057691319031758,0.8532619774341583,0.8532619774341583
-68.586625,44.30338095238095,335,-67.85321,44.44721,1.1463115570280287,0.8532624703806799,0.6057691319031758,0.8532619774341583,0.8532619774341583
-68.586625,44.30338095238095,335,-67.8477,44.42447,1.1463115570280287,0.8532624703806799,0.6057691319031758,0.8532619774341583,0.8532619774341583
-68.586625,44.30338095238095,335,-67.8476,44.429,1.1463115570280287,0.8532624703806799,0.6057691319031758,0.8532619774341583,0.8532619774341583
-68.586625,44.30338095238095,335,-67.84725,44.4215,1.1463115570280287,0.8532624703806799,0.6057691319031758,0.8532619774341583,0.8532619774341583
-67.58654166666668,49.30385714285715,87,-67.69881,49.30265,0.7459652821222941,0.5160247683525085,0.30970793338049024,0.5069024482288876,0.5069024482288876
-67.58654166666668,49.30385714285715,87,-67.69877,49.30217,0.7459652821222941,0.5160247683525085,0.30970793338049024,0.5069024482288876,0.5069024482288876
-67.58654166666668,49.30385714285715,87,-67.69233,49.302123333333334,0.7459652821222941,0.5160247683525085,0.30970793338049024,0.5069024482288876,0.5069024482288876
-67.58654166666668,49.30385714285715,87,-67.69227333333333,49.30240333333333,0.7459652821222941,0.5160247683525085,0.30970793338049024,0.5069024482288876,0.5069024482288876
-67.58654166666668,49.30385714285715,87,-67.68909,49.30186,0.7459652821222941,0.5160247683525085,0.30970793338049024,0.5069024482288876,0.5069024482288876
-67.58654166666668,49.30385714285715,87,-67.68905749999999,49.30219,0.7459652821222941,0.5160247683525085,0.30970793338049024,0.5069024482288876,0.5069024482288876
-67.58654166666668,49.30385714285715,87,-67.68902499999999,49.30252,0.7459652821222941,0.5160247683525085,0.30970793338049024,0.5069024482288876,0.5069024482288876
-67.58654166666668,49.30385714285715,87,-67.689005,49.30228,0.7459652821222941,0.5160247683525085,0.30970793338049024,0.5069024482288876,0.5069024482288876
-67.58654166666668,49.30385714285715,87,-67.68580666666666,49.302036666666666,0.7459652821222941,0.5160247683525085,0.30970793338049024,0.5069024482288876,0.5069024482288876
-67.58654166666668,49.30385714285715,87,-67.68263666666667,49.301653333333334,0.7459652821222941,0.5160247683525085,0.30970793338049024,0.5069024482288876,0.5069024482288876
-67.58654166666668,49.30385714285715,87,-67.67941,49.30155,0.7459652821222941,0.5160247683525085,0.30970793338049024,0.5069024482288876,0.5069024482288876
-67.0865,44.30338095238095,338,-67.8258,44.4423,1.6357686143451267,1.2069519930057697,0.8293415960427877,1.1715971564387415,1.1715971564387415
-67.0865,44.30338095238095,338,-67.82168,44.4423,1.6357686143451267,1.2069519930057697,0.8293415960427877,1.1715971564387415,1.1715971564387415
-67.0865,44.30338095238095,338,-67.8216,44.446,1.6357686143451267,1.2069519930057697,0.8293415960427877,1.1715971564387415,1.1715971564387415
-67.0865,44.30338095238095,338,-67.8209,44.4421,1.6357686143451267,1.2069519930057697,0.8293415960427877,1.1715971564387415,1.1715971564387415
-67.0865,44.30338095238095,338,-67.8143,44.48277,1.6357686143451267,1.2069519930057697,0.8293415960427877,1.1715971564387415,1.1715971564387415
-67.0865,44.30338095238095,338,-67.80993,44.47852,1.6357686143451267,1.2069519930057697,0.8293415960427877,1.1715971564387415,1.1715971564387415
-67.0865,44.30338095238095,338,-67.8083,44.4827,1.6357686143451267,1.2069519930057697,0.8293415960427877,1.1715971564387415,1.1715971564387415
-67.0865,44.30338095238095,338,-67.808296,44.482742,1.6357686143451267,1.2069519930057697,0.8293415960427877,1.1715971564387415,1.1715971564387415
-67.0865,44.30338095238095,338,-67.8018,44.4824,1.6357686143451267,1.2069519930057697,0.8293415960427877,1.1715971564387415,1.1715971564387415
-67.0865,44.30338095238095,338,-67.7897,44.4736,1.6357686143451267,1.2069519930057697,0.8293415960427877,1.1715971564387415,1.1715971564387415
-67.0865,44.30338095238095,338,-67.7859,44.4718,1.6357686143451267,1.2069519930057697,0.8293415960427877,1.1715971564387415,1.1715971564387415
-67.0865,44.30338095238095,338,-67.763393,44.495928,1.6357686143451267,1.2069519930057697,0.8293415960427877,1.1715971564387415,1.1715971564387415
-67.0865,44.30338095238095,338,-67.7582,44.4994,1.6357686143451267,1.2069519930057697,0.8293415960427877,1.1715971564387415,1.1715971564387415
-67.0865,44.30338095238095,338,-67.75206,44.49585,1.6357686143451267,1.2069519930057697,0.8293415960427877,1.1715971564387415,1.1715971564387415
-67.0865,44.30338095238095,338,-67.75111,44.48045,1.6357686143451267,1.2069519930057697,0.8293415960427877,1.1715971564387415,1.1715971564387415
-67.0865,44.30338095238095,338,-67.7444,44.4823,1.6357686143451267,1.2069519930057697,0.8293415960427877,1.1715971564387415,1.1715971564387415
-67.0865,44.30338095238095,338,-67.73913,44.48227,1.6357686143451267,1.2069519930057697,0.8293415960427877,1.1715971564387415,1.1715971564387415
-67.0865,44.30338095238095,338,-67.7014,44.48202,1.6357686143451267,1.2069519930057697,0.8293415960427877,1.1715971564387415,1.1715971564387415
-67.0865,44.30338095238095,338,-67.691265,44.481953,1.6357686143451267,1.2069519930057697,0.8293415960427877,1.1715971564387415,1.1715971564387415
-67.0865,44.30338095238095,338,-67.69122,44.48499,1.6357686143451267,1.2069519930057697,0.8293415960427877,1.1715971564387415,1.1715971564387415
-67.0865,44.30338095238095,338,-67.6783333,44.4616667,1.6357686143451267,1.2069519930057697,0.8293415960427877,1.1715971564387415,1.1715971564387415
-67.0865,44.30338095238095,338,-67.6766,44.4721,1.6357686143451267,1.2069519930057697,0.8293415960427877,1.1715971564387415,1.1715971564387415
-67.0865,44.30338095238095,338,-67.67655,44.47481,1.6357686143451267,1.2069519930057697,0.8293415960427877,1.1715971564387415,1.1715971564387415
-67.0865,44.30338095238095,338,-67.676289,44.486357,1.6357686143451267,1.2069519930057697,0.8293415960427877,1.1715971564387415,1.1715971564387415
-67.0865,44.30338095238095,338,-67.6705,44.489,1.6357686143451267,1.2069519930057697,0.8293415960427877,1.1715971564387415,1.1715971564387415
-67.0865,44.30338095238095,338,-67.6686,44.4746,1.6357686143451267,1.2069519930057697,0.8293415960427877,1.1715971564387415,1.1715971564387415
-67.0865,44.30338095238095,338,-67.6678,44.4896,1.6357686143451267,1.2069519930057697,0.8293415960427877,1.1715971564387415,1.1715971564387415
-67.0865,44.30338095238095,338,-67.6664,44.4747,1.6357686143451267,1.2069519930057697,0.8293415960427877,1.1715971564387415,1.1715971564387415
-67.0865,44.30338095238095,338,-67.6638,44.4862,1.6357686143451267,1.2069519930057697,0.8293415960427877,1.1715971564387415,1.1715971564387415
-67.0865,44.30338095238095,338,-67.6633333,44.4833333,1.6357686143451267,1.2069519930057697,0.8293415960427877,1.1715971564387415,1.1715971564387415
-67.0865,44.30338095238095,338,-67.65292,44.491517,1.6357686143451267,1.2069519930057697,0.8293415960427877,1.1715971564387415,1.1715971564387415
-67.0865,44.30338095238095,338,-67.637,44.4863,1.6357686143451267,1.2069519930057697,0.8293415960427877,1.1715971564387415,1.1715971564387415
-67.0865,44.30338095238095,338,-67.6366667,44.4916667,1.6357686143451267,1.2069519930057697,0.8293415960427877,1.1715971564387415,1.1715971564387415
-67.0865,44.30338095238095,338,-67.636499,44.490295,1.6357686143451267,1.2069519930057697,0.8293415960427877,1.1715971564387415,1.1715971564387415
-67.0865,44.30338095238095,338,-67.63622,44.50124,1.6357686143451267,1.2069519930057697,0.8293415960427877,1.1715971564387415,1.1715971564387415
-67.0865,44.30338095238095,338,-67.6361,44.5012,1.6357686143451267,1.2069519930057697,0.8293415960427877,1.1715971564387415,1.1715971564387415
-67.0865,44.30338095238095,338,-67.635,44.4916667,1.6357686143451267,1.2069519930057697,0.8293415960427877,1.1715971564387415,1.1715971564387415
-67.0865,44.30338095238095,338,-67.6335,44.4916,1.6357686143451267,1.2069519930057697,0.8293415960427877,1.1715971564387415,1.1715971564387415
-67.0865,44.30338095238095,338,-67.6331,44.49108,1.6357686143451267,1.2069519930057697,0.8293415960427877,1.1715971564387415,1.1715971564387415
-67.0865,44.30338095238095,338,-67.63207,44.48624,1.6357686143451267,1.2069519930057697,0.8293415960427877,1.1715971564387415,1.1715971564387415
-67.0865,44.30338095238095,338,-67.631863,44.494688,1.6357686143451267,1.2069519930057697,0.8293415960427877,1.1715971564387415,1.1715971564387415
-67.0865,44.30338095238095,338,-67.6276,44.4901,1.6357686143451267,1.2069519930057697,0.8293415960427877,1.1715971564387415,1.1715971564387415
-67.0865,44.30338095238095,338,-67.624035,44.463898,1.6357686143451267,1.2069519930057697,0.8293415960427877,1.1715971564387415,1.1715971564387415
-67.0865,44.30338095238095,338,-67.5794,44.4903,1.6357686143451267,1.2069519930057697,0.8293415960427877,1.1715971564387415,1.1715971564387415
-67.0865,44.30338095238095,338,-67.579377,44.490267,1.6357686143451267,1.2069519930057697,0.8293415960427877,1.1715971564387415,1.1715971564387415
-67.0865,44.30338095238095,338,-67.5772,44.4855,1.6357686143451267,1.2069519930057697,0.8293415960427877,1.1715971564387415,1.1715971564387415
-67.0865,44.30338095238095,338,-67.56432,44.48813,1.6357686143451267,1.2069519930057697,0.8293415960427877,1.1715971564387415,1.1715971564387415
-67.0865,44.30338095238095,338,-67.5636,44.5513,1.6357686143451267,1.2069519930057697,0.8293415960427877,1.1715971564387415,1.1715971564387415
-67.0865,44.30338095238095,338,-67.5632,44.5473,1.6357686143451267,1.2069519930057697,0.8293415960427877,1.1715971564387415,1.1715971564387415
-67.0865,44.30338095238095,338,-67.56276,44.54756,1.6357686143451267,1.2069519930057697,0.8293415960427877,1.1715971564387415,1.1715971564387415
-67.0865,44.30338095238095,338,-67.55694,44.48321,1.6357686143451267,1.2069519930057697,0.8293415960427877,1.1715971564387415,1.1715971564387415
-67.0865,44.30338095238095,338,-67.556755,44.490294,1.6357686143451267,1.2069519930057697,0.8293415960427877,1.1715971564387415,1.1715971564387415
-67.0865,44.30338095238095,338,-67.5554,44.5457,1.6357686143451267,1.2069519930057697,0.8293415960427877,1.1715971564387415,1.1715971564387415
-67.0865,44.30338095238095,338,-67.5553,44.54572,1.6357686143451267,1.2069519930057697,0.8293415960427877,1.1715971564387415,1.1715971564387415
-67.0865,44.30338095238095,338,-67.5366,44.5296,1.6357686143451267,1.2069519930057697,0.8293415960427877,1.1715971564387415,1.1715971564387415
-67.0865,44.30338095238095,338,-67.53652,44.53276,1.6357686143451267,1.2069519930057697,0.8293415960427877,1.1715971564387415,1.1715971564387415
-67.0865,44.30338095238095,338,-67.5365,44.5328,1.6357686143451267,1.2069519930057697,0.8293415960427877,1.1715971564387415,1.1715971564387415
-67.0865,44.30338095238095,338,-67.531109,44.519897,1.6357686143451267,1.2069519930057697,0.8293415960427877,1.1715971564387415,1.1715971564387415
-67.0865,44.30338095238095,338,-67.5311,44.5199,1.6357686143451267,1.2069519930057697,0.8293415960427877,1.1715971564387415,1.1715971564387415
-67.0865,44.30338095238095,338,-67.5307,44.5155,1.6357686143451267,1.2069519930057697,0.8293415960427877,1.1715971564387415,1.1715971564387415
-67.0865,44.30338095238095,338,-67.5302,44.5328,1.6357686143451267,1.2069519930057697,0.8293415960427877,1.1715971564387415,1.1715971564387415
-67.0865,44.30338095238095,338,-67.5291,44.56232,1.6357686143451267,1.2069519930057697,0.8293415960427877,1.1715971564387415,1.1715971564387415
-67.0865,44.30338095238095,338,-67.529,44.5624,1.6357686143451267,1.2069519930057697,0.8293415960427877,1.1715971564387415,1.1715971564387415
-67.0865,44.30338095238095,338,-67.5276,44.4822,1.6357686143451267,1.2069519930057697,0.8293415960427877,1.1715971564387415,1.1715971564387415
-67.0865,44.30338095238095,338,-67.5275,44.565,1.6357686143451267,1.2069519930057697,0.8293415960427877,1.1715971564387415,1.1715971564387415
-67.0865,44.30338095238095,338,-67.52656,44.55907,1.6357686143451267,1.2069519930057697,0.8293415960427877,1.1715971564387415,1.1715971564387415
-67.0865,44.30338095238095,338,-67.52526,44.48392,1.6357686143451267,1.2069519930057697,0.8293415960427877,1.1715971564387415,1.1715971564387415
-67.0865,44.30338095238095,338,-67.5248,44.484,1.6357686143451267,1.2069519930057697,0.8293415960427877,1.1715971564387415,1.1715971564387415
-67.0865,44.30338095238095,338,-67.5233,44.5559,1.6357686143451267,1.2069519930057697,0.8293415960427877,1.1715971564387415,1.1715971564387415
-67.0865,44.30338095238095,338,-67.5232,44.5559,1.6357686143451267,1.2069519930057697,0.8293415960427877,1.1715971564387415,1.1715971564387415
-67.0865,44.30338095238095,338,-67.52066,44.50998,1.6357686143451267,1.2069519930057697,0.8293415960427877,1.1715971564387415,1.1715971564387415
-67.0865,44.30338095238095,338,-67.5204,44.5095,1.6357686143451267,1.2069519930057697,0.8293415960427877,1.1715971564387415,1.1715971564387415
-67.0865,44.30338095238095,338,-67.520045,44.555111,1.6357686143451267,1.2069519930057697,0.8293415960427877,1.1715971564387415,1.1715971564387415
-67.0865,44.30338095238095,338,-67.5182,44.50681,1.6357686143451267,1.2069519930057697,0.8293415960427877,1.1715971564387415,1.1715971564387415
-67.0865,44.30338095238095,338,-67.51722,44.55131,1.6357686143451267,1.2069519930057697,0.8293415960427877,1.1715971564387415,1.1715971564387415
-67.0865,44.30338095238095,338,-67.512157,44.505568,1.6357686143451267,1.2069519930057697,0.8293415960427877,1.1715971564387415,1.1715971564387415
-67.0865,44.30338095238095,338,-67.5121,44.5002,1.6357686143451267,1.2069519930057697,0.8293415960427877,1.1715971564387415,1.1715971564387415
-67.0865,44.30338095238095,338,-67.5121,44.5025,1.6357686143451267,1.2069519930057697,0.8293415960427877,1.1715971564387415,1.1715971564387415
-67.0865,44.30338095238095,338,-67.50234,44.57755,1.6357686143451267,1.2069519930057697,0.8293415960427877,1.1715971564387415,1.1715971564387415
-67.0865,44.30338095238095,338,-67.502,44.5772,1.6357686143451267,1.2069519930057697,0.8293415960427877,1.1715971564387415,1.1715971564387415
-67.0865,44.30338095238095,338,-67.4977,44.57796,1.6357686143451267,1.2069519930057697,0.8293415960427877,1.1715971564387415,1.1715971564387415
-67.0865,44.30338095238095,338,-67.4972,44.5777,1.6357686143451267,1.2069519930057697,0.8293415960427877,1.1715971564387415,1.1715971564387415
-67.0865,44.30338095238095,338,-67.48568,44.55978,1.6357686143451267,1.2069519930057697,0.8293415960427877,1.1715971564387415,1.1715971564387415
-67.0865,44.30338095238095,338,-67.4853,44.5736,1.6357686143451267,1.2069519930057697,0.8293415960427877,1.1715971564387415,1.1715971564387415
-67.0865,44.30338095238095,338,-67.485,44.5822,1.6357686143451267,1.2069519930057697,0.8293415960427877,1.1715971564387415,1.1715971564387415
-67.0865,44.30338095238095,338,-67.48165,44.58034,1.6357686143451267,1.2069519930057697,0.8293415960427877,1.1715971564387415,1.1715971564387415
-67.0865,44.30338095238095,338,-67.4794,44.55968,1.6357686143451267,1.2069519930057697,0.8293415960427877,1.1715971564387415,1.1715971564387415
-67.0865,44.30338095238095,338,-67.4792,44.5596,1.6357686143451267,1.2069519930057697,0.8293415960427877,1.1715971564387415,1.1715971564387415
-67.0865,44.30338095238095,338,-67.4618,44.5985,1.6357686143451267,1.2069519930057697,0.8293415960427877,1.1715971564387415,1.1715971564387415
-67.0865,44.30338095238095,338,-67.4593,44.5962,1.6357686143451267,1.2069519930057697,0.8293415960427877,1.1715971564387415,1.1715971564387415
-67.0865,44.30338095238095,338,-67.4561,44.59653,1.6357686143451267,1.2069519930057697,0.8293415960427877,1.1715971564387415,1.1715971564387415
-67.0865,44.30338095238095,338,-67.4537,44.6003,1.6357686143451267,1.2069519930057697,0.8293415960427877,1.1715971564387415,1.1715971564387415
-67.0865,44.30338095238095,338,-67.451046,44.5996,1.6357686143451267,1.2069519930057697,0.8293415960427877,1.1715971564387415,1.1715971564387415
-67.0865,44.30338095238095,338,-67.4467,44.6005,1.6357686143451267,1.2069519930057697,0.8293415960427877,1.1715971564387415,1.1715971564387415
-67.0865,44.30338095238095,338,-67.4466,44.6006,1.6357686143451267,1.2069519930057697,0.8293415960427877,1.1715971564387415,1.1715971564387415
-67.0865,44.30338095238095,338,-67.4427,44.60376,1.6357686143451267,1.2069519930057697,0.8293415960427877,1.1715971564387415,1.1715971564387415
-67.0865,44.30338095238095,338,-67.4427,44.6038,1.6357686143451267,1.2069519930057697,0.8293415960427877,1.1715971564387415,1.1715971564387415
-67.0865,44.30338095238095,338,-67.4097,44.572,1.6357686143451267,1.2069519930057697,0.8293415960427877,1.1715971564387415,1.1715971564387415
-67.0865,44.30338095238095,338,-67.40965,44.57199,1.6357686143451267,1.2069519930057697,0.8293415960427877,1.1715971564387415,1.1715971564387415
-67.0865,44.30338095238095,338,-67.40451,44.57191,1.6357686143451267,1.2069519930057697,0.8293415960427877,1.1715971564387415,1.1715971564387415
-67.0865,44.30338095238095,338,-67.3904,44.59423,1.6357686143451267,1.2069519930057697,0.8293415960427877,1.1715971564387415,1.1715971564387415
-67.0865,44.30338095238095,338,-67.38786,44.5987,1.6357686143451267,1.2069519930057697,0.8293415960427877,1.1715971564387415,1.1715971564387415
-67.0865,44.30338095238095,338,-67.38555,44.59896,1.6357686143451267,1.2069519930057697,0.8293415960427877,1.1715971564387415,1.1715971564387415
-67.0865,44.30338095238095,338,-67.3764,44.6197,1.6357686143451267,1.2069519930057697,0.8293415960427877,1.1715971564387415,1.1715971564387415
-67.0865,44.30338095238095,338,-67.3754,44.59395,1.6357686143451267,1.2069519930057697,0.8293415960427877,1.1715971564387415,1.1715971564387415
-67.0865,44.30338095238095,338,-67.3753,44.5938,1.6357686143451267,1.2069519930057697,0.8293415960427877,1.1715971564387415,1.1715971564387415
-67.0865,44.30338095238095,338,-67.3736,44.5984,1.6357686143451267,1.2069519930057697,0.8293415960427877,1.1715971564387415,1.1715971564387415
-67.0865,44.30338095238095,338,-67.373578,44.598408,1.6357686143451267,1.2069519930057697,0.8293415960427877,1.1715971564387415,1.1715971564387415
-67.0865,44.30338095238095,338,-67.371464,44.59391,1.6357686143451267,1.2069519930057697,0.8293415960427877,1.1715971564387415,1.1715971564387415
-67.0865,44.30338095238095,338,-67.37083,44.61639,1.6357686143451267,1.2069519930057697,0.8293415960427877,1.1715971564387415,1.1715971564387415
-67.0865,44.30338095238095,338,-67.3707,44.62086,1.6357686143451267,1.2069519930057697,0.8293415960427877,1.1715971564387415,1.1715971564387415
-67.0865,44.30338095238095,338,-67.3692,44.5976,1.6357686143451267,1.2069519930057697,0.8293415960427877,1.1715971564387415,1.1715971564387415
-67.0865,44.30338095238095,338,-67.3679,44.6245,1.6357686143451267,1.2069519930057697,0.8293415960427877,1.1715971564387415,1.1715971564387415
-67.0865,44.30338095238095,338,-67.36613,44.5983,1.6357686143451267,1.2069519930057697,0.8293415960427877,1.1715971564387415,1.1715971564387415
-67.0865,44.30338095238095,338,-67.36485,44.62528,1.6357686143451267,1.2069519930057697,0.8293415960427877,1.1715971564387415,1.1715971564387415
-67.0865,44.30338095238095,338,-67.3648,44.6253,1.6357686143451267,1.2069519930057697,0.8293415960427877,1.1715971564387415,1.1715971564387415
-67.0865,44.30338095238095,338,-67.3645,44.6207,1.6357686143451267,1.2069519930057697,0.8293415960427877,1.1715971564387415,1.1715971564387415
-67.0865,44.30338095238095,338,-67.358,44.58406,1.6357686143451267,1.2069519930057697,0.8293415960427877,1.1715971564387415,1.1715971564387415
-67.0865,44.30338095238095,338,-67.358,44.5841,1.6357686143451267,1.2069519930057697,0.8293415960427877,1.1715971564387415,1.1715971564387415
-67.0865,44.30338095238095,338,-67.3524,44.5852,1.6357686143451267,1.2069519930057697,0.8293415960427877,1.1715971564387415,1.1715971564387415
-66.58645833333334,43.803333333333335,364,-65.867357,43.665572,2.032186803817749,1.4452731066995912,0.9379398411995655,1.390249693984384,1.390249693984384
-66.58645833333334,44.80342857142857,314,-67.3328,44.65176,1.1755601456430222,0.8645572734845651,0.6051129352402043,0.8501869875031549,0.8501869875031549
-66.58645833333334,44.80342857142857,314,-67.3317,44.6472,1.1755601456430222,0.8645572734845651,0.6051129352402043,0.8501869875031549,0.8501869875031549
-66.58645833333334,44.80342857142857,314,-67.3277,44.6509,1.1755601456430222,0.8645572734845651,0.6051129352402043,0.8501869875031549,0.8501869875031549
-66.58645833333334,44.80342857142857,314,-67.327633,44.651207,1.1755601456430222,0.8645572734845651,0.6051129352402043,0.8501869875031549,0.8501869875031549
-66.58645833333334,44.80342857142857,314,-67.3207,44.5975,1.1755601456430222,0.8645572734845651,0.6051129352402043,0.8501869875031549,0.8501869875031549
-66.58645833333334,44.80342857142857,314,-67.32067,44.59754,1.1755601456430222,0.8645572734845651,0.6051129352402043,0.8501869875031549,0.8501869875031549
-66.58645833333334,44.80342857142857,314,-67.320541,44.60202,1.1755601456430222,0.8645572734845651,0.6051129352402043,0.8501869875031549,0.8501869875031549
-66.58645833333334,44.80342857142857,314,-67.3115,44.62438,1.1755601456430222,0.8645572734845651,0.6051129352402043,0.8501869875031549,0.8501869875031549
-66.58645833333334,44.80342857142857,314,-67.3112,44.6204,1.1755601456430222,0.8645572734845651,0.6051129352402043,0.8501869875031549,0.8501869875031549
-66.58645833333334,44.80342857142857,314,-67.311057,44.619898,1.1755601456430222,0.8645572734845651,0.6051129352402043,0.8501869875031549,0.8501869875031549
-66.58645833333334,44.80342857142857,314,-67.277252,44.605822,1.1755601456430222,0.8645572734845651,0.6051129352402043,0.8501869875031549,0.8501869875031549
-66.58645833333334,44.80342857142857,314,-67.2766,44.6093,1.1755601456430222,0.8645572734845651,0.6051129352402043,0.8501869875031549,0.8501869875031549
-66.58645833333334,44.80342857142857,314,-67.2764,44.60932,1.1755601456430222,0.8645572734845651,0.6051129352402043,0.8501869875031549,0.8501869875031549
-66.58645833333334,44.80342857142857,314,-67.273,44.6147,1.1755601456430222,0.8645572734845651,0.6051129352402043,0.8501869875031549,0.8501869875031549
-66.58645833333334,44.80342857142857,314,-67.272,44.6108,1.1755601456430222,0.8645572734845651,0.6051129352402043,0.8501869875031549,0.8501869875031549
-66.58645833333334,44.80342857142857,314,-67.26631,44.605604,1.1755601456430222,0.8645572734845651,0.6051129352402043,0.8501869875031549,0.8501869875031549
-66.58645833333334,44.80342857142857,314,-67.2641,44.6057,1.1755601456430222,0.8645572734845651,0.6051129352402043,0.8501869875031549,0.8501869875031549
-66.58645833333334,44.80342857142857,314,-67.2639,44.60883,1.1755601456430222,0.8645572734845651,0.6051129352402043,0.8501869875031549,0.8501869875031549
-66.58645833333334,44.80342857142857,314,-67.2639,44.6089,1.1755601456430222,0.8645572734845651,0.6051129352402043,0.8501869875031549,0.8501869875031549
-66.58645833333334,44.80342857142857,314,-67.2589,44.6086,1.1755601456430222,0.8645572734845651,0.6051129352402043,0.8501869875031549,0.8501869875031549
-66.58645833333334,44.80342857142857,314,-67.2454,44.6413,1.1755601456430222,0.8645572734845651,0.6051129352402043,0.8501869875031549,0.8501869875031549
-66.58645833333334,44.80342857142857,314,-67.2443,44.6408,1.1755601456430222,0.8645572734845651,0.6051129352402043,0.8501869875031549,0.8501869875031549
-66.58645833333334,44.80342857142857,314,-67.242,44.6381,1.1755601456430222,0.8645572734845651,0.6051129352402043,0.8501869875031549,0.8501869875031549
-66.58645833333334,44.80342857142857,314,-67.1973,44.6434,1.1755601456430222,0.8645572734845651,0.6051129352402043,0.8501869875031549,0.8501869875031549
-66.58645833333334,44.80342857142857,314,-67.19338,44.6436,1.1755601456430222,0.8645572734845651,0.6051129352402043,0.8501869875031549,0.8501869875031549
-66.58645833333334,44.80342857142857,314,-67.190369,44.658434,1.1755601456430222,0.8645572734845651,0.6051129352402043,0.8501869875031549,0.8501869875031549
-66.58645833333334,44.80342857142857,314,-67.18971,44.6584,1.1755601456430222,0.8645572734845651,0.6051129352402043,0.8501869875031549,0.8501869875031549
-66.58645833333334,44.80342857142857,314,-67.1897,44.6584,1.1755601456430222,0.8645572734845651,0.6051129352402043,0.8501869875031549,0.8501869875031549
-66.58645833333334,44.80342857142857,314,-67.18714,44.64483,1.1755601456430222,0.8645572734845651,0.6051129352402043,0.8501869875031549,0.8501869875031549
-66.58645833333334,44.80342857142857,314,-67.1862,44.6626,1.1755601456430222,0.8645572734845651,0.6051129352402043,0.8501869875031549,0.8501869875031549
-66.58645833333334,44.80342857142857,314,-67.18027,44.66241,1.1755601456430222,0.8645572734845651,0.6051129352402043,0.8501869875031549,0.8501869875031549
-66.58645833333334,44.80342857142857,314,-67.16768,44.66214,1.1755601456430222,0.8645572734845651,0.6051129352402043,0.8501869875031549,0.8501869875031549
-66.58645833333334,44.80342857142857,314,-67.16127,44.6624,1.1755601456430222,0.8645572734845651,0.6051129352402043,0.8501869875031549,0.8501869875031549
-66.58645833333334,44.80342857142857,314,-67.1192,44.7022,1.1755601456430222,0.8645572734845651,0.6051129352402043,0.8501869875031549,0.8501869875031549
-66.58645833333334,44.80342857142857,314,-67.1156,44.7021,1.1755601456430222,0.8645572734845651,0.6051129352402043,0.8501869875031549,0.8501869875031549
-66.58645833333334,44.80342857142857,314,-67.115479,44.706638,1.1755601456430222,0.8645572734845651,0.6051129352402043,0.8501869875031549,0.8501869875031549
-66.58645833333334,44.80342857142857,314,-67.1154,44.7066,1.1755601456430222,0.8645572734845651,0.6051129352402043,0.8501869875031549,0.8501869875031549
-66.58645833333334,44.80342857142857,314,-67.1152,44.7107,1.1755601456430222,0.8645572734845651,0.6051129352402043,0.8501869875031549,0.8501869875031549
-66.58645833333334,44.80342857142857,314,-67.0704,44.7419,1.1755601456430222,0.8645572734845651,0.6051129352402043,0.8501869875031549,0.8501869875031549
-66.58645833333334,44.80342857142857,314,-67.0702,44.7464,1.1755601456430222,0.8645572734845651,0.6051129352402043,0.8501869875031549,0.8501869875031549
-66.58645833333334,44.80342857142857,314,-67.0697,44.7507,1.1755601456430222,0.8645572734845651,0.6051129352402043,0.8501869875031549,0.8501869875031549
-66.58645833333334,44.80342857142857,314,-67.0568,44.76417,1.1755601456430222,0.8645572734845651,0.6051129352402043,0.8501869875031549,0.8501869875031549
-66.58645833333334,44.80342857142857,314,-67.0568,44.7642,1.1755601456430222,0.8645572734845651,0.6051129352402043,0.8501869875031549,0.8501869875031549
-66.58645833333334,44.80342857142857,314,-67.0514,44.7643,1.1755601456430222,0.8645572734845651,0.6051129352402043,0.8501869875031549,0.8501869875031549
-64.08625,43.803333333333335,369,-64.33058306,44.24974658,2.0003675513797337,1.5619218744136192,1.0788756533785984,1.5481208366853698,1.5481208366853698
-64.08625,43.803333333333335,369,-64.28214228,44.33160902,2.0003675513797337,1.5619218744136192,1.0788756533785984,1.5481208366853698,1.5481208366853698
-64.08625,43.803333333333335,369,-64.2761317,44.23824116,2.0003675513797337,1.5619218744136192,1.0788756533785984,1.5481208366853698,1.5481208366853698
-64.08625,43.803333333333335,369,-64.26728795,44.50358723,2.0003675513797337,1.5619218744136192,1.0788756533785984,1.5481208366853698,1.5481208366853698
-64.08625,43.803333333333335,369,-64.25922339,44.32544899,2.0003675513797337,1.5619218744136192,1.0788756533785984,1.5481208366853698,1.5481208366853698
-64.08625,43.803333333333335,369,-64.24751404,44.29246059,2.0003675513797337,1.5619218744136192,1.0788756533785984,1.5481208366853698,1.5481208366853698
-64.08625,43.803333333333335,369,-64.24709905,44.27128069,2.0003675513797337,1.5619218744136192,1.0788756533785984,1.5481208366853698,1.5481208366853698
-64.08625,43.803333333333335,369,-64.21115208,44.51511503,2.0003675513797337,1.5619218744136192,1.0788756533785984,1.5481208366853698,1.5481208366853698
-64.08625,43.803333333333335,369,-64.19553526,44.54773832,2.0003675513797337,1.5619218744136192,1.0788756533785984,1.5481208366853698,1.5481208366853698
-64.08625,43.803333333333335,369,-64.18272067,44.36424983,2.0003675513797337,1.5619218744136192,1.0788756533785984,1.5481208366853698,1.5481208366853698
-64.08625,43.803333333333335,369,-64.180952,44.364216,2.0003675513797337,1.5619218744136192,1.0788756533785984,1.5481208366853698,1.5481208366853698
-64.08625,43.803333333333335,369,-64.17671478,44.49351453,2.0003675513797337,1.5619218744136192,1.0788756533785984,1.5481208366853698,1.5481208366853698
-64.08625,43.803333333333335,369,-64.17390727,44.31748417,2.0003675513797337,1.5619218744136192,1.0788756533785984,1.5481208366853698,1.5481208366853698
-64.08625,43.803333333333335,369,-64.14167508,44.44524131,2.0003675513797337,1.5619218744136192,1.0788756533785984,1.5481208366853698,1.5481208366853698
-64.08625,43.803333333333335,369,-64.1373325,44.47488785,2.0003675513797337,1.5619218744136192,1.0788756533785984,1.5481208366853698,1.5481208366853698
-64.08625,43.803333333333335,369,-64.12988601,44.42854791,2.0003675513797337,1.5619218744136192,1.0788756533785984,1.5481208366853698,1.5481208366853698
-64.08625,43.803333333333335,369,-64.09592455,44.43843311,2.0003675513797337,1.5619218744136192,1.0788756533785984,1.5481208366853698,1.5481208366853698
-64.08625,43.803333333333335,369,-64.01674717,44.53726455,2.0003675513797337,1.5619218744136192,1.0788756533785984,1.5481208366853698,1.5481208366853698
-64.08625,43.803333333333335,369,-63.95357947,44.54115995,2.0003675513797337,1.5619218744136192,1.0788756533785984,1.5481208366853698,1.5481208366853698
-64.08625,43.803333333333335,369,-63.95133,44.52707,2.0003675513797337,1.5619218744136192,1.0788756533785984,1.5481208366853698,1.5481208366853698
-64.08625,45.30347619047619,294,-64.060977,44.586353,0.46713123282765956,0.2979901491692572,0.17935554322586755,0.3523073635750533,0.3523073635750533
-64.08625,45.30347619047619,294,-64.05098297,44.5798473,0.46713123282765956,0.2979901491692572,0.17935554322586755,0.3523073635750533,0.3523073635750533
-64.08625,45.30347619047619,294,-64.02488,44.55818,0.46713123282765956,0.2979901491692572,0.17935554322586755,0.3523073635750533,0.3523073635750533
-64.08625,45.30347619047619,294,-63.961,44.596,0.46713123282765956,0.2979901491692572,0.17935554322586755,0.3523073635750533,0.3523073635750533
-64.08625,45.30347619047619,294,-63.94153048,44.57911606,0.46713123282765956,0.2979901491692572,0.17935554322586755,0.3523073635750533,0.3523073635750533
-63.58620833333333,49.80390476190476,70,-63.687117,50.206348,1.193074402709802,0.8078176250060399,0.5536145513460516,0.8995422869920731,0.8995422869920731
-63.58620833333333,49.80390476190476,70,-63.639106,50.210766,1.193074402709802,0.8078176250060399,0.5536145513460516,0.8995422869920731,0.8995422869920731
-63.58620833333333,49.80390476190476,70,-63.589829,50.206587,1.193074402709802,0.8078176250060399,0.5536145513460516,0.8995422869920731,0.8995422869920731
-63.08616666666667,44.30338095238095,346,-63.77083847,44.47746009,1.915817584461636,1.4965019465029776,1.068198693496687,1.4878725393398389,1.4878725393398389
-63.08616666666667,44.30338095238095,346,-63.713577,44.44942296,1.915817584461636,1.4965019465029776,1.068198693496687,1.4878725393398389,1.4878725393398389
-63.08616666666667,44.30338095238095,346,-63.66071502,44.45579262,1.915817584461636,1.4965019465029776,1.068198693496687,1.4878725393398389,1.4878725393398389
-63.08616666666667,44.30338095238095,346,-63.53436,44.48522,1.915817584461636,1.4965019465029776,1.068198693496687,1.4878725393398389,1.4878725393398389
-62.086083333333335,44.30338095238095,348,-62.01917,44.55083,2.3019996309280395,1.7552595256685137,1.2126112397726592,1.7414638539692304,1.7414638539692304
