x,y,cell,longitude,latitude,hadsst_winter_cellmean,hadsst_spring_cellmean,hadsst_summer_cellmean,hadsst_fall_cellmean,lag_hadsst_summer_cellmean
-72.5,41.5,550,-72.086122,41.30302,5.887718226114909,6.877029131661664,19.832492214065415,15.803238765613452,19.832492214065415
-71.5,41.5,551,-71.36499603512735,41.4770646044823,6.876043633355035,7.447353576754664,19.955688343391763,16.373320734178698,19.955688343391763
-71.5,41.5,551,-71.36499603443934,41.4770930220363,6.876043633355035,7.447353576754664,19.955688343391763,16.373320734178698,19.955688343391763
-71.5,41.5,551,-71.3649763888888,41.4771625,6.876043633355035,7.447353576754664,19.955688343391763,16.373320734178698,19.955688343391763
-71.5,41.5,551,-71.36290972222216,41.4773986111111,6.876043633355035,7.447353576754664,19.955688343391763,16.373320734178698,19.955688343391763
-71.5,41.5,551,-71.362,41.478,6.876043633355035,7.447353576754664,19.955688343391763,16.373320734178698,19.955688343391763
-71.5,41.5,551,-71.3616694444444,41.4781861111111,6.876043633355035,7.447353576754664,19.955688343391763,16.373320734178698,19.955688343391763
-71.5,41.5,551,-71.3605790080763,41.4777983076676,6.876043633355035,7.447353576754664,19.955688343391763,16.373320734178698,19.955688343391763
-71.5,41.5,551,-71.3605790073976,41.4778265132492,6.876043633355035,7.447353576754664,19.955688343391763,16.373320734178698,19.955688343391763
-71.5,41.5,551,-71.36027778,41.47833333,6.876043633355035,7.447353576754664,19.955688343391763,16.373320734178698,19.955688343391763
-71.5,41.5,551,-71.35983055499995,41.47823472,6.876043633355035,7.447353576754664,19.955688343391763,16.373320734178698,19.955688343391763
-71.5,41.5,551,-71.3594166666666,41.4774972222222,6.876043633355035,7.447353576754664,19.955688343391763,16.373320734178698,19.955688343391763
-71.5,41.5,551,-71.357,41.476,6.876043633355035,7.447353576754664,19.955688343391763,16.373320734178698,19.955688343391763
-71.5,41.5,551,-71.33848,41.450199999999995,6.876043633355035,7.447353576754664,19.955688343391763,16.373320734178698,19.955688343391763
-71.5,41.5,551,-71.33143,41.450795,6.876043633355035,7.447353576754664,19.955688343391763,16.373320734178698,19.955688343391763
-71.5,41.5,551,-71.313,41.451,6.876043633355035,7.447353576754664,19.955688343391763,16.373320734178698,19.955688343391763
-70.5,42.5,522,-70.913095,42.338275,5.7573067463768854,6.0902611172951016,17.095856950089736,13.80681899216798,17.095856950089736
-70.5,42.5,522,-70.91286,42.3383575,5.7573067463768854,6.0902611172951016,17.095856950089736,13.80681899216798,17.095856950089736
-70.5,42.5,522,-70.912625,42.33844,5.7573067463768854,6.0902611172951016,17.095856950089736,13.80681899216798,17.095856950089736
-70.5,42.5,522,-70.91259352941177,42.33843088235294,5.7573067463768854,6.0902611172951016,17.095856950089736,13.80681899216798,17.095856950089736
-70.5,42.5,522,-70.9125822,42.3384276,5.7573067463768854,6.0902611172951016,17.095856950089736,13.80681899216798,17.095856950089736
-70.5,42.5,522,-70.91244666666667,42.338388333333334,5.7573067463768854,6.0902611172951016,17.095856950089736,13.80681899216798,17.095856950089736
-70.5,42.5,522,-70.91238722222222,42.33837111111111,5.7573067463768854,6.0902611172951016,17.095856950089736,13.80681899216798,17.095856950089736
-70.5,42.5,522,-70.91235750000001,42.3383625,5.7573067463768854,6.0902611172951016,17.095856950089736,13.80681899216798,17.095856950089736
-70.5,42.5,522,-70.91234827586207,42.3383598275862,5.7573067463768854,6.0902611172951016,17.095856950089736,13.80681899216798,17.095856950089736
-70.5,42.5,522,-70.9123475925926,42.33835962962963,5.7573067463768854,6.0902611172951016,17.095856950089736,13.80681899216798,17.095856950089736
-70.5,42.5,522,-70.91232982758622,42.33835448275862,5.7573067463768854,6.0902611172951016,17.095856950089736,13.80681899216798,17.095856950089736
-70.5,42.5,522,-70.91209,42.338285,5.7573067463768854,6.0902611172951016,17.095856950089736,13.80681899216798,17.095856950089736
-70.5,42.5,522,-70.90753,42.34315,5.7573067463768854,6.0902611172951016,17.095856950089736,13.80681899216798,17.095856950089736
-70.5,42.5,522,-70.90729,42.343055,5.7573067463768854,6.0902611172951016,17.095856950089736,13.80681899216798,17.095856950089736
-70.5,42.5,522,-70.90719,42.416245,5.7573067463768854,6.0902611172951016,17.095856950089736,13.80681899216798,17.095856950089736
-70.5,42.5,522,-70.90716,42.416375,5.7573067463768854,6.0902611172951016,17.095856950089736,13.80681899216798,17.095856950089736
-70.5,42.5,522,-70.907135,42.343535,5.7573067463768854,6.0902611172951016,17.095856950089736,13.80681899216798,17.095856950089736
-70.5,42.5,522,-70.907045,42.34298,5.7573067463768854,6.0902611172951016,17.095856950089736,13.80681899216798,17.095856950089736
-70.5,42.5,522,-70.90703500000001,42.418383250000005,5.7573067463768854,6.0902611172951016,17.095856950089736,13.80681899216798,17.095856950089736
-70.5,42.5,522,-70.907035,42.34224,5.7573067463768854,6.0902611172951016,17.095856950089736,13.80681899216798,17.095856950089736
-70.5,42.5,522,-70.90702357142857,42.34316857142857,5.7573067463768854,6.0902611172951016,17.095856950089736,13.80681899216798,17.095856950089736
-70.5,42.5,522,-70.906995,42.34342,5.7573067463768854,6.0902611172951016,17.095856950089736,13.80681899216798,17.095856950089736
-70.5,42.5,522,-70.90697,42.41904,5.7573067463768854,6.0902611172951016,17.095856950089736,13.80681899216798,17.095856950089736
-70.5,42.5,522,-70.90696750000001,42.3434225,5.7573067463768854,6.0902611172951016,17.095856950089736,13.80681899216798,17.095856950089736
-70.5,42.5,522,-70.90695111111111,42.34343740740741,5.7573067463768854,6.0902611172951016,17.095856950089736,13.80681899216798,17.095856950089736
-70.5,42.5,522,-70.9069475,42.343455,5.7573067463768854,6.0902611172951016,17.095856950089736,13.80681899216798,17.095856950089736
-70.5,42.5,522,-70.90694435483871,42.34347032258064,5.7573067463768854,6.0902611172951016,17.095856950089736,13.80681899216798,17.095856950089736
-70.5,42.5,522,-70.9069374137931,42.343504137931035,5.7573067463768854,6.0902611172951016,17.095856950089736,13.80681899216798,17.095856950089736
-70.5,42.5,522,-70.90693357142857,42.34352285714286,5.7573067463768854,6.0902611172951016,17.095856950089736,13.80681899216798,17.095856950089736
-70.5,42.5,522,-70.90692548387096,42.34356225806451,5.7573067463768854,6.0902611172951016,17.095856950089736,13.80681899216798,17.095856950089736
-70.5,42.5,522,-70.90691724137932,42.3436024137931,5.7573067463768854,6.0902611172951016,17.095856950089736,13.80681899216798,17.095856950089736
-70.5,42.5,522,-70.90691305555555,42.34321333333333,5.7573067463768854,6.0902611172951016,17.095856950089736,13.80681899216798,17.095856950089736
-70.5,42.5,522,-70.90685,42.34393,5.7573067463768854,6.0902611172951016,17.095856950089736,13.80681899216798,17.095856950089736
-70.5,42.5,522,-70.90677363636364,42.3439,5.7573067463768854,6.0902611172951016,17.095856950089736,13.80681899216798,17.095856950089736
-70.5,42.5,522,-70.90664,42.342945,5.7573067463768854,6.0902611172951016,17.095856950089736,13.80681899216798,17.095856950089736
-70.5,42.5,522,-70.906615,42.42067,5.7573067463768854,6.0902611172951016,17.095856950089736,13.80681899216798,17.095856950089736
-70.5,42.5,522,-70.90659571428571,42.34379571428571,5.7573067463768854,6.0902611172951016,17.095856950089736,13.80681899216798,17.095856950089736
-70.5,42.5,522,-70.90657,42.34382,5.7573067463768854,6.0902611172951016,17.095856950089736,13.80681899216798,17.095856950089736
-70.5,42.5,522,-70.90651,42.42091,5.7573067463768854,6.0902611172951016,17.095856950089736,13.80681899216798,17.095856950089736
-70.5,42.5,522,-70.90649400000001,42.343742,5.7573067463768854,6.0902611172951016,17.095856950089736,13.80681899216798,17.095856950089736
-70.5,42.5,522,-70.906405,42.343695,5.7573067463768854,6.0902611172951016,17.095856950089736,13.80681899216798,17.095856950089736
-70.5,42.5,522,-70.90624588235293,42.34338911764706,5.7573067463768854,6.0902611172951016,17.095856950089736,13.80681899216798,17.095856950089736
-70.5,42.5,522,-70.90597,42.3437,5.7573067463768854,6.0902611172951016,17.095856950089736,13.80681899216798,17.095856950089736
-70.5,42.5,522,-70.90422,42.42038,5.7573067463768854,6.0902611172951016,17.095856950089736,13.80681899216798,17.095856950089736
-70.5,42.5,522,-70.90135,42.42101,5.7573067463768854,6.0902611172951016,17.095856950089736,13.80681899216798,17.095856950089736
-70.5,42.5,522,-70.89377,42.340155,5.7573067463768854,6.0902611172951016,17.095856950089736,13.80681899216798,17.095856950089736
-70.5,42.5,522,-70.89328496251255,42.34147996176026,5.7573067463768854,6.0902611172951016,17.095856950089736,13.80681899216798,17.095856950089736
-70.5,42.5,522,-70.893265,42.344483333333336,5.7573067463768854,6.0902611172951016,17.095856950089736,13.80681899216798,17.095856950089736
-70.5,42.5,522,-70.89315500000001,42.344665,5.7573067463768854,6.0902611172951016,17.095856950089736,13.80681899216798,17.095856950089736
-70.5,42.5,522,-70.892685,42.34119,5.7573067463768854,6.0902611172951016,17.095856950089736,13.80681899216798,17.095856950089736
-70.5,42.5,522,-70.891487,42.327162,5.7573067463768854,6.0902611172951016,17.095856950089736,13.80681899216798,17.095856950089736
-70.5,42.5,522,-70.89132,42.345715,5.7573067463768854,6.0902611172951016,17.095856950089736,13.80681899216798,17.095856950089736
-70.5,42.5,522,-70.8912,42.343802,5.7573067463768854,6.0902611172951016,17.095856950089736,13.80681899216798,17.095856950089736
-70.5,42.5,522,-70.891011,42.342275,5.7573067463768854,6.0902611172951016,17.095856950089736,13.80681899216798,17.095856950089736
-70.5,42.5,522,-70.891005,42.326845,5.7573067463768854,6.0902611172951016,17.095856950089736,13.80681899216798,17.095856950089736
-70.5,42.5,522,-70.890339,42.326938,5.7573067463768854,6.0902611172951016,17.095856950089736,13.80681899216798,17.095856950089736
-70.5,42.5,522,-70.89031194336705,42.3271982464939,5.7573067463768854,6.0902611172951016,17.095856950089736,13.80681899216798,17.095856950089736
-70.5,42.5,522,-70.8901525614783,42.327512567862854,5.7573067463768854,6.0902611172951016,17.095856950089736,13.80681899216798,17.095856950089736
-70.5,42.5,522,-70.889055,42.328328,5.7573067463768854,6.0902611172951016,17.095856950089736,13.80681899216798,17.095856950089736
-70.5,42.5,522,-70.888444,42.3269,5.7573067463768854,6.0902611172951016,17.095856950089736,13.80681899216798,17.095856950089736
-70.5,42.5,522,-70.888049,42.328099,5.7573067463768854,6.0902611172951016,17.095856950089736,13.80681899216798,17.095856950089736
-70.5,42.5,522,-70.78767,42.53781,5.7573067463768854,6.0902611172951016,17.095856950089736,13.80681899216798,17.095856950089736
-70.5,42.5,522,-70.785875,42.53761,5.7573067463768854,6.0902611172951016,17.095856950089736,13.80681899216798,17.095856950089736
-70.5,42.5,522,-70.7857,42.53774,5.7573067463768854,6.0902611172951016,17.095856950089736,13.80681899216798,17.095856950089736
-70.5,42.5,522,-70.78569,42.53066,5.7573067463768854,6.0902611172951016,17.095856950089736,13.80681899216798,17.095856950089736
-70.5,42.5,522,-70.784795,42.5372,5.7573067463768854,6.0902611172951016,17.095856950089736,13.80681899216798,17.095856950089736
-70.5,42.5,522,-70.78454475,42.5319705,5.7573067463768854,6.0902611172951016,17.095856950089736,13.80681899216798,17.095856950089736
-70.5,42.5,522,-70.78437,42.53787,5.7573067463768854,6.0902611172951016,17.095856950089736,13.80681899216798,17.095856950089736
-70.5,42.5,522,-70.78394499999999,42.531355,5.7573067463768854,6.0902611172951016,17.095856950089736,13.80681899216798,17.095856950089736
-70.5,42.5,522,-70.78341,42.53677,5.7573067463768854,6.0902611172951016,17.095856950089736,13.80681899216798,17.095856950089736
-70.5,42.5,522,-70.783185,42.53191,5.7573067463768854,6.0902611172951016,17.095856950089736,13.80681899216798,17.095856950089736
-70.5,42.5,522,-70.782655,42.53225,5.7573067463768854,6.0902611172951016,17.095856950089736,13.80681899216798,17.095856950089736
-70.5,42.5,522,-70.782555,42.535955,5.7573067463768854,6.0902611172951016,17.095856950089736,13.80681899216798,17.095856950089736
-70.5,42.5,522,-70.78199,42.53159,5.7573067463768854,6.0902611172951016,17.095856950089736,13.80681899216798,17.095856950089736
-70.5,42.5,522,-70.78181000000001,42.53594,5.7573067463768854,6.0902611172951016,17.095856950089736,13.80681899216798,17.095856950089736
-70.5,42.5,522,-70.78151,42.53502,5.7573067463768854,6.0902611172951016,17.095856950089736,13.80681899216798,17.095856950089736
-70.5,42.5,522,-70.774833,42.502633,5.7573067463768854,6.0902611172951016,17.095856950089736,13.80681899216798,17.095856950089736
-70.5,42.5,522,-70.768589,42.959502,5.7573067463768854,6.0902611172951016,17.095856950089736,13.80681899216798,17.095856950089736
-70.5,42.5,522,-70.749777,42.968101,5.7573067463768854,6.0902611172951016,17.095856950089736,13.80681899216798,17.095856950089736
-70.5,42.5,522,-70.6256745998415,42.967719072165,5.7573067463768854,6.0902611172951016,17.095856950089736,13.80681899216798,17.095856950089736
-70.5,42.5,522,-70.6199330370873,42.9859418235719,5.7573067463768854,6.0902611172951016,17.095856950089736,13.80681899216798,17.095856950089736
-70.5,42.5,522,-70.61969302150001,42.985661994,5.7573067463768854,6.0902611172951016,17.095856950089736,13.80681899216798,17.095856950089736
-70.5,42.5,522,-70.61940333333334,42.985323333333334,5.7573067463768854,6.0902611172951016,17.095856950089736,13.80681899216798,17.095856950089736
-70.5,42.5,522,-70.61931,42.98634833333333,5.7573067463768854,6.0902611172951016,17.095856950089736,13.80681899216798,17.095856950089736
-70.5,42.5,522,-70.6188,42.9895125,5.7573067463768854,6.0902611172951016,17.095856950089736,13.80681899216798,17.095856950089736
-70.5,42.5,522,-70.61877000000001,42.98476,5.7573067463768854,6.0902611172951016,17.095856950089736,13.80681899216798,17.095856950089736
-70.5,42.5,522,-70.61869,42.99015,5.7573067463768854,6.0902611172951016,17.095856950089736,13.80681899216798,17.095856950089736
-70.5,42.5,522,-70.618676003,42.9847199935,5.7573067463768854,6.0902611172951016,17.095856950089736,13.80681899216798,17.095856950089736
-70.5,42.5,522,-70.618576426059,42.9902022611349,5.7573067463768854,6.0902611172951016,17.095856950089736,13.80681899216798,17.095856950089736
-70.5,42.5,522,-70.61849,42.99079,5.7573067463768854,6.0902611172951016,17.095856950089736,13.80681899216798,17.095856950089736
-70.5,42.5,522,-70.61845500000001,42.984505,5.7573067463768854,6.0902611172951016,17.095856950089736,13.80681899216798,17.095856950089736
-70.5,42.5,522,-70.61831,42.99084,5.7573067463768854,6.0902611172951016,17.095856950089736,13.80681899216798,17.095856950089736
-70.5,42.5,522,-70.618179962039,42.9842899180948,5.7573067463768854,6.0902611172951016,17.095856950089736,13.80681899216798,17.095856950089736
-70.5,42.5,522,-70.61806,42.98434,5.7573067463768854,6.0902611172951016,17.095856950089736,13.80681899216798,17.095856950089736
-70.5,42.5,522,-70.618034491,42.9906409945,5.7573067463768854,6.0902611172951016,17.095856950089736,13.80681899216798,17.095856950089736
-70.5,42.5,522,-70.6179281720951,42.9878221649485,5.7573067463768854,6.0902611172951016,17.095856950089736,13.80681899216798,17.095856950089736
-70.5,42.5,522,-70.61738552525634,42.99165548756713,5.7573067463768854,6.0902611172951016,17.095856950089736,13.80681899216798,17.095856950089736
-70.5,42.5,522,-70.616975,42.992075,5.7573067463768854,6.0902611172951016,17.095856950089736,13.80681899216798,17.095856950089736
-70.5,42.5,522,-70.61671000000001,42.992155,5.7573067463768854,6.0902611172951016,17.095856950089736,13.80681899216798,17.095856950089736
-70.5,42.5,522,-70.61666500000001,42.99239,5.7573067463768854,6.0902611172951016,17.095856950089736,13.80681899216798,17.095856950089736
-70.5,42.5,522,-70.6165910045,42.992212493,5.7573067463768854,6.0902611172951016,17.095856950089736,13.80681899216798,17.095856950089736
-70.5,42.5,522,-70.616525,42.975744,5.7573067463768854,6.0902611172951016,17.095856950089736,13.80681899216798,17.095856950089736
-70.5,42.5,522,-70.6163436755105,42.9737757731959,5.7573067463768854,6.0902611172951016,17.095856950089736,13.80681899216798,17.095856950089736
-70.5,42.5,522,-70.61552,42.99315,5.7573067463768854,6.0902611172951016,17.095856950089736,13.80681899216798,17.095856950089736
-70.5,42.5,522,-70.613883985,42.99306904,5.7573067463768854,6.0902611172951016,17.095856950089736,13.80681899216798,17.095856950089736
-70.5,42.5,522,-70.61269,42.99281,5.7573067463768854,6.0902611172951016,17.095856950089736,13.80681899216798,17.095856950089736
-70.5,42.5,522,-70.61249000000001,42.99277,5.7573067463768854,6.0902611172951016,17.095856950089736,13.80681899216798,17.095856950089736
-70.5,42.5,522,-70.61183,42.99472,5.7573067463768854,6.0902611172951016,17.095856950089736,13.80681899216798,17.095856950089736
-70.5,42.5,522,-70.611665966,42.992762011,5.7573067463768854,6.0902611172951016,17.095856950089736,13.80681899216798,17.095856950089736
-70.5,42.5,522,-70.61122666666667,42.75982966666667,5.7573067463768854,6.0902611172951016,17.095856950089736,13.80681899216798,17.095856950089736
-70.5,42.5,522,-70.61115000000001,42.9902,5.7573067463768854,6.0902611172951016,17.095856950089736,13.80681899216798,17.095856950089736
-70.5,42.5,522,-70.61094897800001,42.990348986499995,5.7573067463768854,6.0902611172951016,17.095856950089736,13.80681899216798,17.095856950089736
-70.5,42.5,522,-70.610795,42.990405,5.7573067463768854,6.0902611172951016,17.095856950089736,13.80681899216798,17.095856950089736
-70.5,42.5,522,-70.610375,42.98966,5.7573067463768854,6.0902611172951016,17.095856950089736,13.80681899216798,17.095856950089736
-70.5,42.5,522,-70.47183,42.3227,5.7573067463768854,6.0902611172951016,17.095856950089736,13.80681899216798,17.095856950089736
-70.5,42.5,522,-70.47157,42.31792,5.7573067463768854,6.0902611172951016,17.095856950089736,13.80681899216798,17.095856950089736
-70.5,42.5,522,-70.4707,42.31831,5.7573067463768854,6.0902611172951016,17.095856950089736,13.80681899216798,17.095856950089736
-70.5,42.5,522,-70.47036,42.322,5.7573067463768854,6.0902611172951016,17.095856950089736,13.80681899216798,17.095856950089736
-70.5,42.5,522,-70.46893,42.31937,5.7573067463768854,6.0902611172951016,17.095856950089736,13.80681899216798,17.095856950089736
-70.5,43.5,492,-71.00862,43.01112,5.172302054829068,5.465064051988962,16.476074154312546,13.061376898138374,16.476074154312546
-70.5,43.5,492,-70.736,43.112,5.172302054829068,5.465064051988962,16.476074154312546,13.061376898138374,16.476074154312546
-70.5,43.5,492,-70.63,43.118,5.172302054829068,5.465064051988962,16.476074154312546,13.061376898138374,16.476074154312546
-70.5,43.5,492,-70.622224,43.070829,5.172302054829068,5.465064051988962,16.476074154312546,13.061376898138374,16.476074154312546
-70.5,43.5,492,-70.621,43.134,5.172302054829068,5.465064051988962,16.476074154312546,13.061376898138374,16.476074154312546
-70.5,43.5,492,-70.618,43.141,5.172302054829068,5.465064051988962,16.476074154312546,13.061376898138374,16.476074154312546
-70.5,43.5,492,-70.608241,43.071741,5.172302054829068,5.465064051988962,16.476074154312546,13.061376898138374,16.476074154312546
-70.5,43.5,492,-70.60603,43.00588,5.172302054829068,5.465064051988962,16.476074154312546,13.061376898138374,16.476074154312546
-70.5,43.5,492,-70.604214,43.001839,5.172302054829068,5.465064051988962,16.476074154312546,13.061376898138374,16.476074154312546
-70.5,43.5,492,-70.597,43.00497,5.172302054829068,5.465064051988962,16.476074154312546,13.061376898138374,16.476074154312546
-70.5,43.5,492,-70.592358,43.166109,5.172302054829068,5.465064051988962,16.476074154312546,13.061376898138374,16.476074154312546
-70.5,43.5,492,-70.591034,43.164158,5.172302054829068,5.465064051988962,16.476074154312546,13.061376898138374,16.476074154312546
-70.5,43.5,492,-70.47571,43.121676,5.172302054829068,5.465064051988962,16.476074154312546,13.061376898138374,16.476074154312546
-70.5,43.5,492,-70.30401,43.52791,5.172302054829068,5.465064051988962,16.476074154312546,13.061376898138374,16.476074154312546
-70.5,43.5,492,-70.30323,43.53576,5.172302054829068,5.465064051988962,16.476074154312546,13.061376898138374,16.476074154312546
-70.5,43.5,492,-70.3032,43.5358,5.172302054829068,5.465064051988962,16.476074154312546,13.061376898138374,16.476074154312546
-70.5,43.5,492,-70.223764,43.653528,5.172302054829068,5.465064051988962,16.476074154312546,13.061376898138374,16.476074154312546
-70.5,43.5,492,-70.08436,43.68669,5.172302054829068,5.465064051988962,16.476074154312546,13.061376898138374,16.476074154312546
-70.5,43.5,492,-70.0828,43.6915,5.172302054829068,5.465064051988962,16.476074154312546,13.061376898138374,16.476074154312546
-70.5,43.5,492,-70.082733,43.687002,5.172302054829068,5.465064051988962,16.476074154312546,13.061376898138374,16.476074154312546
-69.5,43.5,493,-69.96087,43.76509,5.6097759744856095,5.658404089309074,16.11249639751675,13.040394658440942,16.11249639751675
-69.5,43.5,493,-69.95305,43.76074,5.6097759744856095,5.658404089309074,16.11249639751675,13.040394658440942,16.11249639751675
-69.5,43.5,493,-69.9514,43.7651,5.6097759744856095,5.658404089309074,16.11249639751675,13.040394658440942,16.11249639751675
-69.5,43.5,493,-69.9469,43.7158,5.6097759744856095,5.658404089309074,16.11249639751675,13.040394658440942,16.11249639751675
-69.5,43.5,493,-69.9402,43.71212,5.6097759744856095,5.658404089309074,16.11249639751675,13.040394658440942,16.11249639751675
-69.5,43.5,493,-69.9402,43.7159,5.6097759744856095,5.658404089309074,16.11249639751675,13.040394658440942,16.11249639751675
-69.5,43.5,493,-69.6743,43.79336,5.6097759744856095,5.658404089309074,16.11249639751675,13.040394658440942,16.11249639751675
-69.5,43.5,493,-69.6743,43.7934,5.6097759744856095,5.658404089309074,16.11249639751675,13.040394658440942,16.11249639751675
-69.5,43.5,493,-69.6682,43.7934,5.6097759744856095,5.658404089309074,16.11249639751675,13.040394658440942,16.11249639751675
-69.5,43.5,493,-69.64226,43.82497,5.6097759744856095,5.658404089309074,16.11249639751675,13.040394658440942,16.11249639751675
-69.5,43.5,493,-69.6401,43.82947,5.6097759744856095,5.658404089309074,16.11249639751675,13.040394658440942,16.11249639751675
-69.5,43.5,493,-69.63938,43.82462,5.6097759744856095,5.658404089309074,16.11249639751675,13.040394658440942,16.11249639751675
-69.5,43.5,493,-69.6188,43.82211,5.6097759744856095,5.658404089309074,16.11249639751675,13.040394658440942,16.11249639751675
-69.5,43.5,493,-69.6167,43.8287,5.6097759744856095,5.658404089309074,16.11249639751675,13.040394658440942,16.11249639751675
-69.5,43.5,493,-69.61182,43.820496,5.6097759744856095,5.658404089309074,16.11249639751675,13.040394658440942,16.11249639751675
-69.5,43.5,493,-69.6031,43.79359,5.6097759744856095,5.658404089309074,16.11249639751675,13.040394658440942,16.11249639751675
-69.5,43.5,493,-69.6022,43.76666,5.6097759744856095,5.658404089309074,16.11249639751675,13.040394658440942,16.11249639751675
-69.5,43.5,493,-69.60166,43.7933,5.6097759744856095,5.658404089309074,16.11249639751675,13.040394658440942,16.11249639751675
-69.5,43.5,493,-69.5997,43.7891,5.6097759744856095,5.658404089309074,16.11249639751675,13.040394658440942,16.11249639751675
-69.5,43.5,493,-69.59834,43.79362,5.6097759744856095,5.658404089309074,16.11249639751675,13.040394658440942,16.11249639751675
-69.5,43.5,493,-69.5885,43.77564,5.6097759744856095,5.658404089309074,16.11249639751675,13.040394658440942,16.11249639751675
-69.5,43.5,493,-69.586964,43.771149,5.6097759744856095,5.658404089309074,16.11249639751675,13.040394658440942,16.11249639751675
-69.5,43.5,493,-69.5803,43.77567,5.6097759744856095,5.658404089309074,16.11249639751675,13.040394658440942,16.11249639751675
-69.5,43.5,493,-69.5516,43.8166,5.6097759744856095,5.658404089309074,16.11249639751675,13.040394658440942,16.11249639751675
-69.5,43.5,493,-69.53466,43.86489,5.6097759744856095,5.658404089309074,16.11249639751675,13.040394658440942,16.11249639751675
-69.5,43.5,493,-69.5336,43.8698,5.6097759744856095,5.658404089309074,16.11249639751675,13.040394658440942,16.11249639751675
-69.5,43.5,493,-69.529659,43.862259,5.6097759744856095,5.658404089309074,16.11249639751675,13.040394658440942,16.11249639751675
-69.5,43.5,493,-69.5166,43.83361,5.6097759744856095,5.658404089309074,16.11249639751675,13.040394658440942,16.11249639751675
-69.5,43.5,493,-69.506934,43.835355,5.6097759744856095,5.658404089309074,16.11249639751675,13.040394658440942,16.11249639751675
-69.5,43.5,493,-69.4708,43.8886,5.6097759744856095,5.658404089309074,16.11249639751675,13.040394658440942,16.11249639751675
-69.5,43.5,493,-69.46879,43.88809,5.6097759744856095,5.658404089309074,16.11249639751675,13.040394658440942,16.11249639751675
-69.5,43.5,493,-69.4653,43.8942,5.6097759744856095,5.658404089309074,16.11249639751675,13.040394658440942,16.11249639751675
-69.5,43.5,493,-69.4409,43.8887,5.6097759744856095,5.658404089309074,16.11249639751675,13.040394658440942,16.11249639751675
-69.5,43.5,493,-69.439068,43.884171,5.6097759744856095,5.658404089309074,16.11249639751675,13.040394658440942,16.11249639751675
-69.5,43.5,493,-69.4331,43.88869,5.6097759744856095,5.658404089309074,16.11249639751675,13.040394658440942,16.11249639751675
-69.5,43.5,493,-69.3828,43.91136,5.6097759744856095,5.658404089309074,16.11249639751675,13.040394658440942,16.11249639751675
-69.5,43.5,493,-69.381,43.9147,5.6097759744856095,5.658404089309074,16.11249639751675,13.040394658440942,16.11249639751675
-69.5,43.5,493,-69.37804,43.91571,5.6097759744856095,5.658404089309074,16.11249639751675,13.040394658440942,16.11249639751675
-69.5,43.5,493,-69.378,43.9159,5.6097759744856095,5.658404089309074,16.11249639751675,13.040394658440942,16.11249639751675
-69.5,43.5,493,-69.3146,43.9116,5.6097759744856095,5.658404089309074,16.11249639751675,13.040394658440942,16.11249639751675
-69.5,43.5,493,-69.3146,43.9196,5.6097759744856095,5.658404089309074,16.11249639751675,13.040394658440942,16.11249639751675
-69.5,43.5,493,-69.3091,43.9194,5.6097759744856095,5.658404089309074,16.11249639751675,13.040394658440942,16.11249639751675
-69.5,43.5,493,-69.30907,43.91941,5.6097759744856095,5.658404089309074,16.11249639751675,13.040394658440942,16.11249639751675
-69.5,43.5,493,-69.306309,43.875586,5.6097759744856095,5.658404089309074,16.11249639751675,13.040394658440942,16.11249639751675
-69.5,43.5,493,-69.3008,43.934,5.6097759744856095,5.658404089309074,16.11249639751675,13.040394658440942,16.11249639751675
-69.5,43.5,493,-69.30068,43.93412,5.6097759744856095,5.658404089309074,16.11249639751675,13.040394658440942,16.11249639751675
-69.5,43.5,493,-69.2962,43.8711,5.6097759744856095,5.658404089309074,16.11249639751675,13.040394658440942,16.11249639751675
-69.5,43.5,493,-69.2948,43.87561,5.6097759744856095,5.658404089309074,16.11249639751675,13.040394658440942,16.11249639751675
-69.5,43.5,493,-69.2937,43.93324,5.6097759744856095,5.658404089309074,16.11249639751675,13.040394658440942,16.11249639751675
-69.5,43.5,493,-69.270683,43.9027,5.6097759744856095,5.658404089309074,16.11249639751675,13.040394658440942,16.11249639751675
-69.5,43.5,493,-69.2706,43.9027,5.6097759744856095,5.658404089309074,16.11249639751675,13.040394658440942,16.11249639751675
-69.5,43.5,493,-69.2705,43.9072,5.6097759744856095,5.658404089309074,16.11249639751675,13.040394658440942,16.11249639751675
-69.5,43.5,493,-69.12922,43.88965,5.6097759744856095,5.658404089309074,16.11249639751675,13.040394658440942,16.11249639751675
-69.5,43.5,493,-69.1288,43.8679,5.6097759744856095,5.658404089309074,16.11249639751675,13.040394658440942,16.11249639751675
-69.5,43.5,493,-69.1282,43.8942,5.6097759744856095,5.658404089309074,16.11249639751675,13.040394658440942,16.11249639751675
-69.5,43.5,493,-69.1277,43.8626,5.6097759744856095,5.658404089309074,16.11249639751675,13.040394658440942,16.11249639751675
-69.5,43.5,493,-69.12148,43.86717,5.6097759744856095,5.658404089309074,16.11249639751675,13.040394658440942,16.11249639751675
-69.5,43.5,493,-69.1201,43.8897,5.6097759744856095,5.658404089309074,16.11249639751675,13.040394658440942,16.11249639751675
-69.5,43.5,493,-69.12,43.8939,5.6097759744856095,5.658404089309074,16.11249639751675,13.040394658440942,16.11249639751675
-69.5,43.5,493,-69.0903,43.9798,5.6097759744856095,5.658404089309074,16.11249639751675,13.040394658440942,16.11249639751675
-69.5,43.5,493,-69.0841,43.9753,5.6097759744856095,5.658404089309074,16.11249639751675,13.040394658440942,16.11249639751675
-69.5,43.5,493,-69.08408,43.97532,5.6097759744856095,5.658404089309074,16.11249639751675,13.040394658440942,16.11249639751675
-69.5,43.5,493,-69.0653,43.9709,5.6097759744856095,5.658404089309074,16.11249639751675,13.040394658440942,16.11249639751675
-69.5,43.5,493,-69.0653,43.9754,5.6097759744856095,5.658404089309074,16.11249639751675,13.040394658440942,16.11249639751675
-69.5,43.5,493,-69.0613,43.9718,5.6097759744856095,5.658404089309074,16.11249639751675,13.040394658440942,16.11249639751675
-68.5,42.5,524,-68.94351,42.89058,6.040853501425849,5.8746093554539724,15.79722887331301,13.392663369307646,15.79722887331301
-68.5,44.5,464,-69.07162,44.02038,5.676799696816339,5.225128198529149,13.939765500592756,11.973028030481425,13.939765500592756
-68.5,44.5,464,-69.0716,44.0234,5.676799696816339,5.225128198529149,13.939765500592756,11.973028030481425,13.939765500592756
-68.5,44.5,464,-69.0657,44.02,5.676799696816339,5.225128198529149,13.939765500592756,11.973028030481425,13.939765500592756
-68.5,44.5,464,-69.0611,44.1719,5.676799696816339,5.225128198529149,13.939765500592756,11.973028030481425,13.939765500592756
-68.5,44.5,464,-69.0609,44.17202,5.676799696816339,5.225128198529149,13.939765500592756,11.973028030481425,13.939765500592756
-68.5,44.5,464,-69.05934,44.16448,5.676799696816339,5.225128198529149,13.939765500592756,11.973028030481425,13.939765500592756
-68.5,44.5,464,-69.057,44.1722,5.676799696816339,5.225128198529149,13.939765500592756,11.973028030481425,13.939765500592756
-68.5,44.5,464,-69.0526,44.0743,5.676799696816339,5.225128198529149,13.939765500592756,11.973028030481425,13.939765500592756
-68.5,44.5,464,-69.0521,44.079,5.676799696816339,5.225128198529149,13.939765500592756,11.973028030481425,13.939765500592756
-68.5,44.5,464,-69.04713,44.07907,5.676799696816339,5.225128198529149,13.939765500592756,11.973028030481425,13.939765500592756
-68.5,44.5,464,-69.0471,44.0791,5.676799696816339,5.225128198529149,13.939765500592756,11.973028030481425,13.939765500592756
-68.5,44.5,464,-69.0469,44.07448,5.676799696816339,5.225128198529149,13.939765500592756,11.973028030481425,13.939765500592756
-68.5,44.5,464,-69.0407,44.07,5.676799696816339,5.225128198529149,13.939765500592756,11.973028030481425,13.939765500592756
-68.5,44.5,464,-69.0407,44.0737,5.676799696816339,5.225128198529149,13.939765500592756,11.973028030481425,13.939765500592756
-68.5,44.5,464,-69.03446,44.07453,5.676799696816339,5.225128198529149,13.939765500592756,11.973028030481425,13.939765500592756
-68.5,44.5,464,-68.95551,44.20083,5.676799696816339,5.225128198529149,13.939765500592756,11.973028030481425,13.939765500592756
-68.5,44.5,464,-68.9553,44.2015,5.676799696816339,5.225128198529149,13.939765500592756,11.973028030481425,13.939765500592756
-68.5,44.5,464,-68.95215,44.20533,5.676799696816339,5.225128198529149,13.939765500592756,11.973028030481425,13.939765500592756
-68.5,44.5,464,-68.89541,44.03941,5.676799696816339,5.225128198529149,13.939765500592756,11.973028030481425,13.939765500592756
-68.5,44.5,464,-68.892833,44.039867,5.676799696816339,5.225128198529149,13.939765500592756,11.973028030481425,13.939765500592756
-68.5,44.5,464,-68.89277233333334,44.04001133333333,5.676799696816339,5.225128198529149,13.939765500592756,11.973028030481425,13.939765500592756
-68.5,44.5,464,-68.89272,44.03881,5.676799696816339,5.225128198529149,13.939765500592756,11.973028030481425,13.939765500592756
-68.5,44.5,464,-68.891345,44.0404,5.676799696816339,5.225128198529149,13.939765500592756,11.973028030481425,13.939765500592756
-68.5,44.5,464,-68.86120004,44.02460002,5.676799696816339,5.225128198529149,13.939765500592756,11.973028030481425,13.939765500592756
-68.5,44.5,464,-68.8612,44.0246,5.676799696816339,5.225128198529149,13.939765500592756,11.973028030481425,13.939765500592756
-68.5,44.5,464,-68.8532,44.0256,5.676799696816339,5.225128198529149,13.939765500592756,11.973028030481425,13.939765500592756
-68.5,44.5,464,-68.8086,44.3724,5.676799696816339,5.225128198529149,13.939765500592756,11.973028030481425,13.939765500592756
-68.5,44.5,464,-68.8022,44.3723,5.676799696816339,5.225128198529149,13.939765500592756,11.973028030481425,13.939765500592756
-68.5,44.5,464,-68.7986,44.3762,5.676799696816339,5.225128198529149,13.939765500592756,11.973028030481425,13.939765500592756
-68.5,44.5,464,-68.7964,44.1928,5.676799696816339,5.225128198529149,13.939765500592756,11.973028030481425,13.939765500592756
-68.5,44.5,464,-68.7842,44.1911,5.676799696816339,5.225128198529149,13.939765500592756,11.973028030481425,13.939765500592756
-68.5,44.5,464,-68.78413,44.191160000000004,5.676799696816339,5.225128198529149,13.939765500592756,11.973028030481425,13.939765500592756
-68.5,44.5,464,-68.67213,44.06534,5.676799696816339,5.225128198529149,13.939765500592756,11.973028030481425,13.939765500592756
-68.5,44.5,464,-68.6709,44.0731,5.676799696816339,5.225128198529149,13.939765500592756,11.973028030481425,13.939765500592756
-68.5,44.5,464,-68.65365,44.00269,5.676799696816339,5.225128198529149,13.939765500592756,11.973028030481425,13.939765500592756
-68.5,44.5,464,-68.65243,44.005,5.676799696816339,5.225128198529149,13.939765500592756,11.973028030481425,13.939765500592756
-68.5,44.5,464,-68.6139,44.1575,5.676799696816339,5.225128198529149,13.939765500592756,11.973028030481425,13.939765500592756
-68.5,44.5,464,-68.61084,44.15751,5.676799696816339,5.225128198529149,13.939765500592756,11.973028030481425,13.939765500592756
-68.5,44.5,464,-68.60991,44.0199,5.676799696816339,5.225128198529149,13.939765500592756,11.973028030481425,13.939765500592756
-68.5,44.5,464,-68.6092,44.15495,5.676799696816339,5.225128198529149,13.939765500592756,11.973028030481425,13.939765500592756
-68.5,44.5,464,-68.609039,44.015404,5.676799696816339,5.225128198529149,13.939765500592756,11.973028030481425,13.939765500592756
-68.5,44.5,464,-68.6078,44.0149,5.676799696816339,5.225128198529149,13.939765500592756,11.973028030481425,13.939765500592756
-68.5,44.5,464,-68.5848,44.0603,5.676799696816339,5.225128198529149,13.939765500592756,11.973028030481425,13.939765500592756
-68.5,44.5,464,-68.58426,44.14128,5.676799696816339,5.225128198529149,13.939765500592756,11.973028030481425,13.939765500592756
-68.5,44.5,464,-68.5842,44.1491,5.676799696816339,5.225128198529149,13.939765500592756,11.973028030481425,13.939765500592756
-68.5,44.5,464,-68.5841,44.15877,5.676799696816339,5.225128198529149,13.939765500592756,11.973028030481425,13.939765500592756
-68.5,44.5,464,-68.578571,44.055712,5.676799696816339,5.225128198529149,13.939765500592756,11.973028030481425,13.939765500592756
-68.5,44.5,464,-68.5785,44.0602,5.676799696816339,5.225128198529149,13.939765500592756,11.973028030481425,13.939765500592756
-68.5,44.5,464,-68.5783,44.1555,5.676799696816339,5.225128198529149,13.939765500592756,11.973028030481425,13.939765500592756
-68.5,44.5,464,-68.578,44.1457,5.676799696816339,5.225128198529149,13.939765500592756,11.973028030481425,13.939765500592756
-68.5,44.5,464,-68.5777,44.159,5.676799696816339,5.225128198529149,13.939765500592756,11.973028030481425,13.939765500592756
-68.5,44.5,464,-68.49663,44.16329,5.676799696816339,5.225128198529149,13.939765500592756,11.973028030481425,13.939765500592756
-68.5,44.5,464,-68.49657,44.16321,5.676799696816339,5.225128198529149,13.939765500592756,11.973028030481425,13.939765500592756
-68.5,44.5,464,-68.494,44.1667,5.676799696816339,5.225128198529149,13.939765500592756,11.973028030481425,13.939765500592756
-68.5,44.5,464,-68.48462,44.09559,5.676799696816339,5.225128198529149,13.939765500592756,11.973028030481425,13.939765500592756
-68.5,44.5,464,-68.4846,44.1001,5.676799696816339,5.225128198529149,13.939765500592756,11.973028030481425,13.939765500592756
-68.5,44.5,464,-68.4789,44.0999,5.676799696816339,5.225128198529149,13.939765500592756,11.973028030481425,13.939765500592756
-68.5,44.5,464,-68.47401,44.37805,5.676799696816339,5.225128198529149,13.939765500592756,11.973028030481425,13.939765500592756
-68.5,44.5,464,-68.4696,44.378,5.676799696816339,5.225128198529149,13.939765500592756,11.973028030481425,13.939765500592756
-68.5,44.5,464,-68.4637,44.3791,5.676799696816339,5.225128198529149,13.939765500592756,11.973028030481425,13.939765500592756
-68.5,44.5,464,-68.43279,44.29333,5.676799696816339,5.225128198529149,13.939765500592756,11.973028030481425,13.939765500592756
-68.5,44.5,464,-68.43277,44.29782,5.676799696816339,5.225128198529149,13.939765500592756,11.973028030481425,13.939765500592756
-68.5,44.5,464,-68.4275,44.2933,5.676799696816339,5.225128198529149,13.939765500592756,11.973028030481425,13.939765500592756
-68.5,44.5,464,-68.4135,44.13053,5.676799696816339,5.225128198529149,13.939765500592756,11.973028030481425,13.939765500592756
-68.5,44.5,464,-68.413,44.1876,5.676799696816339,5.225128198529149,13.939765500592756,11.973028030481425,13.939765500592756
-68.5,44.5,464,-68.41244,44.18516,5.676799696816339,5.225128198529149,13.939765500592756,11.973028030481425,13.939765500592756
-68.5,44.5,464,-68.408779,44.189623,5.676799696816339,5.225128198529149,13.939765500592756,11.973028030481425,13.939765500592756
-68.5,44.5,464,-68.40311,44.13106,5.676799696816339,5.225128198529149,13.939765500592756,11.973028030481425,13.939765500592756
-68.5,44.5,464,-68.4031,44.1355,5.676799696816339,5.225128198529149,13.939765500592756,11.973028030481425,13.939765500592756
-68.5,44.5,464,-68.3433333,44.1033333,5.676799696816339,5.225128198529149,13.939765500592756,11.973028030481425,13.939765500592756
-68.5,44.5,464,-68.31394,44.32727,5.676799696816339,5.225128198529149,13.939765500592756,11.973028030481425,13.939765500592756
-68.5,44.5,464,-68.306004,44.333,5.676799696816339,5.225128198529149,13.939765500592756,11.973028030481425,13.939765500592756
-68.5,44.5,464,-68.306,44.333,5.676799696816339,5.225128198529149,13.939765500592756,11.973028030481425,13.939765500592756
-68.5,44.5,464,-68.27,44.2762,5.676799696816339,5.225128198529149,13.939765500592756,11.973028030481425,13.939765500592756
-68.5,44.5,464,-68.26944,44.270626,5.676799696816339,5.225128198529149,13.939765500592756,11.973028030481425,13.939765500592756
-68.5,44.5,464,-68.26386,44.27057,5.676799696816339,5.225128198529149,13.939765500592756,11.973028030481425,13.939765500592756
-68.5,44.5,464,-68.2516667,44.1466667,5.676799696816339,5.225128198529149,13.939765500592756,11.973028030481425,13.939765500592756
-68.5,44.5,464,-68.2494,44.171,5.676799696816339,5.225128198529149,13.939765500592756,11.973028030481425,13.939765500592756
-68.5,44.5,464,-68.24911,44.17505,5.676799696816339,5.225128198529149,13.939765500592756,11.973028030481425,13.939765500592756
-68.5,44.5,464,-68.2483333,44.1733333,5.676799696816339,5.225128198529149,13.939765500592756,11.973028030481425,13.939765500592756
-68.5,44.5,464,-68.2458,44.1707,5.676799696816339,5.225128198529149,13.939765500592756,11.973028030481425,13.939765500592756
-68.5,44.5,464,-68.245216,44.237915,5.676799696816339,5.225128198529149,13.939765500592756,11.973028030481425,13.939765500592756
-68.5,44.5,464,-68.2452,44.2376,5.676799696816339,5.225128198529149,13.939765500592756,11.973028030481425,13.939765500592756
-68.5,44.5,464,-68.23991,44.17499,5.676799696816339,5.225128198529149,13.939765500592756,11.973028030481425,13.939765500592756
-68.5,44.5,464,-68.2391,44.2379,5.676799696816339,5.225128198529149,13.939765500592756,11.973028030481425,13.939765500592756
-68.5,44.5,464,-68.2096,44.239,5.676799696816339,5.225128198529149,13.939765500592756,11.973028030481425,13.939765500592756
-68.5,44.5,464,-68.2079,44.2423,5.676799696816339,5.225128198529149,13.939765500592756,11.973028030481425,13.939765500592756
-68.5,44.5,464,-68.2066667,44.2383333,5.676799696816339,5.225128198529149,13.939765500592756,11.973028030481425,13.939765500592756
-68.5,44.5,464,-68.2048,44.2371,5.676799696816339,5.225128198529149,13.939765500592756,11.973028030481425,13.939765500592756
-68.5,44.5,464,-68.1934,44.3065,5.676799696816339,5.225128198529149,13.939765500592756,11.973028030481425,13.939765500592756
-68.5,44.5,464,-68.18947,44.31419,5.676799696816339,5.225128198529149,13.939765500592756,11.973028030481425,13.939765500592756
-68.5,44.5,464,-68.1869,44.3099,5.676799696816339,5.225128198529149,13.939765500592756,11.973028030481425,13.939765500592756
-68.5,44.5,464,-68.18109,44.36367,5.676799696816339,5.225128198529149,13.939765500592756,11.973028030481425,13.939765500592756
-68.5,44.5,464,-68.181,44.3638,5.676799696816339,5.225128198529149,13.939765500592756,11.973028030481425,13.939765500592756
-68.5,44.5,464,-68.1757,44.3636,5.676799696816339,5.225128198529149,13.939765500592756,11.973028030481425,13.939765500592756
-68.5,44.5,464,-68.17277,44.46287,5.676799696816339,5.225128198529149,13.939765500592756,11.973028030481425,13.939765500592756
-68.5,44.5,464,-68.1669,44.4623,5.676799696816339,5.225128198529149,13.939765500592756,11.973028030481425,13.939765500592756
-68.5,44.5,464,-68.16106,44.47173,5.676799696816339,5.225128198529149,13.939765500592756,11.973028030481425,13.939765500592756
-68.5,44.5,464,-68.1609,44.4626,5.676799696816339,5.225128198529149,13.939765500592756,11.973028030481425,13.939765500592756
-68.5,44.5,464,-68.1608,44.46708,5.676799696816339,5.225128198529149,13.939765500592756,11.973028030481425,13.939765500592756
-68.5,44.5,464,-68.1566,44.46178,5.676799696816339,5.225128198529149,13.939765500592756,11.973028030481425,13.939765500592756
-68.5,44.5,464,-68.1566,44.4618,5.676799696816339,5.225128198529149,13.939765500592756,11.973028030481425,13.939765500592756
-68.5,44.5,464,-68.1552,44.4658,5.676799696816339,5.225128198529149,13.939765500592756,11.973028030481425,13.939765500592756
-68.5,44.5,464,-68.15455,44.46621,5.676799696816339,5.225128198529149,13.939765500592756,11.973028030481425,13.939765500592756
-68.5,44.5,464,-68.1443,44.3954,5.676799696816339,5.225128198529149,13.939765500592756,11.973028030481425,13.939765500592756
-68.5,44.5,464,-68.14297,44.39943,5.676799696816339,5.225128198529149,13.939765500592756,11.973028030481425,13.939765500592756
-68.5,44.5,464,-68.1394,44.4002,5.676799696816339,5.225128198529149,13.939765500592756,11.973028030481425,13.939765500592756
-68.5,44.5,464,-68.13937,44.40024,5.676799696816339,5.225128198529149,13.939765500592756,11.973028030481425,13.939765500592756
-68.5,44.5,464,-68.1363,44.4175,5.676799696816339,5.225128198529149,13.939765500592756,11.973028030481425,13.939765500592756
-68.5,44.5,464,-68.1358,44.4258,5.676799696816339,5.225128198529149,13.939765500592756,11.973028030481425,13.939765500592756
-68.5,44.5,464,-68.1349,44.4174,5.676799696816339,5.225128198529149,13.939765500592756,11.973028030481425,13.939765500592756
-68.5,44.5,464,-68.1319,44.4123,5.676799696816339,5.225128198529149,13.939765500592756,11.973028030481425,13.939765500592756
-68.5,44.5,464,-68.1314,44.41286,5.676799696816339,5.225128198529149,13.939765500592756,11.973028030481425,13.939765500592756
-68.5,44.5,464,-68.13,44.41907,5.676799696816339,5.225128198529149,13.939765500592756,11.973028030481425,13.939765500592756
-68.5,44.5,464,-68.1298,44.4192,5.676799696816339,5.225128198529149,13.939765500592756,11.973028030481425,13.939765500592756
-68.5,44.5,464,-68.1057,44.3677,5.676799696816339,5.225128198529149,13.939765500592756,11.973028030481425,13.939765500592756
-68.5,44.5,464,-68.10566,44.36767,5.676799696816339,5.225128198529149,13.939765500592756,11.973028030481425,13.939765500592756
-68.5,44.5,464,-68.1054,44.3632,5.676799696816339,5.225128198529149,13.939765500592756,11.973028030481425,13.939765500592756
-68.5,44.5,464,-68.0996,44.35412,5.676799696816339,5.225128198529149,13.939765500592756,11.973028030481425,13.939765500592756
-68.5,44.5,464,-68.0985,44.3641,5.676799696816339,5.225128198529149,13.939765500592756,11.973028030481425,13.939765500592756
-68.5,44.5,464,-68.093441,44.349586,5.676799696816339,5.225128198529149,13.939765500592756,11.973028030481425,13.939765500592756
-68.5,44.5,464,-68.0934,44.3541,5.676799696816339,5.225128198529149,13.939765500592756,11.973028030481425,13.939765500592756
-68.5,44.5,464,-68.0934,44.3677,5.676799696816339,5.225128198529149,13.939765500592756,11.973028030481425,13.939765500592756
-68.5,44.5,464,-68.0932,44.3631,5.676799696816339,5.225128198529149,13.939765500592756,11.973028030481425,13.939765500592756
-68.5,44.5,464,-68.087,44.363,5.676799696816339,5.225128198529149,13.939765500592756,11.973028030481425,13.939765500592756
-68.5,44.5,464,-68.07843500000001,44.368210000000005,5.676799696816339,5.225128198529149,13.939765500592756,11.973028030481425,13.939765500592756
-68.5,44.5,464,-68.0781,44.3631,5.676799696816339,5.225128198529149,13.939765500592756,11.973028030481425,13.939765500592756
-68.5,44.5,464,-68.077935,44.36811,5.676799696816339,5.225128198529149,13.939765500592756,11.973028030481425,13.939765500592756
-68.5,44.5,464,-68.077,44.37017,5.676799696816339,5.225128198529149,13.939765500592756,11.973028030481425,13.939765500592756
-68.5,44.5,464,-68.0769,44.36297,5.676799696816339,5.225128198529149,13.939765500592756,11.973028030481425,13.939765500592756
-68.5,44.5,464,-68.0553,44.3358,5.676799696816339,5.225128198529149,13.939765500592756,11.973028030481425,13.939765500592756
-68.5,44.5,464,-68.0525,44.3345,5.676799696816339,5.225128198529149,13.939765500592756,11.973028030481425,13.939765500592756
-68.5,44.5,464,-68.0515,44.33128,5.676799696816339,5.225128198529149,13.939765500592756,11.973028030481425,13.939765500592756
-68.5,44.5,464,-68.04249,44.34023,5.676799696816339,5.225128198529149,13.939765500592756,11.973028030481425,13.939765500592756
-68.5,44.5,464,-68.03724,44.3357,5.676799696816339,5.225128198529149,13.939765500592756,11.973028030481425,13.939765500592756
-68.5,44.5,464,-68.0372,44.3357,5.676799696816339,5.225128198529149,13.939765500592756,11.973028030481425,13.939765500592756
-68.5,44.5,464,-68.0129,44.3851,5.676799696816339,5.225128198529149,13.939765500592756,11.973028030481425,13.939765500592756
-68.5,44.5,464,-68.0125,44.3939,5.676799696816339,5.225128198529149,13.939765500592756,11.973028030481425,13.939765500592756
-68.5,44.5,464,-68.0124,44.3896,5.676799696816339,5.225128198529149,13.939765500592756,11.973028030481425,13.939765500592756
-67.5,44.5,465,-67.9976,44.3669,5.579879561530219,5.086078558419202,13.249826422682753,11.804996069487151,13.249826422682753
-67.5,44.5,465,-67.9928,44.3669,5.579879561530219,5.086078558419202,13.249826422682753,11.804996069487151,13.249826422682753
-67.5,44.5,465,-67.9865,44.36687,5.579879561530219,5.086078558419202,13.249826422682753,11.804996069487151,13.249826422682753
-67.5,44.5,465,-67.9823,44.3668,5.579879561530219,5.086078558419202,13.249826422682753,11.804996069487151,13.249826422682753
-67.5,44.5,465,-67.978165,44.366816,5.579879561530219,5.086078558419202,13.249826422682753,11.804996069487151,13.249826422682753
-67.5,44.5,465,-67.974,44.3668,5.579879561530219,5.086078558419202,13.249826422682753,11.804996069487151,13.249826422682753
-67.5,44.5,465,-67.9674,44.3891,5.579879561530219,5.086078558419202,13.249826422682753,11.804996069487151,13.249826422682753
-67.5,44.5,465,-67.967266,44.389,5.579879561530219,5.086078558419202,13.249826422682753,11.804996069487151,13.249826422682753
-67.5,44.5,465,-67.96422,44.389065,5.579879561530219,5.086078558419202,13.249826422682753,11.804996069487151,13.249826422682753
-67.5,44.5,465,-67.961,44.3892,5.579879561530219,5.086078558419202,13.249826422682753,11.804996069487151,13.249826422682753
-67.5,44.5,465,-67.9509,44.3973,5.579879561530219,5.086078558419202,13.249826422682753,11.804996069487151,13.249826422682753
-67.5,44.5,465,-67.95086,44.39761,5.579879561530219,5.086078558419202,13.249826422682753,11.804996069487151,13.249826422682753
-67.5,44.5,465,-67.94713,44.39865,5.579879561530219,5.086078558419202,13.249826422682753,11.804996069487151,13.249826422682753
-67.5,44.5,465,-67.942669,44.398499,5.579879561530219,5.086078558419202,13.249826422682753,11.804996069487151,13.249826422682753
-67.5,44.5,465,-67.9418,44.4116,5.579879561530219,5.086078558419202,13.249826422682753,11.804996069487151,13.249826422682753
-67.5,44.5,465,-67.9402,44.40708,5.579879561530219,5.086078558419202,13.249826422682753,11.804996069487151,13.249826422682753
-67.5,44.5,465,-67.94,44.4072,5.579879561530219,5.086078558419202,13.249826422682753,11.804996069487151,13.249826422682753
-67.5,44.5,465,-67.9366,44.4051,5.579879561530219,5.086078558419202,13.249826422682753,11.804996069487151,13.249826422682753
-67.5,44.5,465,-67.93636,44.36204,5.579879561530219,5.086078558419202,13.249826422682753,11.804996069487151,13.249826422682753
-67.5,44.5,465,-67.93627,44.36654,5.579879561530219,5.086078558419202,13.249826422682753,11.804996069487151,13.249826422682753
-67.5,44.5,465,-67.9344,44.3644,5.579879561530219,5.086078558419202,13.249826422682753,11.804996069487151,13.249826422682753
-67.5,44.5,465,-67.93169,44.40701,5.579879561530219,5.086078558419202,13.249826422682753,11.804996069487151,13.249826422682753
-67.5,44.5,465,-67.9299,44.36649,5.579879561530219,5.086078558419202,13.249826422682753,11.804996069487151,13.249826422682753
-67.5,44.5,465,-67.9298,44.4115,5.579879561530219,5.086078558419202,13.249826422682753,11.804996069487151,13.249826422682753
-67.5,44.5,465,-67.929,44.4161,5.579879561530219,5.086078558419202,13.249826422682753,11.804996069487151,13.249826422682753
-67.5,44.5,465,-67.92899,44.41602,5.579879561530219,5.086078558419202,13.249826422682753,11.804996069487151,13.249826422682753
-67.5,44.5,465,-67.8796,44.37516,5.579879561530219,5.086078558419202,13.249826422682753,11.804996069487151,13.249826422682753
-67.5,44.5,465,-67.87349,44.37062,5.579879561530219,5.086078558419202,13.249826422682753,11.804996069487151,13.249826422682753
-67.5,44.5,465,-67.8733,44.3796,5.579879561530219,5.086078558419202,13.249826422682753,11.804996069487151,13.249826422682753
-67.5,44.5,465,-67.872879,44.402128,5.579879561530219,5.086078558419202,13.249826422682753,11.804996069487151,13.249826422682753
-67.5,44.5,465,-67.8728,44.4066,5.579879561530219,5.086078558419202,13.249826422682753,11.804996069487151,13.249826422682753
-67.5,44.5,465,-67.86653,44.40659,5.579879561530219,5.086078558419202,13.249826422682753,11.804996069487151,13.249826422682753
-67.5,44.5,465,-67.858173,44.442547,5.579879561530219,5.086078558419202,13.249826422682753,11.804996069487151,13.249826422682753
-67.5,44.5,465,-67.8581,44.4424,5.579879561530219,5.086078558419202,13.249826422682753,11.804996069487151,13.249826422682753
-67.5,44.5,465,-67.85321,44.44721,5.579879561530219,5.086078558419202,13.249826422682753,11.804996069487151,13.249826422682753
-67.5,44.5,465,-67.8477,44.42447,5.579879561530219,5.086078558419202,13.249826422682753,11.804996069487151,13.249826422682753
-67.5,44.5,465,-67.8476,44.429,5.579879561530219,5.086078558419202,13.249826422682753,11.804996069487151,13.249826422682753
-67.5,44.5,465,-67.84725,44.4215,5.579879561530219,5.086078558419202,13.249826422682753,11.804996069487151,13.249826422682753
-67.5,44.5,465,-67.8258,44.4423,5.579879561530219,5.086078558419202,13.249826422682753,11.804996069487151,13.249826422682753
-67.5,44.5,465,-67.82168,44.4423,5.579879561530219,5.086078558419202,13.249826422682753,11.804996069487151,13.249826422682753
-67.5,44.5,465,-67.8216,44.446,5.579879561530219,5.086078558419202,13.249826422682753,11.804996069487151,13.249826422682753
-67.5,44.5,465,-67.8209,44.4421,5.579879561530219,5.086078558419202,13.249826422682753,11.804996069487151,13.249826422682753
-67.5,44.5,465,-67.8143,44.48277,5.579879561530219,5.086078558419202,13.249826422682753,11.804996069487151,13.249826422682753
-67.5,44.5,465,-67.80993,44.47852,5.579879561530219,5.086078558419202,13.249826422682753,11.804996069487151,13.249826422682753
-67.5,44.5,465,-67.8083,44.4827,5.579879561530219,5.086078558419202,13.249826422682753,11.804996069487151,13.249826422682753
-67.5,44.5,465,-67.808296,44.482742,5.579879561530219,5.086078558419202,13.249826422682753,11.804996069487151,13.249826422682753
-67.5,44.5,465,-67.8018,44.4824,5.579879561530219,5.086078558419202,13.249826422682753,11.804996069487151,13.249826422682753
-67.5,44.5,465,-67.7897,44.4736,5.579879561530219,5.086078558419202,13.249826422682753,11.804996069487151,13.249826422682753
-67.5,44.5,465,-67.7859,44.4718,5.579879561530219,5.086078558419202,13.249826422682753,11.804996069487151,13.249826422682753
-67.5,44.5,465,-67.763393,44.495928,5.579879561530219,5.086078558419202,13.249826422682753,11.804996069487151,13.249826422682753
-67.5,44.5,465,-67.7582,44.4994,5.579879561530219,5.086078558419202,13.249826422682753,11.804996069487151,13.249826422682753
-67.5,44.5,465,-67.75206,44.49585,5.579879561530219,5.086078558419202,13.249826422682753,11.804996069487151,13.249826422682753
-67.5,44.5,465,-67.75111,44.48045,5.579879561530219,5.086078558419202,13.249826422682753,11.804996069487151,13.249826422682753
-67.5,44.5,465,-67.7444,44.4823,5.579879561530219,5.086078558419202,13.249826422682753,11.804996069487151,13.249826422682753
-67.5,44.5,465,-67.73913,44.48227,5.579879561530219,5.086078558419202,13.249826422682753,11.804996069487151,13.249826422682753
-67.5,44.5,465,-67.7014,44.48202,5.579879561530219,5.086078558419202,13.249826422682753,11.804996069487151,13.249826422682753
-67.5,44.5,465,-67.691265,44.481953,5.579879561530219,5.086078558419202,13.249826422682753,11.804996069487151,13.249826422682753
-67.5,44.5,465,-67.69122,44.48499,5.579879561530219,5.086078558419202,13.249826422682753,11.804996069487151,13.249826422682753
-67.5,44.5,465,-67.6783333,44.4616667,5.579879561530219,5.086078558419202,13.249826422682753,11.804996069487151,13.249826422682753
-67.5,44.5,465,-67.6766,44.4721,5.579879561530219,5.086078558419202,13.249826422682753,11.804996069487151,13.249826422682753
-67.5,44.5,465,-67.67655,44.47481,5.579879561530219,5.086078558419202,13.249826422682753,11.804996069487151,13.249826422682753
-67.5,44.5,465,-67.676289,44.486357,5.579879561530219,5.086078558419202,13.249826422682753,11.804996069487151,13.249826422682753
-67.5,44.5,465,-67.6705,44.489,5.579879561530219,5.086078558419202,13.249826422682753,11.804996069487151,13.249826422682753
-67.5,44.5,465,-67.6686,44.4746,5.579879561530219,5.086078558419202,13.249826422682753,11.804996069487151,13.249826422682753
-67.5,44.5,465,-67.6678,44.4896,5.579879561530219,5.086078558419202,13.249826422682753,11.804996069487151,13.249826422682753
-67.5,44.5,465,-67.6664,44.4747,5.579879561530219,5.086078558419202,13.249826422682753,11.804996069487151,13.249826422682753
-67.5,44.5,465,-67.6638,44.4862,5.579879561530219,5.086078558419202,13.249826422682753,11.804996069487151,13.249826422682753
-67.5,44.5,465,-67.6633333,44.4833333,5.579879561530219,5.086078558419202,13.249826422682753,11.804996069487151,13.249826422682753
-67.5,44.5,465,-67.65292,44.491517,5.579879561530219,5.086078558419202,13.249826422682753,11.804996069487151,13.249826422682753
-67.5,44.5,465,-67.637,44.4863,5.579879561530219,5.086078558419202,13.249826422682753,11.804996069487151,13.249826422682753
-67.5,44.5,465,-67.6366667,44.4916667,5.579879561530219,5.086078558419202,13.249826422682753,11.804996069487151,13.249826422682753
-67.5,44.5,465,-67.636499,44.490295,5.579879561530219,5.086078558419202,13.249826422682753,11.804996069487151,13.249826422682753
-67.5,44.5,465,-67.63622,44.50124,5.579879561530219,5.086078558419202,13.249826422682753,11.804996069487151,13.249826422682753
-67.5,44.5,465,-67.6361,44.5012,5.579879561530219,5.086078558419202,13.249826422682753,11.804996069487151,13.249826422682753
-67.5,44.5,465,-67.635,44.4916667,5.579879561530219,5.086078558419202,13.249826422682753,11.804996069487151,13.249826422682753
-67.5,44.5,465,-67.6335,44.4916,5.579879561530219,5.086078558419202,13.249826422682753,11.804996069487151,13.249826422682753
-67.5,44.5,465,-67.6331,44.49108,5.579879561530219,5.086078558419202,13.249826422682753,11.804996069487151,13.249826422682753
-67.5,44.5,465,-67.63207,44.48624,5.579879561530219,5.086078558419202,13.249826422682753,11.804996069487151,13.249826422682753
-67.5,44.5,465,-67.631863,44.494688,5.579879561530219,5.086078558419202,13.249826422682753,11.804996069487151,13.249826422682753
-67.5,44.5,465,-67.6276,44.4901,5.579879561530219,5.086078558419202,13.249826422682753,11.804996069487151,13.249826422682753
-67.5,44.5,465,-67.624035,44.463898,5.579879561530219,5.086078558419202,13.249826422682753,11.804996069487151,13.249826422682753
-67.5,44.5,465,-67.5794,44.4903,5.579879561530219,5.086078558419202,13.249826422682753,11.804996069487151,13.249826422682753
-67.5,44.5,465,-67.579377,44.490267,5.579879561530219,5.086078558419202,13.249826422682753,11.804996069487151,13.249826422682753
-67.5,44.5,465,-67.5772,44.4855,5.579879561530219,5.086078558419202,13.249826422682753,11.804996069487151,13.249826422682753
-67.5,44.5,465,-67.56432,44.48813,5.579879561530219,5.086078558419202,13.249826422682753,11.804996069487151,13.249826422682753
-67.5,44.5,465,-67.5636,44.5513,5.579879561530219,5.086078558419202,13.249826422682753,11.804996069487151,13.249826422682753
-67.5,44.5,465,-67.5632,44.5473,5.579879561530219,5.086078558419202,13.249826422682753,11.804996069487151,13.249826422682753
-67.5,44.5,465,-67.56276,44.54756,5.579879561530219,5.086078558419202,13.249826422682753,11.804996069487151,13.249826422682753
-67.5,44.5,465,-67.55694,44.48321,5.579879561530219,5.086078558419202,13.249826422682753,11.804996069487151,13.249826422682753
-67.5,44.5,465,-67.556755,44.490294,5.579879561530219,5.086078558419202,13.249826422682753,11.804996069487151,13.249826422682753
-67.5,44.5,465,-67.5554,44.5457,5.579879561530219,5.086078558419202,13.249826422682753,11.804996069487151,13.249826422682753
-67.5,44.5,465,-67.5553,44.54572,5.579879561530219,5.086078558419202,13.249826422682753,11.804996069487151,13.249826422682753
-67.5,44.5,465,-67.5366,44.5296,5.579879561530219,5.086078558419202,13.249826422682753,11.804996069487151,13.249826422682753
-67.5,44.5,465,-67.53652,44.53276,5.579879561530219,5.086078558419202,13.249826422682753,11.804996069487151,13.249826422682753
-67.5,44.5,465,-67.5365,44.5328,5.579879561530219,5.086078558419202,13.249826422682753,11.804996069487151,13.249826422682753
-67.5,44.5,465,-67.531109,44.519897,5.579879561530219,5.086078558419202,13.249826422682753,11.804996069487151,13.249826422682753
-67.5,44.5,465,-67.5311,44.5199,5.579879561530219,5.086078558419202,13.249826422682753,11.804996069487151,13.249826422682753
-67.5,44.5,465,-67.5307,44.5155,5.579879561530219,5.086078558419202,13.249826422682753,11.804996069487151,13.249826422682753
-67.5,44.5,465,-67.5302,44.5328,5.579879561530219,5.086078558419202,13.249826422682753,11.804996069487151,13.249826422682753
-67.5,44.5,465,-67.5291,44.56232,5.579879561530219,5.086078558419202,13.249826422682753,11.804996069487151,13.249826422682753
-67.5,44.5,465,-67.529,44.5624,5.579879561530219,5.086078558419202,13.249826422682753,11.804996069487151,13.249826422682753
-67.5,44.5,465,-67.5276,44.4822,5.579879561530219,5.086078558419202,13.249826422682753,11.804996069487151,13.249826422682753
-67.5,44.5,465,-67.5275,44.565,5.579879561530219,5.086078558419202,13.249826422682753,11.804996069487151,13.249826422682753
-67.5,44.5,465,-67.52656,44.55907,5.579879561530219,5.086078558419202,13.249826422682753,11.804996069487151,13.249826422682753
-67.5,44.5,465,-67.52526,44.48392,5.579879561530219,5.086078558419202,13.249826422682753,11.804996069487151,13.249826422682753
-67.5,44.5,465,-67.5248,44.484,5.579879561530219,5.086078558419202,13.249826422682753,11.804996069487151,13.249826422682753
-67.5,44.5,465,-67.5233,44.5559,5.579879561530219,5.086078558419202,13.249826422682753,11.804996069487151,13.249826422682753
-67.5,44.5,465,-67.5232,44.5559,5.579879561530219,5.086078558419202,13.249826422682753,11.804996069487151,13.249826422682753
-67.5,44.5,465,-67.52066,44.50998,5.579879561530219,5.086078558419202,13.249826422682753,11.804996069487151,13.249826422682753
-67.5,44.5,465,-67.5204,44.5095,5.579879561530219,5.086078558419202,13.249826422682753,11.804996069487151,13.249826422682753
-67.5,44.5,465,-67.520045,44.555111,5.579879561530219,5.086078558419202,13.249826422682753,11.804996069487151,13.249826422682753
-67.5,44.5,465,-67.5182,44.50681,5.579879561530219,5.086078558419202,13.249826422682753,11.804996069487151,13.249826422682753
-67.5,44.5,465,-67.51722,44.55131,5.579879561530219,5.086078558419202,13.249826422682753,11.804996069487151,13.249826422682753
-67.5,44.5,465,-67.512157,44.505568,5.579879561530219,5.086078558419202,13.249826422682753,11.804996069487151,13.249826422682753
-67.5,44.5,465,-67.5121,44.5002,5.579879561530219,5.086078558419202,13.249826422682753,11.804996069487151,13.249826422682753
-67.5,44.5,465,-67.5121,44.5025,5.579879561530219,5.086078558419202,13.249826422682753,11.804996069487151,13.249826422682753
-67.5,44.5,465,-67.50234,44.57755,5.579879561530219,5.086078558419202,13.249826422682753,11.804996069487151,13.249826422682753
-67.5,44.5,465,-67.502,44.5772,5.579879561530219,5.086078558419202,13.249826422682753,11.804996069487151,13.249826422682753
-67.5,44.5,465,-67.4977,44.57796,5.579879561530219,5.086078558419202,13.249826422682753,11.804996069487151,13.249826422682753
-67.5,44.5,465,-67.4972,44.5777,5.579879561530219,5.086078558419202,13.249826422682753,11.804996069487151,13.249826422682753
-67.5,44.5,465,-67.48568,44.55978,5.579879561530219,5.086078558419202,13.249826422682753,11.804996069487151,13.249826422682753
-67.5,44.5,465,-67.4853,44.5736,5.579879561530219,5.086078558419202,13.249826422682753,11.804996069487151,13.249826422682753
-67.5,44.5,465,-67.485,44.5822,5.579879561530219,5.086078558419202,13.249826422682753,11.804996069487151,13.249826422682753
-67.5,44.5,465,-67.48165,44.58034,5.579879561530219,5.086078558419202,13.249826422682753,11.804996069487151,13.249826422682753
-67.5,44.5,465,-67.4794,44.55968,5.579879561530219,5.086078558419202,13.249826422682753,11.804996069487151,13.249826422682753
-67.5,44.5,465,-67.4792,44.5596,5.579879561530219,5.086078558419202,13.249826422682753,11.804996069487151,13.249826422682753
-67.5,44.5,465,-67.4618,44.5985,5.579879561530219,5.086078558419202,13.249826422682753,11.804996069487151,13.249826422682753
-67.5,44.5,465,-67.4593,44.5962,5.579879561530219,5.086078558419202,13.249826422682753,11.804996069487151,13.249826422682753
-67.5,44.5,465,-67.4561,44.59653,5.579879561530219,5.086078558419202,13.249826422682753,11.804996069487151,13.249826422682753
-67.5,44.5,465,-67.4537,44.6003,5.579879561530219,5.086078558419202,13.249826422682753,11.804996069487151,13.249826422682753
-67.5,44.5,465,-67.451046,44.5996,5.579879561530219,5.086078558419202,13.249826422682753,11.804996069487151,13.249826422682753
-67.5,44.5,465,-67.4467,44.6005,5.579879561530219,5.086078558419202,13.249826422682753,11.804996069487151,13.249826422682753
-67.5,44.5,465,-67.4466,44.6006,5.579879561530219,5.086078558419202,13.249826422682753,11.804996069487151,13.249826422682753
-67.5,44.5,465,-67.4427,44.60376,5.579879561530219,5.086078558419202,13.249826422682753,11.804996069487151,13.249826422682753
-67.5,44.5,465,-67.4427,44.6038,5.579879561530219,5.086078558419202,13.249826422682753,11.804996069487151,13.249826422682753
-67.5,44.5,465,-67.4097,44.572,5.579879561530219,5.086078558419202,13.249826422682753,11.804996069487151,13.249826422682753
-67.5,44.5,465,-67.40965,44.57199,5.579879561530219,5.086078558419202,13.249826422682753,11.804996069487151,13.249826422682753
-67.5,44.5,465,-67.40451,44.57191,5.579879561530219,5.086078558419202,13.249826422682753,11.804996069487151,13.249826422682753
-67.5,44.5,465,-67.3904,44.59423,5.579879561530219,5.086078558419202,13.249826422682753,11.804996069487151,13.249826422682753
-67.5,44.5,465,-67.38786,44.5987,5.579879561530219,5.086078558419202,13.249826422682753,11.804996069487151,13.249826422682753
-67.5,44.5,465,-67.38555,44.59896,5.579879561530219,5.086078558419202,13.249826422682753,11.804996069487151,13.249826422682753
-67.5,44.5,465,-67.3764,44.6197,5.579879561530219,5.086078558419202,13.249826422682753,11.804996069487151,13.249826422682753
-67.5,44.5,465,-67.3754,44.59395,5.579879561530219,5.086078558419202,13.249826422682753,11.804996069487151,13.249826422682753
-67.5,44.5,465,-67.3753,44.5938,5.579879561530219,5.086078558419202,13.249826422682753,11.804996069487151,13.249826422682753
-67.5,44.5,465,-67.3736,44.5984,5.579879561530219,5.086078558419202,13.249826422682753,11.804996069487151,13.249826422682753
-67.5,44.5,465,-67.373578,44.598408,5.579879561530219,5.086078558419202,13.249826422682753,11.804996069487151,13.249826422682753
-67.5,44.5,465,-67.371464,44.59391,5.579879561530219,5.086078558419202,13.249826422682753,11.804996069487151,13.249826422682753
-67.5,44.5,465,-67.37083,44.61639,5.579879561530219,5.086078558419202,13.249826422682753,11.804996069487151,13.249826422682753
-67.5,44.5,465,-67.3707,44.62086,5.579879561530219,5.086078558419202,13.249826422682753,11.804996069487151,13.249826422682753
-67.5,44.5,465,-67.3692,44.5976,5.579879561530219,5.086078558419202,13.249826422682753,11.804996069487151,13.249826422682753
-67.5,44.5,465,-67.3679,44.6245,5.579879561530219,5.086078558419202,13.249826422682753,11.804996069487151,13.249826422682753
-67.5,44.5,465,-67.36613,44.5983,5.579879561530219,5.086078558419202,13.249826422682753,11.804996069487151,13.249826422682753
-67.5,44.5,465,-67.36485,44.62528,5.579879561530219,5.086078558419202,13.249826422682753,11.804996069487151,13.249826422682753
-67.5,44.5,465,-67.3648,44.6253,5.579879561530219,5.086078558419202,13.249826422682753,11.804996069487151,13.249826422682753
-67.5,44.5,465,-67.3645,44.6207,5.579879561530219,5.086078558419202,13.249826422682753,11.804996069487151,13.249826422682753
-67.5,44.5,465,-67.358,44.58406,5.579879561530219,5.086078558419202,13.249826422682753,11.804996069487151,13.249826422682753
-67.5,44.5,465,-67.358,44.5841,5.579879561530219,5.086078558419202,13.249826422682753,11.804996069487151,13.249826422682753
-67.5,44.5,465,-67.3524,44.5852,5.579879561530219,5.086078558419202,13.249826422682753,11.804996069487151,13.249826422682753
-67.5,44.5,465,-67.3328,44.65176,5.579879561530219,5.086078558419202,13.249826422682753,11.804996069487151,13.249826422682753
-67.5,44.5,465,-67.3317,44.6472,5.579879561530219,5.086078558419202,13.249826422682753,11.804996069487151,13.249826422682753
-67.5,44.5,465,-67.3277,44.6509,5.579879561530219,5.086078558419202,13.249826422682753,11.804996069487151,13.249826422682753
-67.5,44.5,465,-67.327633,44.651207,5.579879561530219,5.086078558419202,13.249826422682753,11.804996069487151,13.249826422682753
-67.5,44.5,465,-67.3207,44.5975,5.579879561530219,5.086078558419202,13.249826422682753,11.804996069487151,13.249826422682753
-67.5,44.5,465,-67.32067,44.59754,5.579879561530219,5.086078558419202,13.249826422682753,11.804996069487151,13.249826422682753
-67.5,44.5,465,-67.320541,44.60202,5.579879561530219,5.086078558419202,13.249826422682753,11.804996069487151,13.249826422682753
-67.5,44.5,465,-67.3115,44.62438,5.579879561530219,5.086078558419202,13.249826422682753,11.804996069487151,13.249826422682753
-67.5,44.5,465,-67.3112,44.6204,5.579879561530219,5.086078558419202,13.249826422682753,11.804996069487151,13.249826422682753
-67.5,44.5,465,-67.311057,44.619898,5.579879561530219,5.086078558419202,13.249826422682753,11.804996069487151,13.249826422682753
-67.5,44.5,465,-67.277252,44.605822,5.579879561530219,5.086078558419202,13.249826422682753,11.804996069487151,13.249826422682753
-67.5,44.5,465,-67.2766,44.6093,5.579879561530219,5.086078558419202,13.249826422682753,11.804996069487151,13.249826422682753
-67.5,44.5,465,-67.2764,44.60932,5.579879561530219,5.086078558419202,13.249826422682753,11.804996069487151,13.249826422682753
-67.5,44.5,465,-67.273,44.6147,5.579879561530219,5.086078558419202,13.249826422682753,11.804996069487151,13.249826422682753
-67.5,44.5,465,-67.272,44.6108,5.579879561530219,5.086078558419202,13.249826422682753,11.804996069487151,13.249826422682753
-67.5,44.5,465,-67.26631,44.605604,5.579879561530219,5.086078558419202,13.249826422682753,11.804996069487151,13.249826422682753
-67.5,44.5,465,-67.2641,44.6057,5.579879561530219,5.086078558419202,13.249826422682753,11.804996069487151,13.249826422682753
-67.5,44.5,465,-67.2639,44.60883,5.579879561530219,5.086078558419202,13.249826422682753,11.804996069487151,13.249826422682753
-67.5,44.5,465,-67.2639,44.6089,5.579879561530219,5.086078558419202,13.249826422682753,11.804996069487151,13.249826422682753
-67.5,44.5,465,-67.2589,44.6086,5.579879561530219,5.086078558419202,13.249826422682753,11.804996069487151,13.249826422682753
-67.5,44.5,465,-67.2454,44.6413,5.579879561530219,5.086078558419202,13.249826422682753,11.804996069487151,13.249826422682753
-67.5,44.5,465,-67.2443,44.6408,5.579879561530219,5.086078558419202,13.249826422682753,11.804996069487151,13.249826422682753
-67.5,44.5,465,-67.242,44.6381,5.579879561530219,5.086078558419202,13.249826422682753,11.804996069487151,13.249826422682753
-67.5,44.5,465,-67.1973,44.6434,5.579879561530219,5.086078558419202,13.249826422682753,11.804996069487151,13.249826422682753
-67.5,44.5,465,-67.19338,44.6436,5.579879561530219,5.086078558419202,13.249826422682753,11.804996069487151,13.249826422682753
-67.5,44.5,465,-67.190369,44.658434,5.579879561530219,5.086078558419202,13.249826422682753,11.804996069487151,13.249826422682753
-67.5,44.5,465,-67.18971,44.6584,5.579879561530219,5.086078558419202,13.249826422682753,11.804996069487151,13.249826422682753
-67.5,44.5,465,-67.1897,44.6584,5.579879561530219,5.086078558419202,13.249826422682753,11.804996069487151,13.249826422682753
-67.5,44.5,465,-67.18714,44.64483,5.579879561530219,5.086078558419202,13.249826422682753,11.804996069487151,13.249826422682753
-67.5,44.5,465,-67.1862,44.6626,5.579879561530219,5.086078558419202,13.249826422682753,11.804996069487151,13.249826422682753
-67.5,44.5,465,-67.18027,44.66241,5.579879561530219,5.086078558419202,13.249826422682753,11.804996069487151,13.249826422682753
-67.5,44.5,465,-67.16768,44.66214,5.579879561530219,5.086078558419202,13.249826422682753,11.804996069487151,13.249826422682753
-67.5,44.5,465,-67.16127,44.6624,5.579879561530219,5.086078558419202,13.249826422682753,11.804996069487151,13.249826422682753
-67.5,44.5,465,-67.1192,44.7022,5.579879561530219,5.086078558419202,13.249826422682753,11.804996069487151,13.249826422682753
-67.5,44.5,465,-67.1156,44.7021,5.579879561530219,5.086078558419202,13.249826422682753,11.804996069487151,13.249826422682753
-67.5,44.5,465,-67.115479,44.706638,5.579879561530219,5.086078558419202,13.249826422682753,11.804996069487151,13.249826422682753
-67.5,44.5,465,-67.1154,44.7066,5.579879561530219,5.086078558419202,13.249826422682753,11.804996069487151,13.249826422682753
-67.5,44.5,465,-67.1152,44.7107,5.579879561530219,5.086078558419202,13.249826422682753,11.804996069487151,13.249826422682753
-67.5,44.5,465,-67.0704,44.7419,5.579879561530219,5.086078558419202,13.249826422682753,11.804996069487151,13.249826422682753
-67.5,44.5,465,-67.0702,44.7464,5.579879561530219,5.086078558419202,13.249826422682753,11.804996069487151,13.249826422682753
-67.5,44.5,465,-67.0697,44.7507,5.579879561530219,5.086078558419202,13.249826422682753,11.804996069487151,13.249826422682753
-67.5,44.5,465,-67.0568,44.76417,5.579879561530219,5.086078558419202,13.249826422682753,11.804996069487151,13.249826422682753
-67.5,44.5,465,-67.0568,44.7642,5.579879561530219,5.086078558419202,13.249826422682753,11.804996069487151,13.249826422682753
-67.5,44.5,465,-67.0514,44.7643,5.579879561530219,5.086078558419202,13.249826422682753,11.804996069487151,13.249826422682753
-66.5,49.5,316,-67.69881,49.30265,0.05875368542141386,2.0834745198219746,12.606560273213429,6.701436011103897,12.606560273213429
-66.5,49.5,316,-67.69877,49.30217,0.05875368542141386,2.0834745198219746,12.606560273213429,6.701436011103897,12.606560273213429
-66.5,49.5,316,-67.69233,49.302123333333334,0.05875368542141386,2.0834745198219746,12.606560273213429,6.701436011103897,12.606560273213429
-66.5,49.5,316,-67.69227333333333,49.30240333333333,0.05875368542141386,2.0834745198219746,12.606560273213429,6.701436011103897,12.606560273213429
-66.5,49.5,316,-67.68909,49.30186,0.05875368542141386,2.0834745198219746,12.606560273213429,6.701436011103897,12.606560273213429
-66.5,49.5,316,-67.68905749999999,49.30219,0.05875368542141386,2.0834745198219746,12.606560273213429,6.701436011103897,12.606560273213429
-66.5,49.5,316,-67.68902499999999,49.30252,0.05875368542141386,2.0834745198219746,12.606560273213429,6.701436011103897,12.606560273213429
-66.5,49.5,316,-67.689005,49.30228,0.05875368542141386,2.0834745198219746,12.606560273213429,6.701436011103897,12.606560273213429
-66.5,49.5,316,-67.68580666666666,49.302036666666666,0.05875368542141386,2.0834745198219746,12.606560273213429,6.701436011103897,12.606560273213429
-66.5,49.5,316,-67.67941,49.30155,0.05875368542141386,2.0834745198219746,12.606560273213429,6.701436011103897,12.606560273213429
-65.5,43.5,497,-65.867357,43.665572,5.112976531982422,4.713202372327581,13.066455501693863,12.414627771119813,13.066455501693863
-64.5,44.5,468,-64.33058306,44.24974658,4.470147222412957,4.131749338931866,13.033819595972696,12.419895734872904,13.033819595972696
-64.5,44.5,468,-64.28214228,44.33160902,4.470147222412957,4.131749338931866,13.033819595972696,12.419895734872904,13.033819595972696
-64.5,44.5,468,-64.2761317,44.23824116,4.470147222412957,4.131749338931866,13.033819595972696,12.419895734872904,13.033819595972696
-64.5,44.5,468,-64.26728795,44.50358723,4.470147222412957,4.131749338931866,13.033819595972696,12.419895734872904,13.033819595972696
-64.5,44.5,468,-64.25922339,44.32544899,4.470147222412957,4.131749338931866,13.033819595972696,12.419895734872904,13.033819595972696
-64.5,44.5,468,-64.24751404,44.29246059,4.470147222412957,4.131749338931866,13.033819595972696,12.419895734872904,13.033819595972696
-64.5,44.5,468,-64.24709905,44.27128069,4.470147222412957,4.131749338931866,13.033819595972696,12.419895734872904,13.033819595972696
-64.5,44.5,468,-64.21115208,44.51511503,4.470147222412957,4.131749338931866,13.033819595972696,12.419895734872904,13.033819595972696
-64.5,44.5,468,-64.19553526,44.54773832,4.470147222412957,4.131749338931866,13.033819595972696,12.419895734872904,13.033819595972696
-64.5,44.5,468,-64.18272067,44.36424983,4.470147222412957,4.131749338931866,13.033819595972696,12.419895734872904,13.033819595972696
-64.5,44.5,468,-64.180952,44.364216,4.470147222412957,4.131749338931866,13.033819595972696,12.419895734872904,13.033819595972696
-64.5,44.5,468,-64.17671478,44.49351453,4.470147222412957,4.131749338931866,13.033819595972696,12.419895734872904,13.033819595972696
-64.5,44.5,468,-64.17390727,44.31748417,4.470147222412957,4.131749338931866,13.033819595972696,12.419895734872904,13.033819595972696
-64.5,44.5,468,-64.14167508,44.44524131,4.470147222412957,4.131749338931866,13.033819595972696,12.419895734872904,13.033819595972696
-64.5,44.5,468,-64.1373325,44.47488785,4.470147222412957,4.131749338931866,13.033819595972696,12.419895734872904,13.033819595972696
-64.5,44.5,468,-64.12988601,44.42854791,4.470147222412957,4.131749338931866,13.033819595972696,12.419895734872904,13.033819595972696
-64.5,44.5,468,-64.09592455,44.43843311,4.470147222412957,4.131749338931866,13.033819595972696,12.419895734872904,13.033819595972696
-64.5,44.5,468,-64.060977,44.586353,4.470147222412957,4.131749338931866,13.033819595972696,12.419895734872904,13.033819595972696
-64.5,44.5,468,-64.05098297,44.5798473,4.470147222412957,4.131749338931866,13.033819595972696,12.419895734872904,13.033819595972696
-64.5,44.5,468,-64.02488,44.55818,4.470147222412957,4.131749338931866,13.033819595972696,12.419895734872904,13.033819595972696
-64.5,44.5,468,-64.01674717,44.53726455,4.470147222412957,4.131749338931866,13.033819595972696,12.419895734872904,13.033819595972696
-63.5,44.5,469,-63.961,44.596,4.242802626556821,3.8243737032821588,13.979460374729053,13.02620064245688,13.979460374729053
-63.5,44.5,469,-63.95357947,44.54115995,4.242802626556821,3.8243737032821588,13.979460374729053,13.02620064245688,13.979460374729053
-63.5,44.5,469,-63.95133,44.52707,4.242802626556821,3.8243737032821588,13.979460374729053,13.02620064245688,13.979460374729053
-63.5,44.5,469,-63.94153048,44.57911606,4.242802626556821,3.8243737032821588,13.979460374729053,13.02620064245688,13.979460374729053
-63.5,44.5,469,-63.77083847,44.47746009,4.242802626556821,3.8243737032821588,13.979460374729053,13.02620064245688,13.979460374729053
-63.5,44.5,469,-63.713577,44.44942296,4.242802626556821,3.8243737032821588,13.979460374729053,13.02620064245688,13.979460374729053
-63.5,44.5,469,-63.66071502,44.45579262,4.242802626556821,3.8243737032821588,13.979460374729053,13.02620064245688,13.979460374729053
-63.5,44.5,469,-63.53436,44.48522,4.242802626556821,3.8243737032821588,13.979460374729053,13.02620064245688,13.979460374729053
-63.5,49.5,319,-63.687117,50.206348,0.3313066034184562,1.6730705342666656,13.20477502947455,8.023466292802278,13.20477502947455
-63.5,49.5,319,-63.639106,50.210766,0.3313066034184562,1.6730705342666656,13.20477502947455,8.023466292802278,13.20477502947455
-63.5,49.5,319,-63.589829,50.206587,0.3313066034184562,1.6730705342666656,13.20477502947455,8.023466292802278,13.20477502947455
-62.5,44.5,470,-62.01917,44.55083,4.101370639403661,3.7043237570706786,14.65688842481321,13.404008403554693,14.65688842481321
