x,y,cell,longitude,latitude,oisst_winter_cellmean,oisst_spring_cellmean,oisst_summer_cellmean,oisst_fall_cellmean,lag_oisst_summer_cellmean
-72.125,41.125,4909,-72.086122,41.30302,6.151855889594916,7.364561985629473,19.15140486133191,16.61120499012082,19.15140486133191
-71.375,41.375,4810,-71.36499603512735,41.4770646044823,6.483692522301818,7.271722594896953,18.640329501425573,16.025697796843772,18.640329501425573
-71.375,41.375,4810,-71.36499603443934,41.4770930220363,6.483692522301818,7.271722594896953,18.640329501425573,16.025697796843772,18.640329501425573
-71.375,41.375,4810,-71.3649763888888,41.4771625,6.483692522301818,7.271722594896953,18.640329501425573,16.025697796843772,18.640329501425573
-71.375,41.375,4810,-71.36290972222216,41.4773986111111,6.483692522301818,7.271722594896953,18.640329501425573,16.025697796843772,18.640329501425573
-71.375,41.375,4810,-71.362,41.478,6.483692522301818,7.271722594896953,18.640329501425573,16.025697796843772,18.640329501425573
-71.375,41.375,4810,-71.3616694444444,41.4781861111111,6.483692522301818,7.271722594896953,18.640329501425573,16.025697796843772,18.640329501425573
-71.375,41.375,4810,-71.3605790080763,41.4777983076676,6.483692522301818,7.271722594896953,18.640329501425573,16.025697796843772,18.640329501425573
-71.375,41.375,4810,-71.3605790073976,41.4778265132492,6.483692522301818,7.271722594896953,18.640329501425573,16.025697796843772,18.640329501425573
-71.375,41.375,4810,-71.36027778,41.47833333,6.483692522301818,7.271722594896953,18.640329501425573,16.025697796843772,18.640329501425573
-71.375,41.375,4810,-71.35983055499995,41.47823472,6.483692522301818,7.271722594896953,18.640329501425573,16.025697796843772,18.640329501425573
-71.375,41.375,4810,-71.3594166666666,41.4774972222222,6.483692522301818,7.271722594896953,18.640329501425573,16.025697796843772,18.640329501425573
-71.375,41.375,4810,-71.357,41.476,6.483692522301818,7.271722594896953,18.640329501425573,16.025697796843772,18.640329501425573
-71.375,41.375,4810,-71.33848,41.450199999999995,6.483692522301818,7.271722594896953,18.640329501425573,16.025697796843772,18.640329501425573
-71.375,41.375,4810,-71.33143,41.450795,6.483692522301818,7.271722594896953,18.640329501425573,16.025697796843772,18.640329501425573
-71.375,41.375,4810,-71.313,41.451,6.483692522301818,7.271722594896953,18.640329501425573,16.025697796843772,18.640329501425573
-70.875,42.375,4404,-70.913095,42.338275,5.339223744291248,6.512480136960051,17.095598072968713,13.573003584100295,17.095598072968713
-70.875,42.375,4404,-70.91286,42.3383575,5.339223744291248,6.512480136960051,17.095598072968713,13.573003584100295,17.095598072968713
-70.875,42.375,4404,-70.912625,42.33844,5.339223744291248,6.512480136960051,17.095598072968713,13.573003584100295,17.095598072968713
-70.875,42.375,4404,-70.91259352941177,42.33843088235294,5.339223744291248,6.512480136960051,17.095598072968713,13.573003584100295,17.095598072968713
-70.875,42.375,4404,-70.9125822,42.3384276,5.339223744291248,6.512480136960051,17.095598072968713,13.573003584100295,17.095598072968713
-70.875,42.375,4404,-70.91244666666667,42.338388333333334,5.339223744291248,6.512480136960051,17.095598072968713,13.573003584100295,17.095598072968713
-70.875,42.375,4404,-70.91238722222222,42.33837111111111,5.339223744291248,6.512480136960051,17.095598072968713,13.573003584100295,17.095598072968713
-70.875,42.375,4404,-70.91235750000001,42.3383625,5.339223744291248,6.512480136960051,17.095598072968713,13.573003584100295,17.095598072968713
-70.875,42.375,4404,-70.91234827586207,42.3383598275862,5.339223744291248,6.512480136960051,17.095598072968713,13.573003584100295,17.095598072968713
-70.875,42.375,4404,-70.9123475925926,42.33835962962963,5.339223744291248,6.512480136960051,17.095598072968713,13.573003584100295,17.095598072968713
-70.875,42.375,4404,-70.91232982758622,42.33835448275862,5.339223744291248,6.512480136960051,17.095598072968713,13.573003584100295,17.095598072968713
-70.875,42.375,4404,-70.91209,42.338285,5.339223744291248,6.512480136960051,17.095598072968713,13.573003584100295,17.095598072968713
-70.875,42.375,4404,-70.90753,42.34315,5.339223744291248,6.512480136960051,17.095598072968713,13.573003584100295,17.095598072968713
-70.875,42.375,4404,-70.90729,42.343055,5.339223744291248,6.512480136960051,17.095598072968713,13.573003584100295,17.095598072968713
-70.875,42.375,4404,-70.90719,42.416245,5.339223744291248,6.512480136960051,17.095598072968713,13.573003584100295,17.095598072968713
-70.875,42.375,4404,-70.90716,42.416375,5.339223744291248,6.512480136960051,17.095598072968713,13.573003584100295,17.095598072968713
-70.875,42.375,4404,-70.907135,42.343535,5.339223744291248,6.512480136960051,17.095598072968713,13.573003584100295,17.095598072968713
-70.875,42.375,4404,-70.907045,42.34298,5.339223744291248,6.512480136960051,17.095598072968713,13.573003584100295,17.095598072968713
-70.875,42.375,4404,-70.90703500000001,42.418383250000005,5.339223744291248,6.512480136960051,17.095598072968713,13.573003584100295,17.095598072968713
-70.875,42.375,4404,-70.907035,42.34224,5.339223744291248,6.512480136960051,17.095598072968713,13.573003584100295,17.095598072968713
-70.875,42.375,4404,-70.90702357142857,42.34316857142857,5.339223744291248,6.512480136960051,17.095598072968713,13.573003584100295,17.095598072968713
-70.875,42.375,4404,-70.906995,42.34342,5.339223744291248,6.512480136960051,17.095598072968713,13.573003584100295,17.095598072968713
-70.875,42.375,4404,-70.90697,42.41904,5.339223744291248,6.512480136960051,17.095598072968713,13.573003584100295,17.095598072968713
-70.875,42.375,4404,-70.90696750000001,42.3434225,5.339223744291248,6.512480136960051,17.095598072968713,13.573003584100295,17.095598072968713
-70.875,42.375,4404,-70.90695111111111,42.34343740740741,5.339223744291248,6.512480136960051,17.095598072968713,13.573003584100295,17.095598072968713
-70.875,42.375,4404,-70.9069475,42.343455,5.339223744291248,6.512480136960051,17.095598072968713,13.573003584100295,17.095598072968713
-70.875,42.375,4404,-70.90694435483871,42.34347032258064,5.339223744291248,6.512480136960051,17.095598072968713,13.573003584100295,17.095598072968713
-70.875,42.375,4404,-70.9069374137931,42.343504137931035,5.339223744291248,6.512480136960051,17.095598072968713,13.573003584100295,17.095598072968713
-70.875,42.375,4404,-70.90693357142857,42.34352285714286,5.339223744291248,6.512480136960051,17.095598072968713,13.573003584100295,17.095598072968713
-70.875,42.375,4404,-70.90692548387096,42.34356225806451,5.339223744291248,6.512480136960051,17.095598072968713,13.573003584100295,17.095598072968713
-70.875,42.375,4404,-70.90691724137932,42.3436024137931,5.339223744291248,6.512480136960051,17.095598072968713,13.573003584100295,17.095598072968713
-70.875,42.375,4404,-70.90691305555555,42.34321333333333,5.339223744291248,6.512480136960051,17.095598072968713,13.573003584100295,17.095598072968713
-70.875,42.375,4404,-70.90685,42.34393,5.339223744291248,6.512480136960051,17.095598072968713,13.573003584100295,17.095598072968713
-70.875,42.375,4404,-70.90677363636364,42.3439,5.339223744291248,6.512480136960051,17.095598072968713,13.573003584100295,17.095598072968713
-70.875,42.375,4404,-70.90664,42.342945,5.339223744291248,6.512480136960051,17.095598072968713,13.573003584100295,17.095598072968713
-70.875,42.375,4404,-70.906615,42.42067,5.339223744291248,6.512480136960051,17.095598072968713,13.573003584100295,17.095598072968713
-70.875,42.375,4404,-70.90659571428571,42.34379571428571,5.339223744291248,6.512480136960051,17.095598072968713,13.573003584100295,17.095598072968713
-70.875,42.375,4404,-70.90657,42.34382,5.339223744291248,6.512480136960051,17.095598072968713,13.573003584100295,17.095598072968713
-70.875,42.375,4404,-70.90651,42.42091,5.339223744291248,6.512480136960051,17.095598072968713,13.573003584100295,17.095598072968713
-70.875,42.375,4404,-70.90649400000001,42.343742,5.339223744291248,6.512480136960051,17.095598072968713,13.573003584100295,17.095598072968713
-70.875,42.375,4404,-70.906405,42.343695,5.339223744291248,6.512480136960051,17.095598072968713,13.573003584100295,17.095598072968713
-70.875,42.375,4404,-70.90624588235293,42.34338911764706,5.339223744291248,6.512480136960051,17.095598072968713,13.573003584100295,17.095598072968713
-70.875,42.375,4404,-70.90597,42.3437,5.339223744291248,6.512480136960051,17.095598072968713,13.573003584100295,17.095598072968713
-70.875,42.375,4404,-70.90422,42.42038,5.339223744291248,6.512480136960051,17.095598072968713,13.573003584100295,17.095598072968713
-70.875,42.375,4404,-70.90135,42.42101,5.339223744291248,6.512480136960051,17.095598072968713,13.573003584100295,17.095598072968713
-70.875,42.375,4404,-70.89377,42.340155,5.339223744291248,6.512480136960051,17.095598072968713,13.573003584100295,17.095598072968713
-70.875,42.375,4404,-70.89328496251255,42.34147996176026,5.339223744291248,6.512480136960051,17.095598072968713,13.573003584100295,17.095598072968713
-70.875,42.375,4404,-70.893265,42.344483333333336,5.339223744291248,6.512480136960051,17.095598072968713,13.573003584100295,17.095598072968713
-70.875,42.375,4404,-70.89315500000001,42.344665,5.339223744291248,6.512480136960051,17.095598072968713,13.573003584100295,17.095598072968713
-70.875,42.375,4404,-70.892685,42.34119,5.339223744291248,6.512480136960051,17.095598072968713,13.573003584100295,17.095598072968713
-70.875,42.375,4404,-70.891487,42.327162,5.339223744291248,6.512480136960051,17.095598072968713,13.573003584100295,17.095598072968713
-70.875,42.375,4404,-70.89132,42.345715,5.339223744291248,6.512480136960051,17.095598072968713,13.573003584100295,17.095598072968713
-70.875,42.375,4404,-70.8912,42.343802,5.339223744291248,6.512480136960051,17.095598072968713,13.573003584100295,17.095598072968713
-70.875,42.375,4404,-70.891011,42.342275,5.339223744291248,6.512480136960051,17.095598072968713,13.573003584100295,17.095598072968713
-70.875,42.375,4404,-70.891005,42.326845,5.339223744291248,6.512480136960051,17.095598072968713,13.573003584100295,17.095598072968713
-70.875,42.375,4404,-70.890339,42.326938,5.339223744291248,6.512480136960051,17.095598072968713,13.573003584100295,17.095598072968713
-70.875,42.375,4404,-70.89031194336705,42.3271982464939,5.339223744291248,6.512480136960051,17.095598072968713,13.573003584100295,17.095598072968713
-70.875,42.375,4404,-70.8901525614783,42.327512567862854,5.339223744291248,6.512480136960051,17.095598072968713,13.573003584100295,17.095598072968713
-70.875,42.375,4404,-70.889055,42.328328,5.339223744291248,6.512480136960051,17.095598072968713,13.573003584100295,17.095598072968713
-70.875,42.375,4404,-70.888444,42.3269,5.339223744291248,6.512480136960051,17.095598072968713,13.573003584100295,17.095598072968713
-70.875,42.375,4404,-70.888049,42.328099,5.339223744291248,6.512480136960051,17.095598072968713,13.573003584100295,17.095598072968713
-70.625,42.625,4303,-70.78767,42.53781,5.808982607090112,6.430295092190883,16.73917427358701,13.353266590325408,16.73917427358701
-70.625,42.625,4303,-70.785875,42.53761,5.808982607090112,6.430295092190883,16.73917427358701,13.353266590325408,16.73917427358701
-70.625,42.625,4303,-70.7857,42.53774,5.808982607090112,6.430295092190883,16.73917427358701,13.353266590325408,16.73917427358701
-70.625,42.625,4303,-70.78569,42.53066,5.808982607090112,6.430295092190883,16.73917427358701,13.353266590325408,16.73917427358701
-70.625,42.625,4303,-70.784795,42.5372,5.808982607090112,6.430295092190883,16.73917427358701,13.353266590325408,16.73917427358701
-70.625,42.625,4303,-70.78454475,42.5319705,5.808982607090112,6.430295092190883,16.73917427358701,13.353266590325408,16.73917427358701
-70.625,42.625,4303,-70.78437,42.53787,5.808982607090112,6.430295092190883,16.73917427358701,13.353266590325408,16.73917427358701
-70.625,42.625,4303,-70.78394499999999,42.531355,5.808982607090112,6.430295092190883,16.73917427358701,13.353266590325408,16.73917427358701
-70.625,42.625,4303,-70.78341,42.53677,5.808982607090112,6.430295092190883,16.73917427358701,13.353266590325408,16.73917427358701
-70.625,42.625,4303,-70.783185,42.53191,5.808982607090112,6.430295092190883,16.73917427358701,13.353266590325408,16.73917427358701
-70.625,42.625,4303,-70.782655,42.53225,5.808982607090112,6.430295092190883,16.73917427358701,13.353266590325408,16.73917427358701
-70.625,42.625,4303,-70.782555,42.535955,5.808982607090112,6.430295092190883,16.73917427358701,13.353266590325408,16.73917427358701
-70.625,42.625,4303,-70.78199,42.53159,5.808982607090112,6.430295092190883,16.73917427358701,13.353266590325408,16.73917427358701
-70.625,42.625,4303,-70.78181000000001,42.53594,5.808982607090112,6.430295092190883,16.73917427358701,13.353266590325408,16.73917427358701
-70.625,42.625,4303,-70.78151,42.53502,5.808982607090112,6.430295092190883,16.73917427358701,13.353266590325408,16.73917427358701
-70.625,42.625,4303,-70.774833,42.502633,5.808982607090112,6.430295092190883,16.73917427358701,13.353266590325408,16.73917427358701
-70.625,42.875,4201,-70.808254,42.892011,5.823312250050631,6.322729500689248,16.457476852476134,13.134435069653415,16.457476852476134
-70.625,42.875,4201,-70.768589,42.959502,5.823312250050631,6.322729500689248,16.457476852476134,13.134435069653415,16.457476852476134
-70.625,42.875,4201,-70.749777,42.968101,5.823312250050631,6.322729500689248,16.457476852476134,13.134435069653415,16.457476852476134
-70.625,42.875,4201,-70.6256745998415,42.967719072165,5.823312250050631,6.322729500689248,16.457476852476134,13.134435069653415,16.457476852476134
-70.625,42.875,4201,-70.6199330370873,42.9859418235719,5.823312250050631,6.322729500689248,16.457476852476134,13.134435069653415,16.457476852476134
-70.625,42.875,4201,-70.61969302150001,42.985661994,5.823312250050631,6.322729500689248,16.457476852476134,13.134435069653415,16.457476852476134
-70.625,42.875,4201,-70.61940333333334,42.985323333333334,5.823312250050631,6.322729500689248,16.457476852476134,13.134435069653415,16.457476852476134
-70.625,42.875,4201,-70.61931,42.98634833333333,5.823312250050631,6.322729500689248,16.457476852476134,13.134435069653415,16.457476852476134
-70.625,42.875,4201,-70.6188,42.9895125,5.823312250050631,6.322729500689248,16.457476852476134,13.134435069653415,16.457476852476134
-70.625,42.875,4201,-70.61877000000001,42.98476,5.823312250050631,6.322729500689248,16.457476852476134,13.134435069653415,16.457476852476134
-70.625,42.875,4201,-70.61869,42.99015,5.823312250050631,6.322729500689248,16.457476852476134,13.134435069653415,16.457476852476134
-70.625,42.875,4201,-70.618676003,42.9847199935,5.823312250050631,6.322729500689248,16.457476852476134,13.134435069653415,16.457476852476134
-70.625,42.875,4201,-70.618576426059,42.9902022611349,5.823312250050631,6.322729500689248,16.457476852476134,13.134435069653415,16.457476852476134
-70.625,42.875,4201,-70.61849,42.99079,5.823312250050631,6.322729500689248,16.457476852476134,13.134435069653415,16.457476852476134
-70.625,42.875,4201,-70.61845500000001,42.984505,5.823312250050631,6.322729500689248,16.457476852476134,13.134435069653415,16.457476852476134
-70.625,42.875,4201,-70.61831,42.99084,5.823312250050631,6.322729500689248,16.457476852476134,13.134435069653415,16.457476852476134
-70.625,42.875,4201,-70.618179962039,42.9842899180948,5.823312250050631,6.322729500689248,16.457476852476134,13.134435069653415,16.457476852476134
-70.625,42.875,4201,-70.61806,42.98434,5.823312250050631,6.322729500689248,16.457476852476134,13.134435069653415,16.457476852476134
-70.625,42.875,4201,-70.618034491,42.9906409945,5.823312250050631,6.322729500689248,16.457476852476134,13.134435069653415,16.457476852476134
-70.625,42.875,4201,-70.6179281720951,42.9878221649485,5.823312250050631,6.322729500689248,16.457476852476134,13.134435069653415,16.457476852476134
-70.625,42.875,4201,-70.61738552525634,42.99165548756713,5.823312250050631,6.322729500689248,16.457476852476134,13.134435069653415,16.457476852476134
-70.625,42.875,4201,-70.616975,42.992075,5.823312250050631,6.322729500689248,16.457476852476134,13.134435069653415,16.457476852476134
-70.625,42.875,4201,-70.61671000000001,42.992155,5.823312250050631,6.322729500689248,16.457476852476134,13.134435069653415,16.457476852476134
-70.625,42.875,4201,-70.61666500000001,42.99239,5.823312250050631,6.322729500689248,16.457476852476134,13.134435069653415,16.457476852476134
-70.625,42.875,4201,-70.6165910045,42.992212493,5.823312250050631,6.322729500689248,16.457476852476134,13.134435069653415,16.457476852476134
-70.625,42.875,4201,-70.616525,42.975744,5.823312250050631,6.322729500689248,16.457476852476134,13.134435069653415,16.457476852476134
-70.625,42.875,4201,-70.6163436755105,42.9737757731959,5.823312250050631,6.322729500689248,16.457476852476134,13.134435069653415,16.457476852476134
-70.625,42.875,4201,-70.61552,42.99315,5.823312250050631,6.322729500689248,16.457476852476134,13.134435069653415,16.457476852476134
-70.625,42.875,4201,-70.613883985,42.99306904,5.823312250050631,6.322729500689248,16.457476852476134,13.134435069653415,16.457476852476134
-70.625,42.875,4201,-70.61269,42.99281,5.823312250050631,6.322729500689248,16.457476852476134,13.134435069653415,16.457476852476134
-70.625,42.875,4201,-70.61249000000001,42.99277,5.823312250050631,6.322729500689248,16.457476852476134,13.134435069653415,16.457476852476134
-70.625,42.875,4201,-70.61183,42.99472,5.823312250050631,6.322729500689248,16.457476852476134,13.134435069653415,16.457476852476134
-70.625,42.875,4201,-70.611665966,42.992762011,5.823312250050631,6.322729500689248,16.457476852476134,13.134435069653415,16.457476852476134
-70.625,42.875,4201,-70.61122666666667,42.75982966666667,5.823312250050631,6.322729500689248,16.457476852476134,13.134435069653415,16.457476852476134
-70.625,42.875,4201,-70.61115000000001,42.9902,5.823312250050631,6.322729500689248,16.457476852476134,13.134435069653415,16.457476852476134
-70.625,42.875,4201,-70.61094897800001,42.990348986499995,5.823312250050631,6.322729500689248,16.457476852476134,13.134435069653415,16.457476852476134
-70.625,42.875,4201,-70.610795,42.990405,5.823312250050631,6.322729500689248,16.457476852476134,13.134435069653415,16.457476852476134
-70.625,42.875,4201,-70.610375,42.98966,5.823312250050631,6.322729500689248,16.457476852476134,13.134435069653415,16.457476852476134
-70.625,43.125,4099,-71.00862,43.01112,5.719549630627488,6.206076481545618,16.228215343268342,12.955381881359012,16.228215343268342
-70.625,43.125,4099,-70.736,43.112,5.719549630627488,6.206076481545618,16.228215343268342,12.955381881359012,16.228215343268342
-70.625,43.125,4099,-70.63,43.118,5.719549630627488,6.206076481545618,16.228215343268342,12.955381881359012,16.228215343268342
-70.625,43.125,4099,-70.622224,43.070829,5.719549630627488,6.206076481545618,16.228215343268342,12.955381881359012,16.228215343268342
-70.625,43.125,4099,-70.621,43.134,5.719549630627488,6.206076481545618,16.228215343268342,12.955381881359012,16.228215343268342
-70.625,43.125,4099,-70.618,43.141,5.719549630627488,6.206076481545618,16.228215343268342,12.955381881359012,16.228215343268342
-70.625,43.125,4099,-70.608241,43.071741,5.719549630627488,6.206076481545618,16.228215343268342,12.955381881359012,16.228215343268342
-70.625,43.125,4099,-70.60603,43.00588,5.719549630627488,6.206076481545618,16.228215343268342,12.955381881359012,16.228215343268342
-70.625,43.125,4099,-70.604214,43.001839,5.719549630627488,6.206076481545618,16.228215343268342,12.955381881359012,16.228215343268342
-70.625,43.125,4099,-70.600532,43.1648931,5.719549630627488,6.206076481545618,16.228215343268342,12.955381881359012,16.228215343268342
-70.625,43.125,4099,-70.597,43.00497,5.719549630627488,6.206076481545618,16.228215343268342,12.955381881359012,16.228215343268342
-70.625,43.125,4099,-70.592358,43.166109,5.719549630627488,6.206076481545618,16.228215343268342,12.955381881359012,16.228215343268342
-70.625,43.125,4099,-70.591034,43.164158,5.719549630627488,6.206076481545618,16.228215343268342,12.955381881359012,16.228215343268342
-70.375,42.375,4406,-70.47183,42.3227,5.974149252429153,6.494896081066871,16.976893136667652,13.57996268605077,16.976893136667652
-70.375,42.375,4406,-70.47157,42.31792,5.974149252429153,6.494896081066871,16.976893136667652,13.57996268605077,16.976893136667652
-70.375,42.375,4406,-70.4707,42.31831,5.974149252429153,6.494896081066871,16.976893136667652,13.57996268605077,16.976893136667652
-70.375,42.375,4406,-70.47036,42.322,5.974149252429153,6.494896081066871,16.976893136667652,13.57996268605077,16.976893136667652
-70.375,42.375,4406,-70.46893,42.31937,5.974149252429153,6.494896081066871,16.976893136667652,13.57996268605077,16.976893136667652
-70.375,43.125,4100,-70.47571,43.121676,5.933356202009953,6.206401011740515,16.198065188504003,12.905289819998334,16.198065188504003
-70.125,43.625,3897,-70.30401,43.52791,5.482741265585928,5.821881807127665,15.482630936674369,12.40319813499155,15.482630936674369
-70.125,43.625,3897,-70.30323,43.53576,5.482741265585928,5.821881807127665,15.482630936674369,12.40319813499155,15.482630936674369
-70.125,43.625,3897,-70.3032,43.5358,5.482741265585928,5.821881807127665,15.482630936674369,12.40319813499155,15.482630936674369
-70.125,43.625,3897,-70.223764,43.653528,5.482741265585928,5.821881807127665,15.482630936674369,12.40319813499155,15.482630936674369
-70.125,43.625,3897,-70.08436,43.68669,5.482741265585928,5.821881807127665,15.482630936674369,12.40319813499155,15.482630936674369
-70.125,43.625,3897,-70.0828,43.6915,5.482741265585928,5.821881807127665,15.482630936674369,12.40319813499155,15.482630936674369
-70.125,43.625,3897,-70.082733,43.687002,5.482741265585928,5.821881807127665,15.482630936674369,12.40319813499155,15.482630936674369
-69.875,43.625,3898,-69.9469,43.7158,5.678742479194295,5.804536322290583,15.36403945065284,12.386308459348458,15.36403945065284
-69.875,43.625,3898,-69.9402,43.71212,5.678742479194295,5.804536322290583,15.36403945065284,12.386308459348458,15.36403945065284
-69.875,43.625,3898,-69.9402,43.7159,5.678742479194295,5.804536322290583,15.36403945065284,12.386308459348458,15.36403945065284
-69.625,43.875,3797,-69.96087,43.76509,5.277258017749498,5.387645928434623,14.534472805585049,12.044249623320823,14.534472805585049
-69.625,43.875,3797,-69.95305,43.76074,5.277258017749498,5.387645928434623,14.534472805585049,12.044249623320823,14.534472805585049
-69.625,43.875,3797,-69.9514,43.7651,5.277258017749498,5.387645928434623,14.534472805585049,12.044249623320823,14.534472805585049
-69.625,43.875,3797,-69.6743,43.79336,5.277258017749498,5.387645928434623,14.534472805585049,12.044249623320823,14.534472805585049
-69.625,43.875,3797,-69.6743,43.7934,5.277258017749498,5.387645928434623,14.534472805585049,12.044249623320823,14.534472805585049
-69.625,43.875,3797,-69.6682,43.7934,5.277258017749498,5.387645928434623,14.534472805585049,12.044249623320823,14.534472805585049
-69.625,43.875,3797,-69.64226,43.82497,5.277258017749498,5.387645928434623,14.534472805585049,12.044249623320823,14.534472805585049
-69.625,43.875,3797,-69.6401,43.82947,5.277258017749498,5.387645928434623,14.534472805585049,12.044249623320823,14.534472805585049
-69.625,43.875,3797,-69.63938,43.82462,5.277258017749498,5.387645928434623,14.534472805585049,12.044249623320823,14.534472805585049
-69.625,43.875,3797,-69.6188,43.82211,5.277258017749498,5.387645928434623,14.534472805585049,12.044249623320823,14.534472805585049
-69.625,43.875,3797,-69.6167,43.8287,5.277258017749498,5.387645928434623,14.534472805585049,12.044249623320823,14.534472805585049
-69.625,43.875,3797,-69.61182,43.820496,5.277258017749498,5.387645928434623,14.534472805585049,12.044249623320823,14.534472805585049
-69.625,43.875,3797,-69.6031,43.79359,5.277258017749498,5.387645928434623,14.534472805585049,12.044249623320823,14.534472805585049
-69.625,43.875,3797,-69.6022,43.76666,5.277258017749498,5.387645928434623,14.534472805585049,12.044249623320823,14.534472805585049
-69.625,43.875,3797,-69.60166,43.7933,5.277258017749498,5.387645928434623,14.534472805585049,12.044249623320823,14.534472805585049
-69.625,43.875,3797,-69.5997,43.7891,5.277258017749498,5.387645928434623,14.534472805585049,12.044249623320823,14.534472805585049
-69.625,43.875,3797,-69.59834,43.79362,5.277258017749498,5.387645928434623,14.534472805585049,12.044249623320823,14.534472805585049
-69.625,43.875,3797,-69.5885,43.77564,5.277258017749498,5.387645928434623,14.534472805585049,12.044249623320823,14.534472805585049
-69.625,43.875,3797,-69.586964,43.771149,5.277258017749498,5.387645928434623,14.534472805585049,12.044249623320823,14.534472805585049
-69.625,43.875,3797,-69.5803,43.77567,5.277258017749498,5.387645928434623,14.534472805585049,12.044249623320823,14.534472805585049
-69.625,43.875,3797,-69.5516,43.8166,5.277258017749498,5.387645928434623,14.534472805585049,12.044249623320823,14.534472805585049
-69.625,43.875,3797,-69.53466,43.86489,5.277258017749498,5.387645928434623,14.534472805585049,12.044249623320823,14.534472805585049
-69.625,43.875,3797,-69.5336,43.8698,5.277258017749498,5.387645928434623,14.534472805585049,12.044249623320823,14.534472805585049
-69.625,43.875,3797,-69.529659,43.862259,5.277258017749498,5.387645928434623,14.534472805585049,12.044249623320823,14.534472805585049
-69.625,43.875,3797,-69.5166,43.83361,5.277258017749498,5.387645928434623,14.534472805585049,12.044249623320823,14.534472805585049
-69.625,43.875,3797,-69.506934,43.835355,5.277258017749498,5.387645928434623,14.534472805585049,12.044249623320823,14.534472805585049
-69.375,43.875,3798,-69.4708,43.8886,5.4347069344737315,5.360511204993078,14.259325870247775,11.970359521318775,14.259325870247775
-69.375,43.875,3798,-69.46879,43.88809,5.4347069344737315,5.360511204993078,14.259325870247775,11.970359521318775,14.259325870247775
-69.375,43.875,3798,-69.4653,43.8942,5.4347069344737315,5.360511204993078,14.259325870247775,11.970359521318775,14.259325870247775
-69.375,43.875,3798,-69.4409,43.8887,5.4347069344737315,5.360511204993078,14.259325870247775,11.970359521318775,14.259325870247775
-69.375,43.875,3798,-69.439068,43.884171,5.4347069344737315,5.360511204993078,14.259325870247775,11.970359521318775,14.259325870247775
-69.375,43.875,3798,-69.4331,43.88869,5.4347069344737315,5.360511204993078,14.259325870247775,11.970359521318775,14.259325870247775
-69.375,43.875,3798,-69.3828,43.91136,5.4347069344737315,5.360511204993078,14.259325870247775,11.970359521318775,14.259325870247775
-69.375,43.875,3798,-69.381,43.9147,5.4347069344737315,5.360511204993078,14.259325870247775,11.970359521318775,14.259325870247775
-69.375,43.875,3798,-69.37804,43.91571,5.4347069344737315,5.360511204993078,14.259325870247775,11.970359521318775,14.259325870247775
-69.375,43.875,3798,-69.378,43.9159,5.4347069344737315,5.360511204993078,14.259325870247775,11.970359521318775,14.259325870247775
-69.375,43.875,3798,-69.3146,43.9116,5.4347069344737315,5.360511204993078,14.259325870247775,11.970359521318775,14.259325870247775
-69.375,43.875,3798,-69.3146,43.9196,5.4347069344737315,5.360511204993078,14.259325870247775,11.970359521318775,14.259325870247775
-69.375,43.875,3798,-69.3091,43.9194,5.4347069344737315,5.360511204993078,14.259325870247775,11.970359521318775,14.259325870247775
-69.375,43.875,3798,-69.30907,43.91941,5.4347069344737315,5.360511204993078,14.259325870247775,11.970359521318775,14.259325870247775
-69.375,43.875,3798,-69.306309,43.875586,5.4347069344737315,5.360511204993078,14.259325870247775,11.970359521318775,14.259325870247775
-69.375,43.875,3798,-69.3008,43.934,5.4347069344737315,5.360511204993078,14.259325870247775,11.970359521318775,14.259325870247775
-69.375,43.875,3798,-69.30068,43.93412,5.4347069344737315,5.360511204993078,14.259325870247775,11.970359521318775,14.259325870247775
-69.375,43.875,3798,-69.2962,43.8711,5.4347069344737315,5.360511204993078,14.259325870247775,11.970359521318775,14.259325870247775
-69.375,43.875,3798,-69.2948,43.87561,5.4347069344737315,5.360511204993078,14.259325870247775,11.970359521318775,14.259325870247775
-69.375,43.875,3798,-69.2937,43.93324,5.4347069344737315,5.360511204993078,14.259325870247775,11.970359521318775,14.259325870247775
-69.375,43.875,3798,-69.270683,43.9027,5.4347069344737315,5.360511204993078,14.259325870247775,11.970359521318775,14.259325870247775
-69.375,43.875,3798,-69.2706,43.9027,5.4347069344737315,5.360511204993078,14.259325870247775,11.970359521318775,14.259325870247775
-69.375,43.875,3798,-69.2705,43.9072,5.4347069344737315,5.360511204993078,14.259325870247775,11.970359521318775,14.259325870247775
-69.375,48.375,1962,-69.3669,48.3734,0.019621894813043887,1.1592160508861444,9.860976732978525,5.285343134638587,9.860976732978525
-69.125,43.875,3799,-69.12922,43.88965,5.6172130866484205,5.299385089282842,13.74965460725533,11.837842501411142,13.74965460725533
-69.125,43.875,3799,-69.1288,43.8679,5.6172130866484205,5.299385089282842,13.74965460725533,11.837842501411142,13.74965460725533
-69.125,43.875,3799,-69.1282,43.8942,5.6172130866484205,5.299385089282842,13.74965460725533,11.837842501411142,13.74965460725533
-69.125,43.875,3799,-69.1277,43.8626,5.6172130866484205,5.299385089282842,13.74965460725533,11.837842501411142,13.74965460725533
-69.125,43.875,3799,-69.12148,43.86717,5.6172130866484205,5.299385089282842,13.74965460725533,11.837842501411142,13.74965460725533
-69.125,43.875,3799,-69.1201,43.8897,5.6172130866484205,5.299385089282842,13.74965460725533,11.837842501411142,13.74965460725533
-69.125,43.875,3799,-69.12,43.8939,5.6172130866484205,5.299385089282842,13.74965460725533,11.837842501411142,13.74965460725533
-69.125,43.875,3799,-69.0903,43.9798,5.6172130866484205,5.299385089282842,13.74965460725533,11.837842501411142,13.74965460725533
-69.125,43.875,3799,-69.0841,43.9753,5.6172130866484205,5.299385089282842,13.74965460725533,11.837842501411142,13.74965460725533
-69.125,43.875,3799,-69.08408,43.97532,5.6172130866484205,5.299385089282842,13.74965460725533,11.837842501411142,13.74965460725533
-69.125,43.875,3799,-69.0653,43.9709,5.6172130866484205,5.299385089282842,13.74965460725533,11.837842501411142,13.74965460725533
-69.125,43.875,3799,-69.0653,43.9754,5.6172130866484205,5.299385089282842,13.74965460725533,11.837842501411142,13.74965460725533
-69.125,43.875,3799,-69.0613,43.9718,5.6172130866484205,5.299385089282842,13.74965460725533,11.837842501411142,13.74965460725533
-68.875,42.875,4208,-68.94351,42.89058,6.608795268969102,5.996112025061319,15.666046867074893,13.041225462920906,15.666046867074893
-68.875,44.125,3698,-69.07162,44.02038,4.842307681387121,4.840279819429383,12.846588548763778,11.669937174449595,12.846588548763778
-68.875,44.125,3698,-69.0716,44.0234,4.842307681387121,4.840279819429383,12.846588548763778,11.669937174449595,12.846588548763778
-68.875,44.125,3698,-69.0657,44.02,4.842307681387121,4.840279819429383,12.846588548763778,11.669937174449595,12.846588548763778
-68.875,44.125,3698,-69.0611,44.1719,4.842307681387121,4.840279819429383,12.846588548763778,11.669937174449595,12.846588548763778
-68.875,44.125,3698,-69.0609,44.17202,4.842307681387121,4.840279819429383,12.846588548763778,11.669937174449595,12.846588548763778
-68.875,44.125,3698,-69.05934,44.16448,4.842307681387121,4.840279819429383,12.846588548763778,11.669937174449595,12.846588548763778
-68.875,44.125,3698,-69.057,44.1722,4.842307681387121,4.840279819429383,12.846588548763778,11.669937174449595,12.846588548763778
-68.875,44.125,3698,-69.0526,44.0743,4.842307681387121,4.840279819429383,12.846588548763778,11.669937174449595,12.846588548763778
-68.875,44.125,3698,-69.0521,44.079,4.842307681387121,4.840279819429383,12.846588548763778,11.669937174449595,12.846588548763778
-68.875,44.125,3698,-69.04713,44.07907,4.842307681387121,4.840279819429383,12.846588548763778,11.669937174449595,12.846588548763778
-68.875,44.125,3698,-69.0471,44.0791,4.842307681387121,4.840279819429383,12.846588548763778,11.669937174449595,12.846588548763778
-68.875,44.125,3698,-69.0469,44.07448,4.842307681387121,4.840279819429383,12.846588548763778,11.669937174449595,12.846588548763778
-68.875,44.125,3698,-69.0407,44.07,4.842307681387121,4.840279819429383,12.846588548763778,11.669937174449595,12.846588548763778
-68.875,44.125,3698,-69.0407,44.0737,4.842307681387121,4.840279819429383,12.846588548763778,11.669937174449595,12.846588548763778
-68.875,44.125,3698,-69.03446,44.07453,4.842307681387121,4.840279819429383,12.846588548763778,11.669937174449595,12.846588548763778
-68.875,44.125,3698,-68.95551,44.20083,4.842307681387121,4.840279819429383,12.846588548763778,11.669937174449595,12.846588548763778
-68.875,44.125,3698,-68.9553,44.2015,4.842307681387121,4.840279819429383,12.846588548763778,11.669937174449595,12.846588548763778
-68.875,44.125,3698,-68.95215,44.20533,4.842307681387121,4.840279819429383,12.846588548763778,11.669937174449595,12.846588548763778
-68.875,44.125,3698,-68.89541,44.03941,4.842307681387121,4.840279819429383,12.846588548763778,11.669937174449595,12.846588548763778
-68.875,44.125,3698,-68.892833,44.039867,4.842307681387121,4.840279819429383,12.846588548763778,11.669937174449595,12.846588548763778
-68.875,44.125,3698,-68.89277233333334,44.04001133333333,4.842307681387121,4.840279819429383,12.846588548763778,11.669937174449595,12.846588548763778
-68.875,44.125,3698,-68.89272,44.03881,4.842307681387121,4.840279819429383,12.846588548763778,11.669937174449595,12.846588548763778
-68.875,44.125,3698,-68.891345,44.0404,4.842307681387121,4.840279819429383,12.846588548763778,11.669937174449595,12.846588548763778
-68.875,44.125,3698,-68.86120004,44.02460002,4.842307681387121,4.840279819429383,12.846588548763778,11.669937174449595,12.846588548763778
-68.875,44.125,3698,-68.8612,44.0246,4.842307681387121,4.840279819429383,12.846588548763778,11.669937174449595,12.846588548763778
-68.875,44.125,3698,-68.8532,44.0256,4.842307681387121,4.840279819429383,12.846588548763778,11.669937174449595,12.846588548763778
-68.875,44.125,3698,-68.7964,44.1928,4.842307681387121,4.840279819429383,12.846588548763778,11.669937174449595,12.846588548763778
-68.875,44.125,3698,-68.7842,44.1911,4.842307681387121,4.840279819429383,12.846588548763778,11.669937174449595,12.846588548763778
-68.875,44.125,3698,-68.78413,44.191160000000004,4.842307681387121,4.840279819429383,12.846588548763778,11.669937174449595,12.846588548763778
-68.875,44.375,3596,-68.8086,44.3724,4.206345222325939,4.653079943370449,13.064298367315484,11.825605104135912,13.064298367315484
-68.875,44.375,3596,-68.8022,44.3723,4.206345222325939,4.653079943370449,13.064298367315484,11.825605104135912,13.064298367315484
-68.875,44.375,3596,-68.7986,44.3762,4.206345222325939,4.653079943370449,13.064298367315484,11.825605104135912,13.064298367315484
-68.625,44.125,3699,-68.67213,44.06534,5.303185250723001,4.936791447706001,12.46414112859918,11.509882291158041,12.46414112859918
-68.625,44.125,3699,-68.6709,44.0731,5.303185250723001,4.936791447706001,12.46414112859918,11.509882291158041,12.46414112859918
-68.625,44.125,3699,-68.65365,44.00269,5.303185250723001,4.936791447706001,12.46414112859918,11.509882291158041,12.46414112859918
-68.625,44.125,3699,-68.65243,44.005,5.303185250723001,4.936791447706001,12.46414112859918,11.509882291158041,12.46414112859918
-68.625,44.125,3699,-68.6139,44.1575,5.303185250723001,4.936791447706001,12.46414112859918,11.509882291158041,12.46414112859918
-68.625,44.125,3699,-68.61084,44.15751,5.303185250723001,4.936791447706001,12.46414112859918,11.509882291158041,12.46414112859918
-68.625,44.125,3699,-68.60991,44.0199,5.303185250723001,4.936791447706001,12.46414112859918,11.509882291158041,12.46414112859918
-68.625,44.125,3699,-68.6092,44.15495,5.303185250723001,4.936791447706001,12.46414112859918,11.509882291158041,12.46414112859918
-68.625,44.125,3699,-68.609039,44.015404,5.303185250723001,4.936791447706001,12.46414112859918,11.509882291158041,12.46414112859918
-68.625,44.125,3699,-68.6078,44.0149,5.303185250723001,4.936791447706001,12.46414112859918,11.509882291158041,12.46414112859918
-68.625,44.125,3699,-68.5848,44.0603,5.303185250723001,4.936791447706001,12.46414112859918,11.509882291158041,12.46414112859918
-68.625,44.125,3699,-68.58426,44.14128,5.303185250723001,4.936791447706001,12.46414112859918,11.509882291158041,12.46414112859918
-68.625,44.125,3699,-68.5842,44.1491,5.303185250723001,4.936791447706001,12.46414112859918,11.509882291158041,12.46414112859918
-68.625,44.125,3699,-68.5841,44.15877,5.303185250723001,4.936791447706001,12.46414112859918,11.509882291158041,12.46414112859918
-68.625,44.125,3699,-68.578571,44.055712,5.303185250723001,4.936791447706001,12.46414112859918,11.509882291158041,12.46414112859918
-68.625,44.125,3699,-68.5785,44.0602,5.303185250723001,4.936791447706001,12.46414112859918,11.509882291158041,12.46414112859918
-68.625,44.125,3699,-68.5783,44.1555,5.303185250723001,4.936791447706001,12.46414112859918,11.509882291158041,12.46414112859918
-68.625,44.125,3699,-68.578,44.1457,5.303185250723001,4.936791447706001,12.46414112859918,11.509882291158041,12.46414112859918
-68.625,44.125,3699,-68.5777,44.159,5.303185250723001,4.936791447706001,12.46414112859918,11.509882291158041,12.46414112859918
-68.375,44.125,3700,-68.49663,44.16329,5.673876870762218,4.99071467199991,12.172876276711161,11.394353648488835,12.172876276711161
-68.375,44.125,3700,-68.49657,44.16321,5.673876870762218,4.99071467199991,12.172876276711161,11.394353648488835,12.172876276711161
-68.375,44.125,3700,-68.494,44.1667,5.673876870762218,4.99071467199991,12.172876276711161,11.394353648488835,12.172876276711161
-68.375,44.125,3700,-68.48462,44.09559,5.673876870762218,4.99071467199991,12.172876276711161,11.394353648488835,12.172876276711161
-68.375,44.125,3700,-68.4846,44.1001,5.673876870762218,4.99071467199991,12.172876276711161,11.394353648488835,12.172876276711161
-68.375,44.125,3700,-68.4789,44.0999,5.673876870762218,4.99071467199991,12.172876276711161,11.394353648488835,12.172876276711161
-68.375,44.125,3700,-68.4135,44.13053,5.673876870762218,4.99071467199991,12.172876276711161,11.394353648488835,12.172876276711161
-68.375,44.125,3700,-68.413,44.1876,5.673876870762218,4.99071467199991,12.172876276711161,11.394353648488835,12.172876276711161
-68.375,44.125,3700,-68.41244,44.18516,5.673876870762218,4.99071467199991,12.172876276711161,11.394353648488835,12.172876276711161
-68.375,44.125,3700,-68.408779,44.189623,5.673876870762218,4.99071467199991,12.172876276711161,11.394353648488835,12.172876276711161
-68.375,44.125,3700,-68.40311,44.13106,5.673876870762218,4.99071467199991,12.172876276711161,11.394353648488835,12.172876276711161
-68.375,44.125,3700,-68.4031,44.1355,5.673876870762218,4.99071467199991,12.172876276711161,11.394353648488835,12.172876276711161
-68.375,44.125,3700,-68.3433333,44.1033333,5.673876870762218,4.99071467199991,12.172876276711161,11.394353648488835,12.172876276711161
-68.375,44.125,3700,-68.2516667,44.1466667,5.673876870762218,4.99071467199991,12.172876276711161,11.394353648488835,12.172876276711161
-68.125,44.125,3701,-68.2494,44.171,5.905046146927458,4.978715600893479,11.912716373916744,11.299159608146017,11.912716373916744
-68.125,44.125,3701,-68.24911,44.17505,5.905046146927458,4.978715600893479,11.912716373916744,11.299159608146017,11.912716373916744
-68.125,44.125,3701,-68.2483333,44.1733333,5.905046146927458,4.978715600893479,11.912716373916744,11.299159608146017,11.912716373916744
-68.125,44.125,3701,-68.2458,44.1707,5.905046146927458,4.978715600893479,11.912716373916744,11.299159608146017,11.912716373916744
-68.125,44.125,3701,-68.245216,44.237915,5.905046146927458,4.978715600893479,11.912716373916744,11.299159608146017,11.912716373916744
-68.125,44.125,3701,-68.2452,44.2376,5.905046146927458,4.978715600893479,11.912716373916744,11.299159608146017,11.912716373916744
-68.125,44.125,3701,-68.23991,44.17499,5.905046146927458,4.978715600893479,11.912716373916744,11.299159608146017,11.912716373916744
-68.125,44.125,3701,-68.2391,44.2379,5.905046146927458,4.978715600893479,11.912716373916744,11.299159608146017,11.912716373916744
-68.125,44.125,3701,-68.2096,44.239,5.905046146927458,4.978715600893479,11.912716373916744,11.299159608146017,11.912716373916744
-68.125,44.125,3701,-68.2079,44.2423,5.905046146927458,4.978715600893479,11.912716373916744,11.299159608146017,11.912716373916744
-68.125,44.125,3701,-68.2066667,44.2383333,5.905046146927458,4.978715600893479,11.912716373916744,11.299159608146017,11.912716373916744
-68.125,44.125,3701,-68.2048,44.2371,5.905046146927458,4.978715600893479,11.912716373916744,11.299159608146017,11.912716373916744
-68.125,44.375,3599,-68.47401,44.37805,5.739898491989482,4.786410686581633,11.318821178850278,11.083313919777094,11.318821178850278
-68.125,44.375,3599,-68.4696,44.378,5.739898491989482,4.786410686581633,11.318821178850278,11.083313919777094,11.318821178850278
-68.125,44.375,3599,-68.4637,44.3791,5.739898491989482,4.786410686581633,11.318821178850278,11.083313919777094,11.318821178850278
-68.125,44.375,3599,-68.43279,44.29333,5.739898491989482,4.786410686581633,11.318821178850278,11.083313919777094,11.318821178850278
-68.125,44.375,3599,-68.43277,44.29782,5.739898491989482,4.786410686581633,11.318821178850278,11.083313919777094,11.318821178850278
-68.125,44.375,3599,-68.4275,44.2933,5.739898491989482,4.786410686581633,11.318821178850278,11.083313919777094,11.318821178850278
-68.125,44.375,3599,-68.31394,44.32727,5.739898491989482,4.786410686581633,11.318821178850278,11.083313919777094,11.318821178850278
-68.125,44.375,3599,-68.306004,44.333,5.739898491989482,4.786410686581633,11.318821178850278,11.083313919777094,11.318821178850278
-68.125,44.375,3599,-68.306,44.333,5.739898491989482,4.786410686581633,11.318821178850278,11.083313919777094,11.318821178850278
-68.125,44.375,3599,-68.27,44.2762,5.739898491989482,4.786410686581633,11.318821178850278,11.083313919777094,11.318821178850278
-68.125,44.375,3599,-68.26944,44.270626,5.739898491989482,4.786410686581633,11.318821178850278,11.083313919777094,11.318821178850278
-68.125,44.375,3599,-68.26386,44.27057,5.739898491989482,4.786410686581633,11.318821178850278,11.083313919777094,11.318821178850278
-68.125,44.375,3599,-68.1934,44.3065,5.739898491989482,4.786410686581633,11.318821178850278,11.083313919777094,11.318821178850278
-68.125,44.375,3599,-68.18947,44.31419,5.739898491989482,4.786410686581633,11.318821178850278,11.083313919777094,11.318821178850278
-68.125,44.375,3599,-68.1869,44.3099,5.739898491989482,4.786410686581633,11.318821178850278,11.083313919777094,11.318821178850278
-68.125,44.375,3599,-68.18109,44.36367,5.739898491989482,4.786410686581633,11.318821178850278,11.083313919777094,11.318821178850278
-68.125,44.375,3599,-68.181,44.3638,5.739898491989482,4.786410686581633,11.318821178850278,11.083313919777094,11.318821178850278
-68.125,44.375,3599,-68.1757,44.3636,5.739898491989482,4.786410686581633,11.318821178850278,11.083313919777094,11.318821178850278
-68.125,44.375,3599,-68.17277,44.46287,5.739898491989482,4.786410686581633,11.318821178850278,11.083313919777094,11.318821178850278
-68.125,44.375,3599,-68.1669,44.4623,5.739898491989482,4.786410686581633,11.318821178850278,11.083313919777094,11.318821178850278
-68.125,44.375,3599,-68.16106,44.47173,5.739898491989482,4.786410686581633,11.318821178850278,11.083313919777094,11.318821178850278
-68.125,44.375,3599,-68.1609,44.4626,5.739898491989482,4.786410686581633,11.318821178850278,11.083313919777094,11.318821178850278
-68.125,44.375,3599,-68.1608,44.46708,5.739898491989482,4.786410686581633,11.318821178850278,11.083313919777094,11.318821178850278
-68.125,44.375,3599,-68.1566,44.46178,5.739898491989482,4.786410686581633,11.318821178850278,11.083313919777094,11.318821178850278
-68.125,44.375,3599,-68.1566,44.4618,5.739898491989482,4.786410686581633,11.318821178850278,11.083313919777094,11.318821178850278
-68.125,44.375,3599,-68.1552,44.4658,5.739898491989482,4.786410686581633,11.318821178850278,11.083313919777094,11.318821178850278
-68.125,44.375,3599,-68.15455,44.46621,5.739898491989482,4.786410686581633,11.318821178850278,11.083313919777094,11.318821178850278
-68.125,44.375,3599,-68.1443,44.3954,5.739898491989482,4.786410686581633,11.318821178850278,11.083313919777094,11.318821178850278
-68.125,44.375,3599,-68.14297,44.39943,5.739898491989482,4.786410686581633,11.318821178850278,11.083313919777094,11.318821178850278
-68.125,44.375,3599,-68.1394,44.4002,5.739898491989482,4.786410686581633,11.318821178850278,11.083313919777094,11.318821178850278
-68.125,44.375,3599,-68.13937,44.40024,5.739898491989482,4.786410686581633,11.318821178850278,11.083313919777094,11.318821178850278
-68.125,44.375,3599,-68.1363,44.4175,5.739898491989482,4.786410686581633,11.318821178850278,11.083313919777094,11.318821178850278
-68.125,44.375,3599,-68.1358,44.4258,5.739898491989482,4.786410686581633,11.318821178850278,11.083313919777094,11.318821178850278
-68.125,44.375,3599,-68.1349,44.4174,5.739898491989482,4.786410686581633,11.318821178850278,11.083313919777094,11.318821178850278
-68.125,44.375,3599,-68.1319,44.4123,5.739898491989482,4.786410686581633,11.318821178850278,11.083313919777094,11.318821178850278
-68.125,44.375,3599,-68.1314,44.41286,5.739898491989482,4.786410686581633,11.318821178850278,11.083313919777094,11.318821178850278
-68.125,44.375,3599,-68.13,44.41907,5.739898491989482,4.786410686581633,11.318821178850278,11.083313919777094,11.318821178850278
-68.125,44.375,3599,-68.1298,44.4192,5.739898491989482,4.786410686581633,11.318821178850278,11.083313919777094,11.318821178850278
-68.125,44.375,3599,-68.1057,44.3677,5.739898491989482,4.786410686581633,11.318821178850278,11.083313919777094,11.318821178850278
-68.125,44.375,3599,-68.10566,44.36767,5.739898491989482,4.786410686581633,11.318821178850278,11.083313919777094,11.318821178850278
-68.125,44.375,3599,-68.1054,44.3632,5.739898491989482,4.786410686581633,11.318821178850278,11.083313919777094,11.318821178850278
-68.125,44.375,3599,-68.0996,44.35412,5.739898491989482,4.786410686581633,11.318821178850278,11.083313919777094,11.318821178850278
-68.125,44.375,3599,-68.0985,44.3641,5.739898491989482,4.786410686581633,11.318821178850278,11.083313919777094,11.318821178850278
-68.125,44.375,3599,-68.093441,44.349586,5.739898491989482,4.786410686581633,11.318821178850278,11.083313919777094,11.318821178850278
-68.125,44.375,3599,-68.0934,44.3541,5.739898491989482,4.786410686581633,11.318821178850278,11.083313919777094,11.318821178850278
-68.125,44.375,3599,-68.0934,44.3677,5.739898491989482,4.786410686581633,11.318821178850278,11.083313919777094,11.318821178850278
-68.125,44.375,3599,-68.0932,44.3631,5.739898491989482,4.786410686581633,11.318821178850278,11.083313919777094,11.318821178850278
-68.125,44.375,3599,-68.087,44.363,5.739898491989482,4.786410686581633,11.318821178850278,11.083313919777094,11.318821178850278
-68.125,44.375,3599,-68.07843500000001,44.368210000000005,5.739898491989482,4.786410686581633,11.318821178850278,11.083313919777094,11.318821178850278
-68.125,44.375,3599,-68.0781,44.3631,5.739898491989482,4.786410686581633,11.318821178850278,11.083313919777094,11.318821178850278
-68.125,44.375,3599,-68.077935,44.36811,5.739898491989482,4.786410686581633,11.318821178850278,11.083313919777094,11.318821178850278
-68.125,44.375,3599,-68.077,44.37017,5.739898491989482,4.786410686581633,11.318821178850278,11.083313919777094,11.318821178850278
-68.125,44.375,3599,-68.0769,44.36297,5.739898491989482,4.786410686581633,11.318821178850278,11.083313919777094,11.318821178850278
-68.125,44.375,3599,-68.0553,44.3358,5.739898491989482,4.786410686581633,11.318821178850278,11.083313919777094,11.318821178850278
-68.125,44.375,3599,-68.0525,44.3345,5.739898491989482,4.786410686581633,11.318821178850278,11.083313919777094,11.318821178850278
-68.125,44.375,3599,-68.0515,44.33128,5.739898491989482,4.786410686581633,11.318821178850278,11.083313919777094,11.318821178850278
-68.125,44.375,3599,-68.04249,44.34023,5.739898491989482,4.786410686581633,11.318821178850278,11.083313919777094,11.318821178850278
-68.125,44.375,3599,-68.03724,44.3357,5.739898491989482,4.786410686581633,11.318821178850278,11.083313919777094,11.318821178850278
-68.125,44.375,3599,-68.0372,44.3357,5.739898491989482,4.786410686581633,11.318821178850278,11.083313919777094,11.318821178850278
-68.125,44.375,3599,-68.0129,44.3851,5.739898491989482,4.786410686581633,11.318821178850278,11.083313919777094,11.318821178850278
-68.125,44.375,3599,-68.0125,44.3939,5.739898491989482,4.786410686581633,11.318821178850278,11.083313919777094,11.318821178850278
-68.125,44.375,3599,-68.0124,44.3896,5.739898491989482,4.786410686581633,11.318821178850278,11.083313919777094,11.318821178850278
-68.125,48.625,1865,-68.2008,48.6273,0.02321490446444263,1.6666941002531106,11.38684974345126,5.78451113506805,11.38684974345126
-68.125,48.625,1865,-68.1988,48.6285,0.02321490446444263,1.6666941002531106,11.38684974345126,5.78451113506805,11.38684974345126
-68.125,48.625,1865,-68.08760000000001,48.65575,0.02321490446444263,1.6666941002531106,11.38684974345126,5.78451113506805,11.38684974345126
-68.125,48.625,1865,-67.9764,48.683,0.02321490446444263,1.6666941002531106,11.38684974345126,5.78451113506805,11.38684974345126
-67.875,44.375,3600,-67.9976,44.3669,5.873052573565281,4.790128763331923,11.314475595489029,11.076985614244329,11.314475595489029
-67.875,44.375,3600,-67.9928,44.3669,5.873052573565281,4.790128763331923,11.314475595489029,11.076985614244329,11.314475595489029
-67.875,44.375,3600,-67.9865,44.36687,5.873052573565281,4.790128763331923,11.314475595489029,11.076985614244329,11.314475595489029
-67.875,44.375,3600,-67.9823,44.3668,5.873052573565281,4.790128763331923,11.314475595489029,11.076985614244329,11.314475595489029
-67.875,44.375,3600,-67.978165,44.366816,5.873052573565281,4.790128763331923,11.314475595489029,11.076985614244329,11.314475595489029
-67.875,44.375,3600,-67.974,44.3668,5.873052573565281,4.790128763331923,11.314475595489029,11.076985614244329,11.314475595489029
-67.875,44.375,3600,-67.9674,44.3891,5.873052573565281,4.790128763331923,11.314475595489029,11.076985614244329,11.314475595489029
-67.875,44.375,3600,-67.967266,44.389,5.873052573565281,4.790128763331923,11.314475595489029,11.076985614244329,11.314475595489029
-67.875,44.375,3600,-67.96422,44.389065,5.873052573565281,4.790128763331923,11.314475595489029,11.076985614244329,11.314475595489029
-67.875,44.375,3600,-67.961,44.3892,5.873052573565281,4.790128763331923,11.314475595489029,11.076985614244329,11.314475595489029
-67.875,44.375,3600,-67.9509,44.3973,5.873052573565281,4.790128763331923,11.314475595489029,11.076985614244329,11.314475595489029
-67.875,44.375,3600,-67.95086,44.39761,5.873052573565281,4.790128763331923,11.314475595489029,11.076985614244329,11.314475595489029
-67.875,44.375,3600,-67.94713,44.39865,5.873052573565281,4.790128763331923,11.314475595489029,11.076985614244329,11.314475595489029
-67.875,44.375,3600,-67.942669,44.398499,5.873052573565281,4.790128763331923,11.314475595489029,11.076985614244329,11.314475595489029
-67.875,44.375,3600,-67.9418,44.4116,5.873052573565281,4.790128763331923,11.314475595489029,11.076985614244329,11.314475595489029
-67.875,44.375,3600,-67.9402,44.40708,5.873052573565281,4.790128763331923,11.314475595489029,11.076985614244329,11.314475595489029
-67.875,44.375,3600,-67.94,44.4072,5.873052573565281,4.790128763331923,11.314475595489029,11.076985614244329,11.314475595489029
-67.875,44.375,3600,-67.9366,44.4051,5.873052573565281,4.790128763331923,11.314475595489029,11.076985614244329,11.314475595489029
-67.875,44.375,3600,-67.93636,44.36204,5.873052573565281,4.790128763331923,11.314475595489029,11.076985614244329,11.314475595489029
-67.875,44.375,3600,-67.93627,44.36654,5.873052573565281,4.790128763331923,11.314475595489029,11.076985614244329,11.314475595489029
-67.875,44.375,3600,-67.9344,44.3644,5.873052573565281,4.790128763331923,11.314475595489029,11.076985614244329,11.314475595489029
-67.875,44.375,3600,-67.93169,44.40701,5.873052573565281,4.790128763331923,11.314475595489029,11.076985614244329,11.314475595489029
-67.875,44.375,3600,-67.9299,44.36649,5.873052573565281,4.790128763331923,11.314475595489029,11.076985614244329,11.314475595489029
-67.875,44.375,3600,-67.9298,44.4115,5.873052573565281,4.790128763331923,11.314475595489029,11.076985614244329,11.314475595489029
-67.875,44.375,3600,-67.929,44.4161,5.873052573565281,4.790128763331923,11.314475595489029,11.076985614244329,11.314475595489029
-67.875,44.375,3600,-67.92899,44.41602,5.873052573565281,4.790128763331923,11.314475595489029,11.076985614244329,11.314475595489029
-67.875,44.375,3600,-67.8796,44.37516,5.873052573565281,4.790128763331923,11.314475595489029,11.076985614244329,11.314475595489029
-67.875,44.375,3600,-67.87349,44.37062,5.873052573565281,4.790128763331923,11.314475595489029,11.076985614244329,11.314475595489029
-67.875,44.375,3600,-67.8733,44.3796,5.873052573565281,4.790128763331923,11.314475595489029,11.076985614244329,11.314475595489029
-67.875,44.375,3600,-67.872879,44.402128,5.873052573565281,4.790128763331923,11.314475595489029,11.076985614244329,11.314475595489029
-67.875,44.375,3600,-67.8728,44.4066,5.873052573565281,4.790128763331923,11.314475595489029,11.076985614244329,11.314475595489029
-67.875,44.375,3600,-67.86653,44.40659,5.873052573565281,4.790128763331923,11.314475595489029,11.076985614244329,11.314475595489029
-67.875,44.375,3600,-67.858173,44.442547,5.873052573565281,4.790128763331923,11.314475595489029,11.076985614244329,11.314475595489029
-67.875,44.375,3600,-67.8581,44.4424,5.873052573565281,4.790128763331923,11.314475595489029,11.076985614244329,11.314475595489029
-67.875,44.375,3600,-67.85321,44.44721,5.873052573565281,4.790128763331923,11.314475595489029,11.076985614244329,11.314475595489029
-67.875,44.375,3600,-67.8477,44.42447,5.873052573565281,4.790128763331923,11.314475595489029,11.076985614244329,11.314475595489029
-67.875,44.375,3600,-67.8476,44.429,5.873052573565281,4.790128763331923,11.314475595489029,11.076985614244329,11.314475595489029
-67.875,44.375,3600,-67.84725,44.4215,5.873052573565281,4.790128763331923,11.314475595489029,11.076985614244329,11.314475595489029
-67.875,44.375,3600,-67.8258,44.4423,5.873052573565281,4.790128763331923,11.314475595489029,11.076985614244329,11.314475595489029
-67.875,44.375,3600,-67.82168,44.4423,5.873052573565281,4.790128763331923,11.314475595489029,11.076985614244329,11.314475595489029
-67.875,44.375,3600,-67.8216,44.446,5.873052573565281,4.790128763331923,11.314475595489029,11.076985614244329,11.314475595489029
-67.875,44.375,3600,-67.8209,44.4421,5.873052573565281,4.790128763331923,11.314475595489029,11.076985614244329,11.314475595489029
-67.875,44.375,3600,-67.8143,44.48277,5.873052573565281,4.790128763331923,11.314475595489029,11.076985614244329,11.314475595489029
-67.875,44.375,3600,-67.80993,44.47852,5.873052573565281,4.790128763331923,11.314475595489029,11.076985614244329,11.314475595489029
-67.875,44.375,3600,-67.8083,44.4827,5.873052573565281,4.790128763331923,11.314475595489029,11.076985614244329,11.314475595489029
-67.875,44.375,3600,-67.808296,44.482742,5.873052573565281,4.790128763331923,11.314475595489029,11.076985614244329,11.314475595489029
-67.875,44.375,3600,-67.8018,44.4824,5.873052573565281,4.790128763331923,11.314475595489029,11.076985614244329,11.314475595489029
-67.875,44.375,3600,-67.7897,44.4736,5.873052573565281,4.790128763331923,11.314475595489029,11.076985614244329,11.314475595489029
-67.875,44.375,3600,-67.7859,44.4718,5.873052573565281,4.790128763331923,11.314475595489029,11.076985614244329,11.314475595489029
-67.875,44.375,3600,-67.763393,44.495928,5.873052573565281,4.790128763331923,11.314475595489029,11.076985614244329,11.314475595489029
-67.875,44.375,3600,-67.7582,44.4994,5.873052573565281,4.790128763331923,11.314475595489029,11.076985614244329,11.314475595489029
-67.875,44.375,3600,-67.75206,44.49585,5.873052573565281,4.790128763331923,11.314475595489029,11.076985614244329,11.314475595489029
-67.875,44.375,3600,-67.75111,44.48045,5.873052573565281,4.790128763331923,11.314475595489029,11.076985614244329,11.314475595489029
-67.625,44.375,3601,-67.7444,44.4823,5.98490485458663,4.818916814271794,11.469975730245428,11.118967115417007,11.469975730245428
-67.625,44.375,3601,-67.73913,44.48227,5.98490485458663,4.818916814271794,11.469975730245428,11.118967115417007,11.469975730245428
-67.625,44.375,3601,-67.7014,44.48202,5.98490485458663,4.818916814271794,11.469975730245428,11.118967115417007,11.469975730245428
-67.625,44.375,3601,-67.691265,44.481953,5.98490485458663,4.818916814271794,11.469975730245428,11.118967115417007,11.469975730245428
-67.625,44.375,3601,-67.69122,44.48499,5.98490485458663,4.818916814271794,11.469975730245428,11.118967115417007,11.469975730245428
-67.625,44.375,3601,-67.6783333,44.4616667,5.98490485458663,4.818916814271794,11.469975730245428,11.118967115417007,11.469975730245428
-67.625,44.375,3601,-67.6766,44.4721,5.98490485458663,4.818916814271794,11.469975730245428,11.118967115417007,11.469975730245428
-67.625,44.375,3601,-67.67655,44.47481,5.98490485458663,4.818916814271794,11.469975730245428,11.118967115417007,11.469975730245428
-67.625,44.375,3601,-67.676289,44.486357,5.98490485458663,4.818916814271794,11.469975730245428,11.118967115417007,11.469975730245428
-67.625,44.375,3601,-67.6705,44.489,5.98490485458663,4.818916814271794,11.469975730245428,11.118967115417007,11.469975730245428
-67.625,44.375,3601,-67.6686,44.4746,5.98490485458663,4.818916814271794,11.469975730245428,11.118967115417007,11.469975730245428
-67.625,44.375,3601,-67.6678,44.4896,5.98490485458663,4.818916814271794,11.469975730245428,11.118967115417007,11.469975730245428
-67.625,44.375,3601,-67.6664,44.4747,5.98490485458663,4.818916814271794,11.469975730245428,11.118967115417007,11.469975730245428
-67.625,44.375,3601,-67.6638,44.4862,5.98490485458663,4.818916814271794,11.469975730245428,11.118967115417007,11.469975730245428
-67.625,44.375,3601,-67.6633333,44.4833333,5.98490485458663,4.818916814271794,11.469975730245428,11.118967115417007,11.469975730245428
-67.625,44.375,3601,-67.65292,44.491517,5.98490485458663,4.818916814271794,11.469975730245428,11.118967115417007,11.469975730245428
-67.625,44.375,3601,-67.637,44.4863,5.98490485458663,4.818916814271794,11.469975730245428,11.118967115417007,11.469975730245428
-67.625,44.375,3601,-67.6366667,44.4916667,5.98490485458663,4.818916814271794,11.469975730245428,11.118967115417007,11.469975730245428
-67.625,44.375,3601,-67.636499,44.490295,5.98490485458663,4.818916814271794,11.469975730245428,11.118967115417007,11.469975730245428
-67.625,44.375,3601,-67.635,44.4916667,5.98490485458663,4.818916814271794,11.469975730245428,11.118967115417007,11.469975730245428
-67.625,44.375,3601,-67.6335,44.4916,5.98490485458663,4.818916814271794,11.469975730245428,11.118967115417007,11.469975730245428
-67.625,44.375,3601,-67.6331,44.49108,5.98490485458663,4.818916814271794,11.469975730245428,11.118967115417007,11.469975730245428
-67.625,44.375,3601,-67.63207,44.48624,5.98490485458663,4.818916814271794,11.469975730245428,11.118967115417007,11.469975730245428
-67.625,44.375,3601,-67.631863,44.494688,5.98490485458663,4.818916814271794,11.469975730245428,11.118967115417007,11.469975730245428
-67.625,44.375,3601,-67.6276,44.4901,5.98490485458663,4.818916814271794,11.469975730245428,11.118967115417007,11.469975730245428
-67.625,44.375,3601,-67.624035,44.463898,5.98490485458663,4.818916814271794,11.469975730245428,11.118967115417007,11.469975730245428
-67.625,44.375,3601,-67.5794,44.4903,5.98490485458663,4.818916814271794,11.469975730245428,11.118967115417007,11.469975730245428
-67.625,44.375,3601,-67.579377,44.490267,5.98490485458663,4.818916814271794,11.469975730245428,11.118967115417007,11.469975730245428
-67.625,44.375,3601,-67.5772,44.4855,5.98490485458663,4.818916814271794,11.469975730245428,11.118967115417007,11.469975730245428
-67.625,44.375,3601,-67.56432,44.48813,5.98490485458663,4.818916814271794,11.469975730245428,11.118967115417007,11.469975730245428
-67.625,44.375,3601,-67.55694,44.48321,5.98490485458663,4.818916814271794,11.469975730245428,11.118967115417007,11.469975730245428
-67.625,44.375,3601,-67.556755,44.490294,5.98490485458663,4.818916814271794,11.469975730245428,11.118967115417007,11.469975730245428
-67.625,44.375,3601,-67.5276,44.4822,5.98490485458663,4.818916814271794,11.469975730245428,11.118967115417007,11.469975730245428
-67.625,44.375,3601,-67.52526,44.48392,5.98490485458663,4.818916814271794,11.469975730245428,11.118967115417007,11.469975730245428
-67.625,44.375,3601,-67.5248,44.484,5.98490485458663,4.818916814271794,11.469975730245428,11.118967115417007,11.469975730245428
-67.625,48.875,1765,-67.6439,48.8104,-0.09061380786905912,1.5507463544910383,12.005895658980968,6.092675087063812,12.005895658980968
-67.375,44.625,3500,-67.63622,44.50124,5.771064739335667,4.479590903880984,11.01859040592992,10.905766135962434,11.01859040592992
-67.375,44.625,3500,-67.6361,44.5012,5.771064739335667,4.479590903880984,11.01859040592992,10.905766135962434,11.01859040592992
-67.375,44.625,3500,-67.5636,44.5513,5.771064739335667,4.479590903880984,11.01859040592992,10.905766135962434,11.01859040592992
-67.375,44.625,3500,-67.5632,44.5473,5.771064739335667,4.479590903880984,11.01859040592992,10.905766135962434,11.01859040592992
-67.375,44.625,3500,-67.56276,44.54756,5.771064739335667,4.479590903880984,11.01859040592992,10.905766135962434,11.01859040592992
-67.375,44.625,3500,-67.5554,44.5457,5.771064739335667,4.479590903880984,11.01859040592992,10.905766135962434,11.01859040592992
-67.375,44.625,3500,-67.5553,44.54572,5.771064739335667,4.479590903880984,11.01859040592992,10.905766135962434,11.01859040592992
-67.375,44.625,3500,-67.5366,44.5296,5.771064739335667,4.479590903880984,11.01859040592992,10.905766135962434,11.01859040592992
-67.375,44.625,3500,-67.53652,44.53276,5.771064739335667,4.479590903880984,11.01859040592992,10.905766135962434,11.01859040592992
-67.375,44.625,3500,-67.5365,44.5328,5.771064739335667,4.479590903880984,11.01859040592992,10.905766135962434,11.01859040592992
-67.375,44.625,3500,-67.531109,44.519897,5.771064739335667,4.479590903880984,11.01859040592992,10.905766135962434,11.01859040592992
-67.375,44.625,3500,-67.5311,44.5199,5.771064739335667,4.479590903880984,11.01859040592992,10.905766135962434,11.01859040592992
-67.375,44.625,3500,-67.5307,44.5155,5.771064739335667,4.479590903880984,11.01859040592992,10.905766135962434,11.01859040592992
-67.375,44.625,3500,-67.5302,44.5328,5.771064739335667,4.479590903880984,11.01859040592992,10.905766135962434,11.01859040592992
-67.375,44.625,3500,-67.5291,44.56232,5.771064739335667,4.479590903880984,11.01859040592992,10.905766135962434,11.01859040592992
-67.375,44.625,3500,-67.529,44.5624,5.771064739335667,4.479590903880984,11.01859040592992,10.905766135962434,11.01859040592992
-67.375,44.625,3500,-67.5275,44.565,5.771064739335667,4.479590903880984,11.01859040592992,10.905766135962434,11.01859040592992
-67.375,44.625,3500,-67.52656,44.55907,5.771064739335667,4.479590903880984,11.01859040592992,10.905766135962434,11.01859040592992
-67.375,44.625,3500,-67.5233,44.5559,5.771064739335667,4.479590903880984,11.01859040592992,10.905766135962434,11.01859040592992
-67.375,44.625,3500,-67.5232,44.5559,5.771064739335667,4.479590903880984,11.01859040592992,10.905766135962434,11.01859040592992
-67.375,44.625,3500,-67.52066,44.50998,5.771064739335667,4.479590903880984,11.01859040592992,10.905766135962434,11.01859040592992
-67.375,44.625,3500,-67.5204,44.5095,5.771064739335667,4.479590903880984,11.01859040592992,10.905766135962434,11.01859040592992
-67.375,44.625,3500,-67.520045,44.555111,5.771064739335667,4.479590903880984,11.01859040592992,10.905766135962434,11.01859040592992
-67.375,44.625,3500,-67.5182,44.50681,5.771064739335667,4.479590903880984,11.01859040592992,10.905766135962434,11.01859040592992
-67.375,44.625,3500,-67.51722,44.55131,5.771064739335667,4.479590903880984,11.01859040592992,10.905766135962434,11.01859040592992
-67.375,44.625,3500,-67.512157,44.505568,5.771064739335667,4.479590903880984,11.01859040592992,10.905766135962434,11.01859040592992
-67.375,44.625,3500,-67.5121,44.5002,5.771064739335667,4.479590903880984,11.01859040592992,10.905766135962434,11.01859040592992
-67.375,44.625,3500,-67.5121,44.5025,5.771064739335667,4.479590903880984,11.01859040592992,10.905766135962434,11.01859040592992
-67.375,44.625,3500,-67.50234,44.57755,5.771064739335667,4.479590903880984,11.01859040592992,10.905766135962434,11.01859040592992
-67.375,44.625,3500,-67.502,44.5772,5.771064739335667,4.479590903880984,11.01859040592992,10.905766135962434,11.01859040592992
-67.375,44.625,3500,-67.4977,44.57796,5.771064739335667,4.479590903880984,11.01859040592992,10.905766135962434,11.01859040592992
-67.375,44.625,3500,-67.4972,44.5777,5.771064739335667,4.479590903880984,11.01859040592992,10.905766135962434,11.01859040592992
-67.375,44.625,3500,-67.48568,44.55978,5.771064739335667,4.479590903880984,11.01859040592992,10.905766135962434,11.01859040592992
-67.375,44.625,3500,-67.4853,44.5736,5.771064739335667,4.479590903880984,11.01859040592992,10.905766135962434,11.01859040592992
-67.375,44.625,3500,-67.485,44.5822,5.771064739335667,4.479590903880984,11.01859040592992,10.905766135962434,11.01859040592992
-67.375,44.625,3500,-67.48165,44.58034,5.771064739335667,4.479590903880984,11.01859040592992,10.905766135962434,11.01859040592992
-67.375,44.625,3500,-67.4794,44.55968,5.771064739335667,4.479590903880984,11.01859040592992,10.905766135962434,11.01859040592992
-67.375,44.625,3500,-67.4792,44.5596,5.771064739335667,4.479590903880984,11.01859040592992,10.905766135962434,11.01859040592992
-67.375,44.625,3500,-67.4618,44.5985,5.771064739335667,4.479590903880984,11.01859040592992,10.905766135962434,11.01859040592992
-67.375,44.625,3500,-67.4593,44.5962,5.771064739335667,4.479590903880984,11.01859040592992,10.905766135962434,11.01859040592992
-67.375,44.625,3500,-67.4561,44.59653,5.771064739335667,4.479590903880984,11.01859040592992,10.905766135962434,11.01859040592992
-67.375,44.625,3500,-67.4537,44.6003,5.771064739335667,4.479590903880984,11.01859040592992,10.905766135962434,11.01859040592992
-67.375,44.625,3500,-67.451046,44.5996,5.771064739335667,4.479590903880984,11.01859040592992,10.905766135962434,11.01859040592992
-67.375,44.625,3500,-67.4467,44.6005,5.771064739335667,4.479590903880984,11.01859040592992,10.905766135962434,11.01859040592992
-67.375,44.625,3500,-67.4466,44.6006,5.771064739335667,4.479590903880984,11.01859040592992,10.905766135962434,11.01859040592992
-67.375,44.625,3500,-67.4427,44.60376,5.771064739335667,4.479590903880984,11.01859040592992,10.905766135962434,11.01859040592992
-67.375,44.625,3500,-67.4427,44.6038,5.771064739335667,4.479590903880984,11.01859040592992,10.905766135962434,11.01859040592992
-67.375,44.625,3500,-67.4097,44.572,5.771064739335667,4.479590903880984,11.01859040592992,10.905766135962434,11.01859040592992
-67.375,44.625,3500,-67.40965,44.57199,5.771064739335667,4.479590903880984,11.01859040592992,10.905766135962434,11.01859040592992
-67.375,44.625,3500,-67.40451,44.57191,5.771064739335667,4.479590903880984,11.01859040592992,10.905766135962434,11.01859040592992
-67.375,44.625,3500,-67.3904,44.59423,5.771064739335667,4.479590903880984,11.01859040592992,10.905766135962434,11.01859040592992
-67.375,44.625,3500,-67.38786,44.5987,5.771064739335667,4.479590903880984,11.01859040592992,10.905766135962434,11.01859040592992
-67.375,44.625,3500,-67.38555,44.59896,5.771064739335667,4.479590903880984,11.01859040592992,10.905766135962434,11.01859040592992
-67.375,44.625,3500,-67.3764,44.6197,5.771064739335667,4.479590903880984,11.01859040592992,10.905766135962434,11.01859040592992
-67.375,44.625,3500,-67.3754,44.59395,5.771064739335667,4.479590903880984,11.01859040592992,10.905766135962434,11.01859040592992
-67.375,44.625,3500,-67.3753,44.5938,5.771064739335667,4.479590903880984,11.01859040592992,10.905766135962434,11.01859040592992
-67.375,44.625,3500,-67.3736,44.5984,5.771064739335667,4.479590903880984,11.01859040592992,10.905766135962434,11.01859040592992
-67.375,44.625,3500,-67.373578,44.598408,5.771064739335667,4.479590903880984,11.01859040592992,10.905766135962434,11.01859040592992
-67.375,44.625,3500,-67.371464,44.59391,5.771064739335667,4.479590903880984,11.01859040592992,10.905766135962434,11.01859040592992
-67.375,44.625,3500,-67.37083,44.61639,5.771064739335667,4.479590903880984,11.01859040592992,10.905766135962434,11.01859040592992
-67.375,44.625,3500,-67.3707,44.62086,5.771064739335667,4.479590903880984,11.01859040592992,10.905766135962434,11.01859040592992
-67.375,44.625,3500,-67.3692,44.5976,5.771064739335667,4.479590903880984,11.01859040592992,10.905766135962434,11.01859040592992
-67.375,44.625,3500,-67.3679,44.6245,5.771064739335667,4.479590903880984,11.01859040592992,10.905766135962434,11.01859040592992
-67.375,44.625,3500,-67.36613,44.5983,5.771064739335667,4.479590903880984,11.01859040592992,10.905766135962434,11.01859040592992
-67.375,44.625,3500,-67.36485,44.62528,5.771064739335667,4.479590903880984,11.01859040592992,10.905766135962434,11.01859040592992
-67.375,44.625,3500,-67.3648,44.6253,5.771064739335667,4.479590903880984,11.01859040592992,10.905766135962434,11.01859040592992
-67.375,44.625,3500,-67.3645,44.6207,5.771064739335667,4.479590903880984,11.01859040592992,10.905766135962434,11.01859040592992
-67.375,44.625,3500,-67.358,44.58406,5.771064739335667,4.479590903880984,11.01859040592992,10.905766135962434,11.01859040592992
-67.375,44.625,3500,-67.358,44.5841,5.771064739335667,4.479590903880984,11.01859040592992,10.905766135962434,11.01859040592992
-67.375,44.625,3500,-67.3524,44.5852,5.771064739335667,4.479590903880984,11.01859040592992,10.905766135962434,11.01859040592992
-67.375,44.625,3500,-67.3328,44.65176,5.771064739335667,4.479590903880984,11.01859040592992,10.905766135962434,11.01859040592992
-67.375,44.625,3500,-67.3317,44.6472,5.771064739335667,4.479590903880984,11.01859040592992,10.905766135962434,11.01859040592992
-67.375,44.625,3500,-67.3277,44.6509,5.771064739335667,4.479590903880984,11.01859040592992,10.905766135962434,11.01859040592992
-67.375,44.625,3500,-67.327633,44.651207,5.771064739335667,4.479590903880984,11.01859040592992,10.905766135962434,11.01859040592992
-67.375,44.625,3500,-67.3207,44.5975,5.771064739335667,4.479590903880984,11.01859040592992,10.905766135962434,11.01859040592992
-67.375,44.625,3500,-67.32067,44.59754,5.771064739335667,4.479590903880984,11.01859040592992,10.905766135962434,11.01859040592992
-67.375,44.625,3500,-67.320541,44.60202,5.771064739335667,4.479590903880984,11.01859040592992,10.905766135962434,11.01859040592992
-67.375,44.625,3500,-67.3115,44.62438,5.771064739335667,4.479590903880984,11.01859040592992,10.905766135962434,11.01859040592992
-67.375,44.625,3500,-67.3112,44.6204,5.771064739335667,4.479590903880984,11.01859040592992,10.905766135962434,11.01859040592992
-67.375,44.625,3500,-67.311057,44.619898,5.771064739335667,4.479590903880984,11.01859040592992,10.905766135962434,11.01859040592992
-67.375,44.625,3500,-67.277252,44.605822,5.771064739335667,4.479590903880984,11.01859040592992,10.905766135962434,11.01859040592992
-67.375,44.625,3500,-67.2766,44.6093,5.771064739335667,4.479590903880984,11.01859040592992,10.905766135962434,11.01859040592992
-67.375,44.625,3500,-67.2764,44.60932,5.771064739335667,4.479590903880984,11.01859040592992,10.905766135962434,11.01859040592992
-67.375,44.625,3500,-67.273,44.6147,5.771064739335667,4.479590903880984,11.01859040592992,10.905766135962434,11.01859040592992
-67.375,44.625,3500,-67.272,44.6108,5.771064739335667,4.479590903880984,11.01859040592992,10.905766135962434,11.01859040592992
-67.375,44.625,3500,-67.26631,44.605604,5.771064739335667,4.479590903880984,11.01859040592992,10.905766135962434,11.01859040592992
-67.375,44.625,3500,-67.2641,44.6057,5.771064739335667,4.479590903880984,11.01859040592992,10.905766135962434,11.01859040592992
-67.375,44.625,3500,-67.2639,44.60883,5.771064739335667,4.479590903880984,11.01859040592992,10.905766135962434,11.01859040592992
-67.375,44.625,3500,-67.2639,44.6089,5.771064739335667,4.479590903880984,11.01859040592992,10.905766135962434,11.01859040592992
-67.375,44.625,3500,-67.2589,44.6086,5.771064739335667,4.479590903880984,11.01859040592992,10.905766135962434,11.01859040592992
-67.375,49.375,1562,-67.69881,49.30265,-0.006109365678364126,1.5798937217151934,12.278439263040704,6.575049634127654,12.278439263040704
-67.375,49.375,1562,-67.69877,49.30217,-0.006109365678364126,1.5798937217151934,12.278439263040704,6.575049634127654,12.278439263040704
-67.375,49.375,1562,-67.69233,49.302123333333334,-0.006109365678364126,1.5798937217151934,12.278439263040704,6.575049634127654,12.278439263040704
-67.375,49.375,1562,-67.69227333333333,49.30240333333333,-0.006109365678364126,1.5798937217151934,12.278439263040704,6.575049634127654,12.278439263040704
-67.375,49.375,1562,-67.68909,49.30186,-0.006109365678364126,1.5798937217151934,12.278439263040704,6.575049634127654,12.278439263040704
-67.375,49.375,1562,-67.68905749999999,49.30219,-0.006109365678364126,1.5798937217151934,12.278439263040704,6.575049634127654,12.278439263040704
-67.375,49.375,1562,-67.68902499999999,49.30252,-0.006109365678364126,1.5798937217151934,12.278439263040704,6.575049634127654,12.278439263040704
-67.375,49.375,1562,-67.689005,49.30228,-0.006109365678364126,1.5798937217151934,12.278439263040704,6.575049634127654,12.278439263040704
-67.375,49.375,1562,-67.68580666666666,49.302036666666666,-0.006109365678364126,1.5798937217151934,12.278439263040704,6.575049634127654,12.278439263040704
-67.375,49.375,1562,-67.68263666666667,49.301653333333334,-0.006109365678364126,1.5798937217151934,12.278439263040704,6.575049634127654,12.278439263040704
-67.375,49.375,1562,-67.67941,49.30155,-0.006109365678364126,1.5798937217151934,12.278439263040704,6.575049634127654,12.278439263040704
-67.125,44.625,3501,-67.2454,44.6413,5.841124951839447,4.536171968593154,11.148347666097242,10.964030624360078,11.148347666097242
-67.125,44.625,3501,-67.2443,44.6408,5.841124951839447,4.536171968593154,11.148347666097242,10.964030624360078,11.148347666097242
-67.125,44.625,3501,-67.242,44.6381,5.841124951839447,4.536171968593154,11.148347666097242,10.964030624360078,11.148347666097242
-67.125,44.625,3501,-67.1973,44.6434,5.841124951839447,4.536171968593154,11.148347666097242,10.964030624360078,11.148347666097242
-67.125,44.625,3501,-67.19338,44.6436,5.841124951839447,4.536171968593154,11.148347666097242,10.964030624360078,11.148347666097242
-67.125,44.625,3501,-67.190369,44.658434,5.841124951839447,4.536171968593154,11.148347666097242,10.964030624360078,11.148347666097242
-67.125,44.625,3501,-67.18971,44.6584,5.841124951839447,4.536171968593154,11.148347666097242,10.964030624360078,11.148347666097242
-67.125,44.625,3501,-67.1897,44.6584,5.841124951839447,4.536171968593154,11.148347666097242,10.964030624360078,11.148347666097242
-67.125,44.625,3501,-67.18714,44.64483,5.841124951839447,4.536171968593154,11.148347666097242,10.964030624360078,11.148347666097242
-67.125,44.625,3501,-67.1862,44.6626,5.841124951839447,4.536171968593154,11.148347666097242,10.964030624360078,11.148347666097242
-67.125,44.625,3501,-67.18027,44.66241,5.841124951839447,4.536171968593154,11.148347666097242,10.964030624360078,11.148347666097242
-67.125,44.625,3501,-67.16768,44.66214,5.841124951839447,4.536171968593154,11.148347666097242,10.964030624360078,11.148347666097242
-67.125,44.625,3501,-67.16127,44.6624,5.841124951839447,4.536171968593154,11.148347666097242,10.964030624360078,11.148347666097242
-67.125,44.625,3501,-67.1192,44.7022,5.841124951839447,4.536171968593154,11.148347666097242,10.964030624360078,11.148347666097242
-67.125,44.625,3501,-67.1156,44.7021,5.841124951839447,4.536171968593154,11.148347666097242,10.964030624360078,11.148347666097242
-67.125,44.625,3501,-67.115479,44.706638,5.841124951839447,4.536171968593154,11.148347666097242,10.964030624360078,11.148347666097242
-67.125,44.625,3501,-67.1154,44.7066,5.841124951839447,4.536171968593154,11.148347666097242,10.964030624360078,11.148347666097242
-67.125,44.625,3501,-67.1152,44.7107,5.841124951839447,4.536171968593154,11.148347666097242,10.964030624360078,11.148347666097242
-67.125,44.625,3501,-67.0704,44.7419,5.841124951839447,4.536171968593154,11.148347666097242,10.964030624360078,11.148347666097242
-67.125,44.625,3501,-67.0702,44.7464,5.841124951839447,4.536171968593154,11.148347666097242,10.964030624360078,11.148347666097242
-66.875,44.875,3400,-67.0697,44.7507,5.445902762991009,4.275621829106826,11.331294599429581,11.141184747681137,11.331294599429581
-66.875,44.875,3400,-67.0568,44.76417,5.445902762991009,4.275621829106826,11.331294599429581,11.141184747681137,11.331294599429581
-66.875,44.875,3400,-67.0568,44.7642,5.445902762991009,4.275621829106826,11.331294599429581,11.141184747681137,11.331294599429581
-66.875,44.875,3400,-67.0514,44.7643,5.445902762991009,4.275621829106826,11.331294599429581,11.141184747681137,11.331294599429581
-65.875,43.625,3914,-65.878484,43.679202,4.554333932471998,3.8469242365785346,11.05876476450484,11.287755016208619,11.05876476450484
-65.875,43.625,3914,-65.867357,43.665572,4.554333932471998,3.8469242365785346,11.05876476450484,11.287755016208619,11.05876476450484
-64.625,49.875,1369,-64.429945,49.91710299,0.224570884834975,1.5444586096230404,12.308342164801072,6.925623444623725,12.308342164801072
-64.625,49.875,1369,-64.429945,49.917103,0.224570884834975,1.5444586096230404,12.308342164801072,6.925623444623725,12.308342164801072
-64.625,49.875,1369,-64.399317,49.783542,0.224570884834975,1.5444586096230404,12.308342164801072,6.925623444623725,12.308342164801072
-64.625,49.875,1369,-64.39851098,49.78368570111111,0.224570884834975,1.5444586096230404,12.308342164801072,6.925623444623725,12.308342164801072
-64.625,49.875,1369,-64.359801,49.793227,0.224570884834975,1.5444586096230404,12.308342164801072,6.925623444623725,12.308342164801072
-64.625,49.875,1369,-64.35971825555556,49.79538407555555,0.224570884834975,1.5444586096230404,12.308342164801072,6.925623444623725,12.308342164801072
-64.625,49.875,1369,-64.358808,49.781426,0.224570884834975,1.5444586096230404,12.308342164801072,6.925623444623725,12.308342164801072
-64.625,49.875,1369,-64.357998,49.781177,0.224570884834975,1.5444586096230404,12.308342164801072,6.925623444623725,12.308342164801072
-64.625,49.875,1369,-64.34260562,49.78244347444444,0.224570884834975,1.5444586096230404,12.308342164801072,6.925623444623725,12.308342164801072
-64.625,49.875,1369,-64.342253,49.781709,0.224570884834975,1.5444586096230404,12.308342164801072,6.925623444623725,12.308342164801072
-64.625,49.875,1369,-64.34037565555556,49.793191977777774,0.224570884834975,1.5444586096230404,12.308342164801072,6.925623444623725,12.308342164801072
-64.625,49.875,1369,-64.339554,49.792872,0.224570884834975,1.5444586096230404,12.308342164801072,6.925623444623725,12.308342164801072
-64.625,49.875,1369,-64.338588,49.782619,0.224570884834975,1.5444586096230404,12.308342164801072,6.925623444623725,12.308342164801072
-64.625,49.875,1369,-64.337332,49.782592,0.224570884834975,1.5444586096230404,12.308342164801072,6.925623444623725,12.308342164801072
-64.375,44.125,3716,-64.33058306,44.24974658,3.7227796476447224,3.2117130209496896,13.37191529606664,13.051806730817455,13.37191529606664
-64.375,44.125,3716,-64.2761317,44.23824116,3.7227796476447224,3.2117130209496896,13.37191529606664,13.051806730817455,13.37191529606664
-64.125,44.375,3615,-64.28214228,44.33160902,3.5544307654102645,3.084552724174289,13.281438801639764,12.895404896994894,13.281438801639764
-64.125,44.375,3615,-64.26728795,44.50358723,3.5544307654102645,3.084552724174289,13.281438801639764,12.895404896994894,13.281438801639764
-64.125,44.375,3615,-64.25922339,44.32544899,3.5544307654102645,3.084552724174289,13.281438801639764,12.895404896994894,13.281438801639764
-64.125,44.375,3615,-64.24751404,44.29246059,3.5544307654102645,3.084552724174289,13.281438801639764,12.895404896994894,13.281438801639764
-64.125,44.375,3615,-64.24709905,44.27128069,3.5544307654102645,3.084552724174289,13.281438801639764,12.895404896994894,13.281438801639764
-64.125,44.375,3615,-64.21115208,44.51511503,3.5544307654102645,3.084552724174289,13.281438801639764,12.895404896994894,13.281438801639764
-64.125,44.375,3615,-64.19553526,44.54773832,3.5544307654102645,3.084552724174289,13.281438801639764,12.895404896994894,13.281438801639764
-64.125,44.375,3615,-64.18272067,44.36424983,3.5544307654102645,3.084552724174289,13.281438801639764,12.895404896994894,13.281438801639764
-64.125,44.375,3615,-64.180952,44.364216,3.5544307654102645,3.084552724174289,13.281438801639764,12.895404896994894,13.281438801639764
-64.125,44.375,3615,-64.17671478,44.49351453,3.5544307654102645,3.084552724174289,13.281438801639764,12.895404896994894,13.281438801639764
-64.125,44.375,3615,-64.17390727,44.31748417,3.5544307654102645,3.084552724174289,13.281438801639764,12.895404896994894,13.281438801639764
-64.125,44.375,3615,-64.14167508,44.44524131,3.5544307654102645,3.084552724174289,13.281438801639764,12.895404896994894,13.281438801639764
-64.125,44.375,3615,-64.1373325,44.47488785,3.5544307654102645,3.084552724174289,13.281438801639764,12.895404896994894,13.281438801639764
-64.125,44.375,3615,-64.12988601,44.42854791,3.5544307654102645,3.084552724174289,13.281438801639764,12.895404896994894,13.281438801639764
-64.125,44.375,3615,-64.09592455,44.43843311,3.5544307654102645,3.084552724174289,13.281438801639764,12.895404896994894,13.281438801639764
-64.125,44.375,3615,-64.060977,44.586353,3.5544307654102645,3.084552724174289,13.281438801639764,12.895404896994894,13.281438801639764
-64.125,44.375,3615,-64.05098297,44.5798473,3.5544307654102645,3.084552724174289,13.281438801639764,12.895404896994894,13.281438801639764
-64.125,44.375,3615,-64.02488,44.55818,3.5544307654102645,3.084552724174289,13.281438801639764,12.895404896994894,13.281438801639764
-64.125,44.375,3615,-64.01674717,44.53726455,3.5544307654102645,3.084552724174289,13.281438801639764,12.895404896994894,13.281438801639764
-63.875,44.375,3616,-63.961,44.596,3.5065242881801995,3.005169710418744,13.388207502143327,12.964377673097358,13.388207502143327
-63.875,44.375,3616,-63.95357947,44.54115995,3.5065242881801995,3.005169710418744,13.388207502143327,12.964377673097358,13.388207502143327
-63.875,44.375,3616,-63.95133,44.52707,3.5065242881801995,3.005169710418744,13.388207502143327,12.964377673097358,13.388207502143327
-63.875,44.375,3616,-63.94153048,44.57911606,3.5065242881801995,3.005169710418744,13.388207502143327,12.964377673097358,13.388207502143327
-63.875,44.375,3616,-63.77083847,44.47746009,3.5065242881801995,3.005169710418744,13.388207502143327,12.964377673097358,13.388207502143327
-63.625,44.375,3617,-63.713577,44.44942296,3.395838395212636,2.8653901855843933,13.522516768108042,13.050105675246364,13.522516768108042
-63.625,44.375,3617,-63.66071502,44.45579262,3.395838395212636,2.8653901855843933,13.522516768108042,13.050105675246364,13.522516768108042
-63.625,44.375,3617,-63.53436,44.48522,3.395838395212636,2.8653901855843933,13.522516768108042,13.050105675246364,13.522516768108042
-63.625,50.125,1271,-63.687117,50.206348,0.30085406289788696,0.8990797752468457,11.56898345134055,7.1249762810477915,11.56898345134055
-63.625,50.125,1271,-63.639106,50.210766,0.30085406289788696,0.8990797752468457,11.56898345134055,7.1249762810477915,11.56898345134055
-63.625,50.125,1271,-63.589829,50.206587,0.30085406289788696,0.8990797752468457,11.56898345134055,7.1249762810477915,11.56898345134055
-62.625,44.375,3621,-62.5665,44.431281,3.358763339505954,2.815399175466493,14.074694389520689,13.328785145929617,14.074694389520689
-62.375,44.875,3418,-62.38682,44.8449,2.705178821233637,2.309178976587547,13.427219298458839,12.747782592625581,13.427219298458839
-62.375,44.875,3418,-62.386817,44.8449,2.705178821233637,2.309178976587547,13.427219298458839,12.747782592625581,13.427219298458839
-62.375,44.875,3418,-62.30292,44.88955,2.705178821233637,2.309178976587547,13.427219298458839,12.747782592625581,13.427219298458839
-62.375,44.875,3418,-62.302917,44.88955,2.705178821233637,2.309178976587547,13.427219298458839,12.747782592625581,13.427219298458839
-62.125,44.625,3521,-62.01917,44.55083,2.984058651522818,2.5043189985598184,13.884113821872445,13.070905408193898,13.884113821872445
-62.125,44.875,3419,-62.23767,44.92397,2.7074596839251392,2.278586304667153,13.539337986199431,12.790393419043962,13.539337986199431
-62.125,44.875,3419,-62.237667,44.923967,2.7074596839251392,2.278586304667153,13.539337986199431,12.790393419043962,13.539337986199431
-62.125,44.875,3419,-62.207,44.887967,2.7074596839251392,2.278586304667153,13.539337986199431,12.790393419043962,13.539337986199431
-62.125,44.875,3419,-62.207,44.88797,2.7074596839251392,2.278586304667153,13.539337986199431,12.790393419043962,13.539337986199431
-62.125,44.875,3419,-62.155933,44.9066,2.7074596839251392,2.278586304667153,13.539337986199431,12.790393419043962,13.539337986199431
-62.125,44.875,3419,-62.15593,44.9066,2.7074596839251392,2.278586304667153,13.539337986199431,12.790393419043962,13.539337986199431
-62.125,44.875,3419,-62.11967,44.88707,2.7074596839251392,2.278586304667153,13.539337986199431,12.790393419043962,13.539337986199431
-62.125,44.875,3419,-62.119667,44.887067,2.7074596839251392,2.278586304667153,13.539337986199431,12.790393419043962,13.539337986199431
-52.875,46.625,2742,-52.833333,46.666667,1.3798243931607541,1.1847669367331926,10.257315802019695,9.55476969341899,10.257315802019695
