x,y,cell,longitude,latitude,kd490_winter_cellmean,kd490_spring_cellmean,kd490_summer_cellmean,kd490_fall_cellmean
-72.10416397270693,41.27083282896926,174569,-72.086122,41.30302,0.2704239348570506,0.5829685665667057,0.8647725560047008,0.47180085877577466
-71.35416393499987,41.43749946722105,172155,-71.36499603512735,41.4770646044823,0.22145273263255755,0.26427619368360755,0.39712975670893985,0.46035509229752053
-71.35416393499987,41.43749946722105,172155,-71.36499603443934,41.4770930220363,0.22145273263255755,0.26427619368360755,0.39712975670893985,0.46035509229752053
-71.35416393499987,41.43749946722105,172155,-71.3649763888888,41.4771625,0.22145273263255755,0.26427619368360755,0.39712975670893985,0.46035509229752053
-71.35416393499987,41.43749946722105,172155,-71.36290972222216,41.4773986111111,0.22145273263255755,0.26427619368360755,0.39712975670893985,0.46035509229752053
-71.35416393499987,41.43749946722105,172155,-71.362,41.478,0.22145273263255755,0.26427619368360755,0.39712975670893985,0.46035509229752053
-71.35416393499987,41.43749946722105,172155,-71.3616694444444,41.4781861111111,0.22145273263255755,0.26427619368360755,0.39712975670893985,0.46035509229752053
-71.35416393499987,41.43749946722105,172155,-71.3605790080763,41.4777983076676,0.22145273263255755,0.26427619368360755,0.39712975670893985,0.46035509229752053
-71.35416393499987,41.43749946722105,172155,-71.3605790073976,41.4778265132492,0.22145273263255755,0.26427619368360755,0.39712975670893985,0.46035509229752053
-71.35416393499987,41.43749946722105,172155,-71.36027778,41.47833333,0.22145273263255755,0.26427619368360755,0.39712975670893985,0.46035509229752053
-71.35416393499987,41.43749946722105,172155,-71.35983055499995,41.47823472,0.22145273263255755,0.26427619368360755,0.39712975670893985,0.46035509229752053
-71.35416393499987,41.43749946722105,172155,-71.3594166666666,41.4774972222222,0.22145273263255755,0.26427619368360755,0.39712975670893985,0.46035509229752053
-71.35416393499987,41.43749946722105,172155,-71.357,41.476,0.22145273263255755,0.26427619368360755,0.39712975670893985,0.46035509229752053
-71.35416393499987,41.43749946722105,172155,-71.33848,41.450199999999995,0.22145273263255755,0.26427619368360755,0.39712975670893985,0.46035509229752053
-71.31249726623837,41.43749946722105,172156,-71.33143,41.450795,0.21925606528917949,0.2582832104281375,0.3913741980989774,0.42368140581407043
-71.31249726623837,41.43749946722105,172156,-71.313,41.451,0.21925606528917949,0.2582832104281375,0.3913741980989774,0.42368140581407043
-70.89583057862333,42.354165977605895,158790,-70.913095,42.338275,0.22555497400462626,0.5261618668834368,0.5905618013120165,0.6504625978699902
-70.89583057862333,42.354165977605895,158790,-70.91286,42.3383575,0.22555497400462626,0.5261618668834368,0.5905618013120165,0.6504625978699902
-70.89583057862333,42.354165977605895,158790,-70.912625,42.33844,0.22555497400462626,0.5261618668834368,0.5905618013120165,0.6504625978699902
-70.89583057862333,42.354165977605895,158790,-70.91259352941177,42.33843088235294,0.22555497400462626,0.5261618668834368,0.5905618013120165,0.6504625978699902
-70.89583057862333,42.354165977605895,158790,-70.9125822,42.3384276,0.22555497400462626,0.5261618668834368,0.5905618013120165,0.6504625978699902
-70.89583057862333,42.354165977605895,158790,-70.91244666666667,42.338388333333334,0.22555497400462626,0.5261618668834368,0.5905618013120165,0.6504625978699902
-70.89583057862333,42.354165977605895,158790,-70.91238722222222,42.33837111111111,0.22555497400462626,0.5261618668834368,0.5905618013120165,0.6504625978699902
-70.89583057862333,42.354165977605895,158790,-70.91235750000001,42.3383625,0.22555497400462626,0.5261618668834368,0.5905618013120165,0.6504625978699902
-70.89583057862333,42.354165977605895,158790,-70.91234827586207,42.3383598275862,0.22555497400462626,0.5261618668834368,0.5905618013120165,0.6504625978699902
-70.89583057862333,42.354165977605895,158790,-70.9123475925926,42.33835962962963,0.22555497400462626,0.5261618668834368,0.5905618013120165,0.6504625978699902
-70.89583057862333,42.354165977605895,158790,-70.91232982758622,42.33835448275862,0.22555497400462626,0.5261618668834368,0.5905618013120165,0.6504625978699902
-70.89583057862333,42.354165977605895,158790,-70.91209,42.338285,0.22555497400462626,0.5261618668834368,0.5905618013120165,0.6504625978699902
-70.89583057862333,42.354165977605895,158790,-70.90753,42.34315,0.22555497400462626,0.5261618668834368,0.5905618013120165,0.6504625978699902
-70.89583057862333,42.354165977605895,158790,-70.90729,42.343055,0.22555497400462626,0.5261618668834368,0.5905618013120165,0.6504625978699902
-70.89583057862333,42.354165977605895,158790,-70.907135,42.343535,0.22555497400462626,0.5261618668834368,0.5905618013120165,0.6504625978699902
-70.89583057862333,42.354165977605895,158790,-70.907045,42.34298,0.22555497400462626,0.5261618668834368,0.5905618013120165,0.6504625978699902
-70.89583057862333,42.354165977605895,158790,-70.907035,42.34224,0.22555497400462626,0.5261618668834368,0.5905618013120165,0.6504625978699902
-70.89583057862333,42.354165977605895,158790,-70.90702357142857,42.34316857142857,0.22555497400462626,0.5261618668834368,0.5905618013120165,0.6504625978699902
-70.89583057862333,42.354165977605895,158790,-70.906995,42.34342,0.22555497400462626,0.5261618668834368,0.5905618013120165,0.6504625978699902
-70.89583057862333,42.354165977605895,158790,-70.90696750000001,42.3434225,0.22555497400462626,0.5261618668834368,0.5905618013120165,0.6504625978699902
-70.89583057862333,42.354165977605895,158790,-70.90695111111111,42.34343740740741,0.22555497400462626,0.5261618668834368,0.5905618013120165,0.6504625978699902
-70.89583057862333,42.354165977605895,158790,-70.9069475,42.343455,0.22555497400462626,0.5261618668834368,0.5905618013120165,0.6504625978699902
-70.89583057862333,42.354165977605895,158790,-70.90694435483871,42.34347032258064,0.22555497400462626,0.5261618668834368,0.5905618013120165,0.6504625978699902
-70.89583057862333,42.354165977605895,158790,-70.9069374137931,42.343504137931035,0.22555497400462626,0.5261618668834368,0.5905618013120165,0.6504625978699902
-70.89583057862333,42.354165977605895,158790,-70.90693357142857,42.34352285714286,0.22555497400462626,0.5261618668834368,0.5905618013120165,0.6504625978699902
-70.89583057862333,42.354165977605895,158790,-70.90692548387096,42.34356225806451,0.22555497400462626,0.5261618668834368,0.5905618013120165,0.6504625978699902
-70.89583057862333,42.354165977605895,158790,-70.90691724137932,42.3436024137931,0.22555497400462626,0.5261618668834368,0.5905618013120165,0.6504625978699902
-70.89583057862333,42.354165977605895,158790,-70.90691305555555,42.34321333333333,0.22555497400462626,0.5261618668834368,0.5905618013120165,0.6504625978699902
-70.89583057862333,42.354165977605895,158790,-70.90685,42.34393,0.22555497400462626,0.5261618668834368,0.5905618013120165,0.6504625978699902
-70.89583057862333,42.354165977605895,158790,-70.90677363636364,42.3439,0.22555497400462626,0.5261618668834368,0.5905618013120165,0.6504625978699902
-70.89583057862333,42.354165977605895,158790,-70.90664,42.342945,0.22555497400462626,0.5261618668834368,0.5905618013120165,0.6504625978699902
-70.89583057862333,42.354165977605895,158790,-70.90659571428571,42.34379571428571,0.22555497400462626,0.5261618668834368,0.5905618013120165,0.6504625978699902
-70.89583057862333,42.354165977605895,158790,-70.90657,42.34382,0.22555497400462626,0.5261618668834368,0.5905618013120165,0.6504625978699902
-70.89583057862333,42.354165977605895,158790,-70.90649400000001,42.343742,0.22555497400462626,0.5261618668834368,0.5905618013120165,0.6504625978699902
-70.89583057862333,42.354165977605895,158790,-70.906405,42.343695,0.22555497400462626,0.5261618668834368,0.5905618013120165,0.6504625978699902
-70.89583057862333,42.354165977605895,158790,-70.90624588235293,42.34338911764706,0.22555497400462626,0.5261618668834368,0.5905618013120165,0.6504625978699902
-70.89583057862333,42.354165977605895,158790,-70.90597,42.3437,0.22555497400462626,0.5261618668834368,0.5905618013120165,0.6504625978699902
-70.89583057862333,42.354165977605895,158790,-70.89377,42.340155,0.22555497400462626,0.5261618668834368,0.5905618013120165,0.6504625978699902
-70.89583057862333,42.354165977605895,158790,-70.89328496251255,42.34147996176026,0.22555497400462626,0.5261618668834368,0.5905618013120165,0.6504625978699902
-70.89583057862333,42.354165977605895,158790,-70.893265,42.344483333333336,0.22555497400462626,0.5261618668834368,0.5905618013120165,0.6504625978699902
-70.89583057862333,42.354165977605895,158790,-70.89315500000001,42.344665,0.22555497400462626,0.5261618668834368,0.5905618013120165,0.6504625978699902
-70.89583057862333,42.354165977605895,158790,-70.892685,42.34119,0.22555497400462626,0.5261618668834368,0.5905618013120165,0.6504625978699902
-70.89583057862333,42.354165977605895,158790,-70.89132,42.345715,0.22555497400462626,0.5261618668834368,0.5905618013120165,0.6504625978699902
-70.89583057862333,42.354165977605895,158790,-70.8912,42.343802,0.22555497400462626,0.5261618668834368,0.5905618013120165,0.6504625978699902
-70.89583057862333,42.354165977605895,158790,-70.891011,42.342275,0.22555497400462626,0.5261618668834368,0.5905618013120165,0.6504625978699902
-70.89583057862333,42.39583263716884,158182,-70.90719,42.416245,0.1966667999823888,0.5882210553934176,0.6088878868354691,0.6744343667176732
-70.89583057862333,42.39583263716884,158182,-70.90716,42.416375,0.1966667999823888,0.5882210553934176,0.6088878868354691,0.6744343667176732
-70.89583057862333,42.43749929673179,157574,-70.90703500000001,42.418383250000005,0.17095548361539842,0.5370188330610592,NA,0.8134050885836284
-70.89583057862333,42.43749929673179,157574,-70.90697,42.41904,0.17095548361539842,0.5370188330610592,NA,0.8134050885836284
-70.89583057862333,42.43749929673179,157574,-70.906615,42.42067,0.17095548361539842,0.5370188330610592,NA,0.8134050885836284
-70.89583057862333,42.43749929673179,157574,-70.90651,42.42091,0.17095548361539842,0.5370188330610592,NA,0.8134050885836284
-70.89583057862333,42.43749929673179,157574,-70.90422,42.42038,0.17095548361539842,0.5370188330610592,NA,0.8134050885836284
-70.89583057862333,42.43749929673179,157574,-70.90135,42.42101,0.17095548361539842,0.5370188330610592,NA,0.8134050885836284
-70.85416390986184,42.312499318042946,159399,-70.891487,42.327162,0.23447642512619496,0.4573115543634803,0.5138061934826421,0.5995883507686749
-70.85416390986184,42.312499318042946,159399,-70.891005,42.326845,0.23447642512619496,0.4573115543634803,0.5138061934826421,0.5995883507686749
-70.85416390986184,42.312499318042946,159399,-70.890339,42.326938,0.23447642512619496,0.4573115543634803,0.5138061934826421,0.5995883507686749
-70.85416390986184,42.312499318042946,159399,-70.89031194336705,42.3271982464939,0.23447642512619496,0.4573115543634803,0.5138061934826421,0.5995883507686749
-70.85416390986184,42.312499318042946,159399,-70.8901525614783,42.327512567862854,0.23447642512619496,0.4573115543634803,0.5138061934826421,0.5995883507686749
-70.85416390986184,42.312499318042946,159399,-70.889055,42.328328,0.23447642512619496,0.4573115543634803,0.5138061934826421,0.5995883507686749
-70.85416390986184,42.312499318042946,159399,-70.888444,42.3269,0.23447642512619496,0.4573115543634803,0.5138061934826421,0.5995883507686749
-70.85416390986184,42.312499318042946,159399,-70.888049,42.328099,0.23447642512619496,0.4573115543634803,0.5138061934826421,0.5995883507686749
-70.77083057233882,42.520832615857685,156361,-70.78767,42.53781,0.180448791757226,0.6372849296843797,0.5651471230544542,0.7753909677267075
-70.77083057233882,42.520832615857685,156361,-70.785875,42.53761,0.180448791757226,0.6372849296843797,0.5651471230544542,0.7753909677267075
-70.77083057233882,42.520832615857685,156361,-70.7857,42.53774,0.180448791757226,0.6372849296843797,0.5651471230544542,0.7753909677267075
-70.77083057233882,42.520832615857685,156361,-70.78569,42.53066,0.180448791757226,0.6372849296843797,0.5651471230544542,0.7753909677267075
-70.77083057233882,42.520832615857685,156361,-70.784795,42.5372,0.180448791757226,0.6372849296843797,0.5651471230544542,0.7753909677267075
-70.77083057233882,42.520832615857685,156361,-70.78454475,42.5319705,0.180448791757226,0.6372849296843797,0.5651471230544542,0.7753909677267075
-70.77083057233882,42.520832615857685,156361,-70.78437,42.53787,0.180448791757226,0.6372849296843797,0.5651471230544542,0.7753909677267075
-70.77083057233882,42.520832615857685,156361,-70.78394499999999,42.531355,0.180448791757226,0.6372849296843797,0.5651471230544542,0.7753909677267075
-70.77083057233882,42.520832615857685,156361,-70.78341,42.53677,0.180448791757226,0.6372849296843797,0.5651471230544542,0.7753909677267075
-70.77083057233882,42.520832615857685,156361,-70.783185,42.53191,0.180448791757226,0.6372849296843797,0.5651471230544542,0.7753909677267075
-70.77083057233882,42.520832615857685,156361,-70.782655,42.53225,0.180448791757226,0.6372849296843797,0.5651471230544542,0.7753909677267075
-70.77083057233882,42.520832615857685,156361,-70.782555,42.535955,0.180448791757226,0.6372849296843797,0.5651471230544542,0.7753909677267075
-70.77083057233882,42.520832615857685,156361,-70.78199,42.53159,0.180448791757226,0.6372849296843797,0.5651471230544542,0.7753909677267075
-70.77083057233882,42.520832615857685,156361,-70.78181000000001,42.53594,0.180448791757226,0.6372849296843797,0.5651471230544542,0.7753909677267075
-70.77083057233882,42.520832615857685,156361,-70.78151,42.53502,0.180448791757226,0.6372849296843797,0.5651471230544542,0.7753909677267075
-70.77083057233882,42.520832615857685,156361,-70.774833,42.502633,0.180448791757226,0.6372849296843797,0.5651471230544542,0.7753909677267075
-70.77083057233882,42.9791658710501,149673,-71.00862,43.01112,0.24780356919481641,0.6300592240360048,0.3559999962647756,0.7811363990660067
-70.77083057233882,42.9791658710501,149673,-70.768589,42.959502,0.24780356919481641,0.6300592240360048,0.3559999962647756,0.7811363990660067
-70.72916390357733,42.9791658710501,149674,-70.749777,42.968101,0.1831819016072485,1.0051349793107083,0.8854694118102392,0.9478381828715403
-70.68749723481582,42.9791658710501,149675,-70.6256745998415,42.967719072165,0.23081642525891463,0.861571559889449,1.0145011082291604,0.9513093457933057
-70.64583056605431,43.062499190176,148460,-70.736,43.112,0.16931474960098664,0.5857196648915609,0.9329027254134417,0.7124238644252744
-70.64583056605431,43.062499190176,148460,-70.63,43.118,0.16931474960098664,0.5857196648915609,0.9329027254134417,0.7124238644252744
-70.60416389729282,42.77083257323537,152717,-70.61122666666667,42.75982966666667,0.18268305752426386,0.5420850519090891,0.34664934978150486,0.40991061481467467
-70.60416389729282,42.9791658710501,149677,-70.6199330370873,42.9859418235719,0.17986316718161105,0.4273739634898671,0.2851542764239841,0.4488954340156756
-70.60416389729282,42.9791658710501,149677,-70.61969302150001,42.985661994,0.17986316718161105,0.4273739634898671,0.2851542764239841,0.4488954340156756
-70.60416389729282,42.9791658710501,149677,-70.61940333333334,42.985323333333334,0.17986316718161105,0.4273739634898671,0.2851542764239841,0.4488954340156756
-70.60416389729282,42.9791658710501,149677,-70.61931,42.98634833333333,0.17986316718161105,0.4273739634898671,0.2851542764239841,0.4488954340156756
-70.60416389729282,42.9791658710501,149677,-70.6188,42.9895125,0.17986316718161105,0.4273739634898671,0.2851542764239841,0.4488954340156756
-70.60416389729282,42.9791658710501,149677,-70.61877000000001,42.98476,0.17986316718161105,0.4273739634898671,0.2851542764239841,0.4488954340156756
-70.60416389729282,42.9791658710501,149677,-70.61869,42.99015,0.17986316718161105,0.4273739634898671,0.2851542764239841,0.4488954340156756
-70.60416389729282,42.9791658710501,149677,-70.618676003,42.9847199935,0.17986316718161105,0.4273739634898671,0.2851542764239841,0.4488954340156756
-70.60416389729282,42.9791658710501,149677,-70.618576426059,42.9902022611349,0.17986316718161105,0.4273739634898671,0.2851542764239841,0.4488954340156756
-70.60416389729282,42.9791658710501,149677,-70.61849,42.99079,0.17986316718161105,0.4273739634898671,0.2851542764239841,0.4488954340156756
-70.60416389729282,42.9791658710501,149677,-70.61845500000001,42.984505,0.17986316718161105,0.4273739634898671,0.2851542764239841,0.4488954340156756
-70.60416389729282,42.9791658710501,149677,-70.61831,42.99084,0.17986316718161105,0.4273739634898671,0.2851542764239841,0.4488954340156756
-70.60416389729282,42.9791658710501,149677,-70.618179962039,42.9842899180948,0.17986316718161105,0.4273739634898671,0.2851542764239841,0.4488954340156756
-70.60416389729282,42.9791658710501,149677,-70.61806,42.98434,0.17986316718161105,0.4273739634898671,0.2851542764239841,0.4488954340156756
-70.60416389729282,42.9791658710501,149677,-70.618034491,42.9906409945,0.17986316718161105,0.4273739634898671,0.2851542764239841,0.4488954340156756
-70.60416389729282,42.9791658710501,149677,-70.6179281720951,42.9878221649485,0.17986316718161105,0.4273739634898671,0.2851542764239841,0.4488954340156756
-70.60416389729282,42.9791658710501,149677,-70.61738552525634,42.99165548756713,0.17986316718161105,0.4273739634898671,0.2851542764239841,0.4488954340156756
-70.60416389729282,42.9791658710501,149677,-70.616975,42.992075,0.17986316718161105,0.4273739634898671,0.2851542764239841,0.4488954340156756
-70.60416389729282,42.9791658710501,149677,-70.61671000000001,42.992155,0.17986316718161105,0.4273739634898671,0.2851542764239841,0.4488954340156756
-70.60416389729282,42.9791658710501,149677,-70.61666500000001,42.99239,0.17986316718161105,0.4273739634898671,0.2851542764239841,0.4488954340156756
-70.60416389729282,42.9791658710501,149677,-70.6165910045,42.992212493,0.17986316718161105,0.4273739634898671,0.2851542764239841,0.4488954340156756
-70.60416389729282,42.9791658710501,149677,-70.616525,42.975744,0.17986316718161105,0.4273739634898671,0.2851542764239841,0.4488954340156756
-70.60416389729282,42.9791658710501,149677,-70.6163436755105,42.9737757731959,0.17986316718161105,0.4273739634898671,0.2851542764239841,0.4488954340156756
-70.60416389729282,42.9791658710501,149677,-70.61552,42.99315,0.17986316718161105,0.4273739634898671,0.2851542764239841,0.4488954340156756
-70.60416389729282,42.9791658710501,149677,-70.613883985,42.99306904,0.17986316718161105,0.4273739634898671,0.2851542764239841,0.4488954340156756
-70.60416389729282,42.9791658710501,149677,-70.61269,42.99281,0.17986316718161105,0.4273739634898671,0.2851542764239841,0.4488954340156756
-70.60416389729282,42.9791658710501,149677,-70.61249000000001,42.99277,0.17986316718161105,0.4273739634898671,0.2851542764239841,0.4488954340156756
-70.60416389729282,42.9791658710501,149677,-70.61183,42.99472,0.17986316718161105,0.4273739634898671,0.2851542764239841,0.4488954340156756
-70.60416389729282,42.9791658710501,149677,-70.611665966,42.992762011,0.17986316718161105,0.4273739634898671,0.2851542764239841,0.4488954340156756
-70.60416389729282,42.9791658710501,149677,-70.61115000000001,42.9902,0.17986316718161105,0.4273739634898671,0.2851542764239841,0.4488954340156756
-70.60416389729282,42.9791658710501,149677,-70.61094897800001,42.990348986499995,0.17986316718161105,0.4273739634898671,0.2851542764239841,0.4488954340156756
-70.60416389729282,42.9791658710501,149677,-70.610795,42.990405,0.17986316718161105,0.4273739634898671,0.2851542764239841,0.4488954340156756
-70.60416389729282,42.9791658710501,149677,-70.610375,42.98966,0.17986316718161105,0.4273739634898671,0.2851542764239841,0.4488954340156756
-70.60416389729282,43.02083253061305,149069,-70.60603,43.00588,0.17100399173796177,0.5142908293753863,0.460521139465926,0.5787407870878253
-70.60416389729282,43.02083253061305,149069,-70.604214,43.001839,0.17100399173796177,0.5142908293753863,0.460521139465926,0.5787407870878253
-70.60416389729282,43.02083253061305,149069,-70.597,43.00497,0.17100399173796177,0.5142908293753863,0.460521139465926,0.5787407870878253
-70.60416389729282,43.062499190176,148461,-70.622224,43.070829,0.1702780838434895,0.5930459620613678,0.8347319723928676,0.6513817543000505
-70.60416389729282,43.062499190176,148461,-70.608241,43.071741,0.1702780838434895,0.5930459620613678,0.8347319723928676,0.6513817543000505
-70.56249722853131,43.1458325093019,147246,-70.621,43.134,0.18524116644014915,0.7987579655040193,0.7756255594668565,0.7832004064530657
-70.56249722853131,43.1458325093019,147246,-70.618,43.141,0.18524116644014915,0.7987579655040193,0.7756255594668565,0.7832004064530657
-70.56249722853131,43.1458325093019,147246,-70.600532,43.1648931,0.18524116644014915,0.7987579655040193,0.7756255594668565,0.7832004064530657
-70.56249722853131,43.1458325093019,147246,-70.592358,43.166109,0.18524116644014915,0.7987579655040193,0.7756255594668565,0.7832004064530657
-70.56249722853131,43.1458325093019,147246,-70.591034,43.164158,0.18524116644014915,0.7987579655040193,0.7756255594668565,0.7832004064530657
-70.47916389100831,42.312499318042946,159408,-70.47183,42.3227,0.15088550001382828,0.2914853668461243,0.1541541405675704,0.2343199488363768
-70.47916389100831,42.312499318042946,159408,-70.47157,42.31792,0.15088550001382828,0.2914853668461243,0.1541541405675704,0.2343199488363768
-70.47916389100831,42.312499318042946,159408,-70.4707,42.31831,0.15088550001382828,0.2914853668461243,0.1541541405675704,0.2343199488363768
-70.47916389100831,42.312499318042946,159408,-70.47036,42.322,0.15088550001382828,0.2914853668461243,0.1541541405675704,0.2343199488363768
-70.47916389100831,42.312499318042946,159408,-70.46893,42.31937,0.15088550001382828,0.2914853668461243,0.1541541405675704,0.2343199488363768
-70.47916389100831,43.10416584973895,147856,-70.47571,43.121676,0.14718834962695837,0.4657773337016503,0.32125903561449887,0.4620951387965888
-70.3124972159623,43.52083244536842,141780,-70.30401,43.52791,0.21551321107044555,1.072449692303226,1.0240312731928296,1.0759205031290389
-70.3124972159623,43.52083244536842,141780,-70.30323,43.53576,0.21551321107044555,1.072449692303226,1.0240312731928296,1.0759205031290389
-70.3124972159623,43.52083244536842,141780,-70.3032,43.5358,0.21551321107044555,1.072449692303226,1.0240312731928296,1.0759205031290389
-70.18749720967779,43.64583242405726,139959,-70.223764,43.653528,0.2462118917869197,0.8536967817280028,1.5168000161647797,0.724069306344697
-70.06249720339328,43.68749908362021,139354,-70.08436,43.68669,0.21094156702359518,0.7839601536591848,0.9236071402566475,0.8137343536343491
-70.06249720339328,43.68749908362021,139354,-70.0828,43.6915,0.21094156702359518,0.7839601536591848,0.9236071402566475,0.8137343536343491
-70.06249720339328,43.68749908362021,139354,-70.082733,43.687002,0.21094156702359518,0.7839601536591848,0.9236071402566475,0.8137343536343491
-69.97916386587028,43.72916574318316,138748,-69.96087,43.76509,0.2678532322247823,0.7993499959508578,NA,1.4939779727547258
-69.97916386587028,43.72916574318316,138748,-69.95305,43.76074,0.2678532322247823,0.7993499959508578,NA,1.4939779727547258
-69.97916386587028,43.72916574318316,138748,-69.9514,43.7651,0.2678532322247823,0.7993499959508578,NA,1.4939779727547258
-69.97916386587028,43.72916574318316,138748,-69.9469,43.7158,0.2678532322247823,0.7993499959508578,NA,1.4939779727547258
-69.97916386587028,43.72916574318316,138748,-69.9402,43.71212,0.2678532322247823,0.7993499959508578,NA,1.4939779727547258
-69.97916386587028,43.72916574318316,138748,-69.9402,43.7159,0.2678532322247823,0.7993499959508578,NA,1.4939779727547258
-69.68749718453975,43.7708324027461,138147,-69.6743,43.79336,0.1830049906122057,0.5600894610087077,0.6092888878451453,0.9091616747900844
-69.68749718453975,43.7708324027461,138147,-69.6743,43.7934,0.1830049906122057,0.5600894610087077,0.6092888878451453,0.9091616747900844
-69.68749718453975,43.7708324027461,138147,-69.6682,43.7934,0.1830049906122057,0.5600894610087077,0.6092888878451453,0.9091616747900844
-69.64583051577824,43.7708324027461,138148,-69.64226,43.82497,0.1800330285640324,0.5639161303639412,0.820199986298879,0.8272480007674959
-69.64583051577824,43.7708324027461,138148,-69.6401,43.82947,0.1800330285640324,0.5639161303639412,0.820199986298879,0.8272480007674959
-69.64583051577824,43.7708324027461,138148,-69.63938,43.82462,0.1800330285640324,0.5639161303639412,0.820199986298879,0.8272480007674959
-69.64583051577824,43.7708324027461,138148,-69.6022,43.76666,0.1800330285640324,0.5639161303639412,0.820199986298879,0.8272480007674959
-69.64583051577824,43.7708324027461,138148,-69.5997,43.7891,0.1800330285640324,0.5639161303639412,0.820199986298879,0.8272480007674959
-69.64583051577824,43.7708324027461,138148,-69.5885,43.77564,0.1800330285640324,0.5639161303639412,0.820199986298879,0.8272480007674959
-69.64583051577824,43.7708324027461,138148,-69.586964,43.771149,0.1800330285640324,0.5639161303639412,0.820199986298879,0.8272480007674959
-69.56249717825524,43.7708324027461,138150,-69.5803,43.77567,0.16972724211712678,0.3470090830077727,0.42258331728608983,0.4743533126617733
-69.56249717825524,43.81249906230905,137542,-69.6188,43.82211,0.17669098277886708,0.41713113461931545,0.7837546878216559,0.6273774755628485
-69.56249717825524,43.81249906230905,137542,-69.6167,43.8287,0.17669098277886708,0.41713113461931545,0.7837546878216559,0.6273774755628485
-69.56249717825524,43.81249906230905,137542,-69.61182,43.820496,0.17669098277886708,0.41713113461931545,0.7837546878216559,0.6273774755628485
-69.56249717825524,43.81249906230905,137542,-69.6031,43.79359,0.17669098277886708,0.41713113461931545,0.7837546878216559,0.6273774755628485
-69.56249717825524,43.81249906230905,137542,-69.60166,43.7933,0.17669098277886708,0.41713113461931545,0.7837546878216559,0.6273774755628485
-69.56249717825524,43.81249906230905,137542,-69.59834,43.79362,0.17669098277886708,0.41713113461931545,0.7837546878216559,0.6273774755628485
-69.56249717825524,43.81249906230905,137542,-69.5516,43.8166,0.17669098277886708,0.41713113461931545,0.7837546878216559,0.6273774755628485
-69.47916384073223,43.854165721872,136936,-69.53466,43.86489,NA,0.35540467252333957,NA,NA
-69.47916384073223,43.854165721872,136936,-69.5336,43.8698,NA,0.35540467252333957,NA,NA
-69.47916384073223,43.854165721872,136936,-69.529659,43.862259,NA,0.35540467252333957,NA,NA
-69.47916384073223,43.854165721872,136936,-69.5166,43.83361,NA,0.35540467252333957,NA,NA
-69.47916384073223,43.854165721872,136936,-69.506934,43.835355,NA,0.35540467252333957,NA,NA
-69.43749717197073,43.89583238143494,136329,-69.4708,43.8886,0.19428042435284817,0.39842134217421216,NA,0.8764422506093978
-69.43749717197073,43.89583238143494,136329,-69.46879,43.88809,0.19428042435284817,0.39842134217421216,NA,0.8764422506093978
-69.43749717197073,43.89583238143494,136329,-69.4653,43.8942,0.19428042435284817,0.39842134217421216,NA,0.8764422506093978
-69.43749717197073,43.89583238143494,136329,-69.4409,43.8887,0.19428042435284817,0.39842134217421216,NA,0.8764422506093978
-69.43749717197073,43.89583238143494,136329,-69.439068,43.884171,0.19428042435284817,0.39842134217421216,NA,0.8764422506093978
-69.43749717197073,43.89583238143494,136329,-69.4331,43.88869,0.19428042435284817,0.39842134217421216,NA,0.8764422506093978
-69.39583050320923,43.89583238143494,136330,-69.3828,43.91136,0.19137574426638773,0.38557733347018563,NA,0.9821514065066973
-69.39583050320923,43.89583238143494,136330,-69.381,43.9147,0.19137574426638773,0.38557733347018563,NA,0.9821514065066973
-69.39583050320923,43.89583238143494,136330,-69.37804,43.91571,0.19137574426638773,0.38557733347018563,NA,0.9821514065066973
-69.39583050320923,43.89583238143494,136330,-69.378,43.9159,0.19137574426638773,0.38557733347018563,NA,0.9821514065066973
-69.35416383444772,48.35416495467032,71275,-69.3669,48.3734,0.12754900008440018,0.7214776369241568,1.8599999795357387,0.842462262014548
-69.31249716568622,43.854165721872,136940,-69.3146,43.9116,0.18587709597328253,0.4372750304087445,0.5839500453737047,0.4880263153463602
-69.31249716568622,43.854165721872,136940,-69.3146,43.9196,0.18587709597328253,0.4372750304087445,0.5839500453737047,0.4880263153463602
-69.31249716568622,43.854165721872,136940,-69.3091,43.9194,0.18587709597328253,0.4372750304087445,0.5839500453737047,0.4880263153463602
-69.31249716568622,43.854165721872,136940,-69.30907,43.91941,0.18587709597328253,0.4372750304087445,0.5839500453737047,0.4880263153463602
-69.31249716568622,43.854165721872,136940,-69.306309,43.875586,0.18587709597328253,0.4372750304087445,0.5839500453737047,0.4880263153463602
-69.31249716568622,43.854165721872,136940,-69.3008,43.934,0.18587709597328253,0.4372750304087445,0.5839500453737047,0.4880263153463602
-69.31249716568622,43.854165721872,136940,-69.30068,43.93412,0.18587709597328253,0.4372750304087445,0.5839500453737047,0.4880263153463602
-69.31249716568622,43.854165721872,136940,-69.2962,43.8711,0.18587709597328253,0.4372750304087445,0.5839500453737047,0.4880263153463602
-69.31249716568622,43.854165721872,136940,-69.2948,43.87561,0.18587709597328253,0.4372750304087445,0.5839500453737047,0.4880263153463602
-69.31249716568622,43.854165721872,136940,-69.2937,43.93324,0.18587709597328253,0.4372750304087445,0.5839500453737047,0.4880263153463602
-69.22916382816321,43.89583238143494,136334,-69.270683,43.9027,0.19982555868724983,0.4434167663840687,0.5417883369657728,0.4877840387716628
-69.22916382816321,43.89583238143494,136334,-69.2706,43.9027,0.19982555868724983,0.4434167663840687,0.5417883369657728,0.4877840387716628
-69.22916382816321,43.89583238143494,136334,-69.2705,43.9072,0.19982555868724983,0.4434167663840687,0.5417883369657728,0.4877840387716628
-69.14583049064021,43.854165721872,136944,-69.1288,43.8679,0.1796019154290358,0.3154203860710065,0.384482879387705,0.3393633872793432
-69.14583049064021,43.854165721872,136944,-69.1277,43.8626,0.1796019154290358,0.3154203860710065,0.384482879387705,0.3393633872793432
-69.14583049064021,43.89583238143494,136336,-69.12922,43.88965,0.2119812628342992,0.3759181422215921,0.4671916638811429,0.41367853719454545
-69.14583049064021,43.89583238143494,136336,-69.1282,43.8942,0.2119812628342992,0.3759181422215921,0.4671916638811429,0.41367853719454545
-69.1041638218787,43.854165721872,136945,-69.12148,43.86717,0.17420048341155053,0.273397350559632,0.34219333477187575,0.3156330886117199
-69.1041638218787,43.89583238143494,136337,-69.1201,43.8897,0.21115418045948714,0.295126966454766,0.38610000287493074,0.37704263971402097
-69.1041638218787,43.89583238143494,136337,-69.12,43.8939,0.21115418045948714,0.295126966454766,0.38610000287493074,0.37704263971402097
-69.0624971531172,43.97916570056084,135122,-69.0903,43.9798,0.22797285902003447,0.48018195157249766,0.6510293873255713,0.4717841587568584
-69.0624971531172,43.97916570056084,135122,-69.0841,43.9753,0.22797285902003447,0.48018195157249766,0.6510293873255713,0.4717841587568584
-69.0624971531172,43.97916570056084,135122,-69.08408,43.97532,0.22797285902003447,0.48018195157249766,0.6510293873255713,0.4717841587568584
-69.0624971531172,43.97916570056084,135122,-69.0653,43.9709,0.22797285902003447,0.48018195157249766,0.6510293873255713,0.4717841587568584
-69.0624971531172,43.97916570056084,135122,-69.0653,43.9754,0.22797285902003447,0.48018195157249766,0.6510293873255713,0.4717841587568584
-69.0624971531172,43.97916570056084,135122,-69.0613,43.9718,0.22797285902003447,0.48018195157249766,0.6510293873255713,0.4717841587568584
-69.0624971531172,44.02083236012379,134514,-69.07162,44.02038,0.2605199281954103,0.8745225558678309,1.2634567861203794,0.7149812136635636
-69.0624971531172,44.02083236012379,134514,-69.0716,44.0234,0.2605199281954103,0.8745225558678309,1.2634567861203794,0.7149812136635636
-69.0624971531172,44.02083236012379,134514,-69.0657,44.02,0.2605199281954103,0.8745225558678309,1.2634567861203794,0.7149812136635636
-69.0208304843557,44.06249901968673,133907,-69.0526,44.0743,0.27016449955602484,0.9091417830364377,1.066028770369788,0.7710255985720116
-69.0208304843557,44.06249901968673,133907,-69.0521,44.079,0.27016449955602484,0.9091417830364377,1.066028770369788,0.7710255985720116
-69.0208304843557,44.06249901968673,133907,-69.04713,44.07907,0.27016449955602484,0.9091417830364377,1.066028770369788,0.7710255985720116
-69.0208304843557,44.06249901968673,133907,-69.0471,44.0791,0.27016449955602484,0.9091417830364377,1.066028770369788,0.7710255985720116
-69.0208304843557,44.06249901968673,133907,-69.0469,44.07448,0.27016449955602484,0.9091417830364377,1.066028770369788,0.7710255985720116
-69.0208304843557,44.06249901968673,133907,-69.0407,44.07,0.27016449955602484,0.9091417830364377,1.066028770369788,0.7710255985720116
-69.0208304843557,44.06249901968673,133907,-69.0407,44.0737,0.27016449955602484,0.9091417830364377,1.066028770369788,0.7710255985720116
-69.0208304843557,44.06249901968673,133907,-69.03446,44.07453,0.27016449955602484,0.9091417830364377,1.066028770369788,0.7710255985720116
-69.0208304843557,44.14583233881263,132691,-69.05934,44.16448,0.3650590231021245,1.7821899099896352,1.2746968934933345,1.765142475920064
-69.0208304843557,44.187498998375574,132083,-69.0611,44.1719,0.5893112307724854,1.6428010672330857,NA,1.6370242660244307
-69.0208304843557,44.187498998375574,132083,-69.0609,44.17202,0.5893112307724854,1.6428010672330857,NA,1.6370242660244307
-69.0208304843557,44.187498998375574,132083,-69.057,44.1722,0.5893112307724854,1.6428010672330857,NA,1.6370242660244307
-68.97916381559419,42.854165892361266,151540,-68.94351,42.89058,0.09352589509727662,0.132130150248607,0.10124575372850686,0.12444296518438741
-68.9374971468327,44.187498998375574,132085,-68.95551,44.20083,0.41488726700053496,0.9398000289996465,0.9595305538839763,1.6459035812055363
-68.9374971468327,44.187498998375574,132085,-68.9553,44.2015,0.41488726700053496,0.9398000289996465,0.9595305538839763,1.6459035812055363
-68.9374971468327,44.187498998375574,132085,-68.95215,44.20533,0.41488726700053496,0.9398000289996465,0.9595305538839763,1.6459035812055363
-68.89583047807119,44.02083236012379,134518,-68.89541,44.03941,0.19361528911088643,0.33591437135256974,0.5290479276861464,0.4200484832679784
-68.89583047807119,44.02083236012379,134518,-68.892833,44.039867,0.19361528911088643,0.33591437135256974,0.5290479276861464,0.4200484832679784
-68.89583047807119,44.02083236012379,134518,-68.89277233333334,44.04001133333333,0.19361528911088643,0.33591437135256974,0.5290479276861464,0.4200484832679784
-68.89583047807119,44.02083236012379,134518,-68.89272,44.03881,0.19361528911088643,0.33591437135256974,0.5290479276861464,0.4200484832679784
-68.89583047807119,44.02083236012379,134518,-68.891345,44.0404,0.19361528911088643,0.33591437135256974,0.5290479276861464,0.4200484832679784
-68.89583047807119,44.395832296190314,129046,-68.8086,44.3724,1.067548053132163,NA,NA,NA
-68.89583047807119,44.395832296190314,129046,-68.8022,44.3723,1.067548053132163,NA,NA,NA
-68.89583047807119,44.395832296190314,129046,-68.7986,44.3762,1.067548053132163,NA,NA,NA
-68.85416380930968,44.02083236012379,134519,-68.86120004,44.02460002,0.1975073603945866,0.36477945900211733,0.4866900021831195,0.5342525661576029
-68.85416380930968,44.02083236012379,134519,-68.8612,44.0246,0.1975073603945866,0.36477945900211733,0.4866900021831195,0.5342525661576029
-68.85416380930968,44.02083236012379,134519,-68.8532,44.0256,0.1975073603945866,0.36477945900211733,0.4866900021831195,0.5342525661576029
-68.85416380930968,44.22916565793852,131479,-68.7964,44.1928,0.35526666417717934,0.35660000145435333,NA,2.3065333167711892
-68.72916380302517,44.06249901968673,133914,-68.67213,44.06534,0.22105254096289476,0.4426655782593621,0.37206130090988043,0.3659063138459858
-68.72916380302517,44.06249901968673,133914,-68.6709,44.0731,0.22105254096289476,0.4426655782593621,0.37206130090988043,0.3659063138459858
-68.72916380302517,44.14583233881263,132698,-68.7842,44.1911,0.27597408182919025,0.6618333260218302,NA,0.5083493950466315
-68.72916380302517,44.14583233881263,132698,-68.78413,44.191160000000004,0.27597408182919025,0.6618333260218302,NA,0.5083493950466315
-68.64583046550217,44.10416567924968,133308,-68.6139,44.1575,0.23845435844527352,0.2099333256483078,NA,0.4303022747238477
-68.64583046550217,44.10416567924968,133308,-68.61084,44.15751,0.23845435844527352,0.2099333256483078,NA,0.4303022747238477
-68.64583046550217,44.10416567924968,133308,-68.6092,44.15495,0.23845435844527352,0.2099333256483078,NA,0.4303022747238477
-68.64583046550217,44.10416567924968,133308,-68.58426,44.14128,0.23845435844527352,0.2099333256483078,NA,0.4303022747238477
-68.64583046550217,44.10416567924968,133308,-68.5842,44.1491,0.23845435844527352,0.2099333256483078,NA,0.4303022747238477
-68.64583046550217,44.10416567924968,133308,-68.5841,44.15877,0.23845435844527352,0.2099333256483078,NA,0.4303022747238477
-68.60416379674066,44.02083236012379,134525,-68.65365,44.00269,0.15980462183554967,0.21067000074046,0.25271691464715534,0.3441126656073791
-68.60416379674066,44.02083236012379,134525,-68.65243,44.005,0.15980462183554967,0.21067000074046,0.25271691464715534,0.3441126656073791
-68.60416379674066,44.02083236012379,134525,-68.60991,44.0199,0.15980462183554967,0.21067000074046,0.25271691464715534,0.3441126656073791
-68.60416379674066,44.02083236012379,134525,-68.609039,44.015404,0.15980462183554967,0.21067000074046,0.25271691464715534,0.3441126656073791
-68.60416379674066,44.02083236012379,134525,-68.6078,44.0149,0.15980462183554967,0.21067000074046,0.25271691464715534,0.3441126656073791
-68.56249712797916,44.06249901968673,133918,-68.5848,44.0603,0.18833829031178825,0.2242283146632345,0.2739352537136452,0.33364046420212146
-68.56249712797916,44.06249901968673,133918,-68.578571,44.055712,0.18833829031178825,0.2242283146632345,0.2739352537136452,0.33364046420212146
-68.56249712797916,44.06249901968673,133918,-68.5785,44.0602,0.18833829031178825,0.2242283146632345,0.2739352537136452,0.33364046420212146
-68.56249712797916,44.10416567924968,133310,-68.5783,44.1555,0.4367999881505966,NA,NA,NA
-68.56249712797916,44.10416567924968,133310,-68.578,44.1457,0.4367999881505966,NA,NA,NA
-68.56249712797916,44.10416567924968,133310,-68.5777,44.159,0.4367999881505966,NA,NA,NA
-68.56249712797916,44.10416567924968,133310,-68.494,44.1667,0.4367999881505966,NA,NA,NA
-68.47916379045616,44.06249901968673,133920,-68.49663,44.16329,0.17194931643704575,0.21772420046230156,0.30388345687012924,0.30430564964026735
-68.47916379045616,44.06249901968673,133920,-68.49657,44.16321,0.17194931643704575,0.21772420046230156,0.30388345687012924,0.30430564964026735
-68.47916379045616,44.06249901968673,133920,-68.48462,44.09559,0.17194931643704575,0.21772420046230156,0.30388345687012924,0.30430564964026735
-68.47916379045616,44.06249901968673,133920,-68.4846,44.1001,0.17194931643704575,0.21772420046230156,0.30388345687012924,0.30430564964026735
-68.47916379045616,44.06249901968673,133920,-68.4789,44.0999,0.17194931643704575,0.21772420046230156,0.30388345687012924,0.30430564964026735
-68.31249711541014,44.10416567924968,133316,-68.3433333,44.1033333,0.1650729560189777,0.19888756804022134,0.22848891756600803,0.2805684376181218
-68.31249711541014,44.14583233881263,132708,-68.4135,44.13053,0.19328386886488824,0.19994386633237202,0.2676663299401601,0.2967987241698246
-68.31249711541014,44.14583233881263,132708,-68.40311,44.13106,0.19328386886488824,0.19994386633237202,0.2676663299401601,0.2967987241698246
-68.31249711541014,44.14583233881263,132708,-68.4031,44.1355,0.19328386886488824,0.19994386633237202,0.2676663299401601,0.2967987241698246
-68.31249711541014,44.14583233881263,132708,-68.2516667,44.1466667,0.19328386886488824,0.19994386633237202,0.2676663299401601,0.2967987241698246
-68.31249711541014,44.187498998375574,132100,-68.413,44.1876,0.19533474979301294,0.32601314392827807,0.4554961517904744,0.40372707080422787
-68.31249711541014,44.187498998375574,132100,-68.41244,44.18516,0.19533474979301294,0.32601314392827807,0.4554961517904744,0.40372707080422787
-68.31249711541014,44.187498998375574,132100,-68.408779,44.189623,0.19533474979301294,0.32601314392827807,0.4554961517904744,0.40372707080422787
-68.31249711541014,44.22916565793852,131492,-68.47401,44.37805,0.19778008854542023,0.404246130432838,0.4255877687107949,0.3700522354670933
-68.31249711541014,44.22916565793852,131492,-68.4696,44.378,0.19778008854542023,0.404246130432838,0.4255877687107949,0.3700522354670933
-68.31249711541014,44.22916565793852,131492,-68.4637,44.3791,0.19778008854542023,0.404246130432838,0.4255877687107949,0.3700522354670933
-68.31249711541014,44.22916565793852,131492,-68.43279,44.29333,0.19778008854542023,0.404246130432838,0.4255877687107949,0.3700522354670933
-68.31249711541014,44.22916565793852,131492,-68.43277,44.29782,0.19778008854542023,0.404246130432838,0.4255877687107949,0.3700522354670933
-68.31249711541014,44.22916565793852,131492,-68.4275,44.2933,0.19778008854542023,0.404246130432838,0.4255877687107949,0.3700522354670933
-68.31249711541014,44.22916565793852,131492,-68.31394,44.32727,0.19778008854542023,0.404246130432838,0.4255877687107949,0.3700522354670933
-68.31249711541014,44.22916565793852,131492,-68.306004,44.333,0.19778008854542023,0.404246130432838,0.4255877687107949,0.3700522354670933
-68.31249711541014,44.22916565793852,131492,-68.306,44.333,0.19778008854542023,0.404246130432838,0.4255877687107949,0.3700522354670933
-68.27083044664865,48.97916484811452,62181,-68.2008,48.6273,0.1377274990081787,0.6194429020086925,1.3462973723286076,0.7893613485826386
-68.27083044664865,48.97916484811452,62181,-68.1988,48.6285,0.1377274990081787,0.6194429020086925,1.3462973723286076,0.7893613485826386
-68.27083044664865,48.97916484811452,62181,-68.08760000000001,48.65575,0.1377274990081787,0.6194429020086925,1.3462973723286076,0.7893613485826386
-68.22916377788714,44.187498998375574,132102,-68.2494,44.171,0.18708094991743565,0.2479179173707962,0.3628033970793088,0.3547577366494296
-68.22916377788714,44.187498998375574,132102,-68.24911,44.17505,0.18708094991743565,0.2479179173707962,0.3628033970793088,0.3547577366494296
-68.22916377788714,44.187498998375574,132102,-68.2483333,44.1733333,0.18708094991743565,0.2479179173707962,0.3628033970793088,0.3547577366494296
-68.22916377788714,44.187498998375574,132102,-68.2458,44.1707,0.18708094991743565,0.2479179173707962,0.3628033970793088,0.3547577366494296
-68.22916377788714,44.187498998375574,132102,-68.23991,44.17499,0.18708094991743565,0.2479179173707962,0.3628033970793088,0.3547577366494296
-68.22916377788714,44.22916565793852,131494,-68.245216,44.237915,0.18543820828199387,0.26217401574055355,0.3616317048961041,0.3524605631828308
-68.22916377788714,44.22916565793852,131494,-68.2452,44.2376,0.18543820828199387,0.26217401574055355,0.3616317048961041,0.3524605631828308
-68.22916377788714,44.22916565793852,131494,-68.2391,44.2379,0.18543820828199387,0.26217401574055355,0.3616317048961041,0.3524605631828308
-68.22916377788714,44.22916565793852,131494,-68.2096,44.239,0.18543820828199387,0.26217401574055355,0.3616317048961041,0.3524605631828308
-68.22916377788714,44.27083231750147,130886,-68.27,44.2762,0.1833120957016945,0.20416666567325592,NA,0.5031396390663253
-68.22916377788714,44.27083231750147,130886,-68.26944,44.270626,0.1833120957016945,0.20416666567325592,NA,0.5031396390663253
-68.22916377788714,44.27083231750147,130886,-68.26386,44.27057,0.1833120957016945,0.20416666567325592,NA,0.5031396390663253
-68.18749710912563,44.22916565793852,131495,-68.2079,44.2423,0.17667441604038078,0.24813166682918866,0.32434592879655066,0.33845180691334237
-68.18749710912563,44.22916565793852,131495,-68.2066667,44.2383333,0.17667441604038078,0.24813166682918866,0.32434592879655066,0.33845180691334237
-68.18749710912563,44.22916565793852,131495,-68.2048,44.2371,0.17667441604038078,0.24813166682918866,0.32434592879655066,0.33845180691334237
-68.18749710912563,44.31249897706442,130279,-68.1934,44.3065,0.1850221845562811,0.33608146707216896,0.40968889825873905,0.5244001671671867
-68.18749710912563,44.31249897706442,130279,-68.18947,44.31419,0.1850221845562811,0.33608146707216896,0.40968889825873905,0.5244001671671867
-68.18749710912563,44.31249897706442,130279,-68.1869,44.3099,0.1850221845562811,0.33608146707216896,0.40968889825873905,0.5244001671671867
-68.18749710912563,44.31249897706442,130279,-68.18109,44.36367,0.1850221845562811,0.33608146707216896,0.40968889825873905,0.5244001671671867
-68.18749710912563,44.31249897706442,130279,-68.181,44.3638,0.1850221845562811,0.33608146707216896,0.40968889825873905,0.5244001671671867
-68.18749710912563,44.31249897706442,130279,-68.1757,44.3636,0.1850221845562811,0.33608146707216896,0.40968889825873905,0.5244001671671867
-68.18749710912563,44.31249897706442,130279,-68.17277,44.46287,0.1850221845562811,0.33608146707216896,0.40968889825873905,0.5244001671671867
-68.18749710912563,44.31249897706442,130279,-68.1669,44.4623,0.1850221845562811,0.33608146707216896,0.40968889825873905,0.5244001671671867
-68.14583044036414,44.31249897706442,130280,-68.16106,44.47173,0.18573680689983202,0.31281875603728826,0.5082733298341433,0.5624707247696671
-68.14583044036414,44.31249897706442,130280,-68.1609,44.4626,0.18573680689983202,0.31281875603728826,0.5082733298341433,0.5624707247696671
-68.14583044036414,44.31249897706442,130280,-68.1608,44.46708,0.18573680689983202,0.31281875603728826,0.5082733298341433,0.5624707247696671
-68.14583044036414,44.31249897706442,130280,-68.1566,44.46178,0.18573680689983202,0.31281875603728826,0.5082733298341433,0.5624707247696671
-68.14583044036414,44.31249897706442,130280,-68.1566,44.4618,0.18573680689983202,0.31281875603728826,0.5082733298341433,0.5624707247696671
-68.14583044036414,44.31249897706442,130280,-68.1552,44.4658,0.18573680689983202,0.31281875603728826,0.5082733298341433,0.5624707247696671
-68.14583044036414,44.31249897706442,130280,-68.15455,44.46621,0.18573680689983202,0.31281875603728826,0.5082733298341433,0.5624707247696671
-68.14583044036414,44.31249897706442,130280,-68.1443,44.3954,0.18573680689983202,0.31281875603728826,0.5082733298341433,0.5624707247696671
-68.14583044036414,44.31249897706442,130280,-68.14297,44.39943,0.18573680689983202,0.31281875603728826,0.5082733298341433,0.5624707247696671
-68.14583044036414,44.31249897706442,130280,-68.1394,44.4002,0.18573680689983202,0.31281875603728826,0.5082733298341433,0.5624707247696671
-68.14583044036414,44.31249897706442,130280,-68.13937,44.40024,0.18573680689983202,0.31281875603728826,0.5082733298341433,0.5624707247696671
-68.14583044036414,44.31249897706442,130280,-68.1363,44.4175,0.18573680689983202,0.31281875603728826,0.5082733298341433,0.5624707247696671
-68.14583044036414,44.31249897706442,130280,-68.1358,44.4258,0.18573680689983202,0.31281875603728826,0.5082733298341433,0.5624707247696671
-68.14583044036414,44.31249897706442,130280,-68.1349,44.4174,0.18573680689983202,0.31281875603728826,0.5082733298341433,0.5624707247696671
-68.14583044036414,44.31249897706442,130280,-68.1319,44.4123,0.18573680689983202,0.31281875603728826,0.5082733298341433,0.5624707247696671
-68.14583044036414,44.31249897706442,130280,-68.1314,44.41286,0.18573680689983202,0.31281875603728826,0.5082733298341433,0.5624707247696671
-68.14583044036414,44.31249897706442,130280,-68.13,44.41907,0.18573680689983202,0.31281875603728826,0.5082733298341433,0.5624707247696671
-68.14583044036414,44.31249897706442,130280,-68.1298,44.4192,0.18573680689983202,0.31281875603728826,0.5082733298341433,0.5624707247696671
-68.10416377160263,44.31249897706442,130281,-68.1057,44.3677,0.18912667396167915,0.276432566344738,0.6579541610736472,0.5972917391019955
-68.10416377160263,44.31249897706442,130281,-68.10566,44.36767,0.18912667396167915,0.276432566344738,0.6579541610736472,0.5972917391019955
-68.10416377160263,44.31249897706442,130281,-68.1054,44.3632,0.18912667396167915,0.276432566344738,0.6579541610736472,0.5972917391019955
-68.10416377160263,44.31249897706442,130281,-68.0996,44.35412,0.18912667396167915,0.276432566344738,0.6579541610736472,0.5972917391019955
-68.10416377160263,44.31249897706442,130281,-68.0985,44.3641,0.18912667396167915,0.276432566344738,0.6579541610736472,0.5972917391019955
-68.10416377160263,44.31249897706442,130281,-68.093441,44.349586,0.18912667396167915,0.276432566344738,0.6579541610736472,0.5972917391019955
-68.10416377160263,44.31249897706442,130281,-68.0934,44.3541,0.18912667396167915,0.276432566344738,0.6579541610736472,0.5972917391019955
-68.10416377160263,44.31249897706442,130281,-68.0934,44.3677,0.18912667396167915,0.276432566344738,0.6579541610736472,0.5972917391019955
-68.10416377160263,44.31249897706442,130281,-68.0932,44.3631,0.18912667396167915,0.276432566344738,0.6579541610736472,0.5972917391019955
-68.10416377160263,44.31249897706442,130281,-68.087,44.363,0.18912667396167915,0.276432566344738,0.6579541610736472,0.5972917391019955
-68.06249710284112,44.31249897706442,130282,-68.07843500000001,44.368210000000005,0.18999824983378252,0.26556891625126205,0.5306923812941501,0.48628763017947213
-68.06249710284112,44.31249897706442,130282,-68.0781,44.3631,0.18999824983378252,0.26556891625126205,0.5306923812941501,0.48628763017947213
-68.06249710284112,44.31249897706442,130282,-68.077935,44.36811,0.18999824983378252,0.26556891625126205,0.5306923812941501,0.48628763017947213
-68.06249710284112,44.31249897706442,130282,-68.077,44.37017,0.18999824983378252,0.26556891625126205,0.5306923812941501,0.48628763017947213
-68.06249710284112,44.31249897706442,130282,-68.0769,44.36297,0.18999824983378252,0.26556891625126205,0.5306923812941501,0.48628763017947213
-68.06249710284112,44.31249897706442,130282,-68.0553,44.3358,0.18999824983378252,0.26556891625126205,0.5306923812941501,0.48628763017947213
-68.06249710284112,44.31249897706442,130282,-68.0525,44.3345,0.18999824983378252,0.26556891625126205,0.5306923812941501,0.48628763017947213
-68.06249710284112,44.31249897706442,130282,-68.0515,44.33128,0.18999824983378252,0.26556891625126205,0.5306923812941501,0.48628763017947213
-68.06249710284112,44.31249897706442,130282,-68.04249,44.34023,0.18999824983378252,0.26556891625126205,0.5306923812941501,0.48628763017947213
-67.97916376531812,44.35416563662737,129676,-68.03724,44.3357,0.21134669991830984,0.25766621629397074,0.5650349128991365,0.39477654455000893
-67.97916376531812,44.35416563662737,129676,-68.0372,44.3357,0.21134669991830984,0.25766621629397074,0.5650349128991365,0.39477654455000893
-67.97916376531812,44.35416563662737,129676,-68.0129,44.3851,0.21134669991830984,0.25766621629397074,0.5650349128991365,0.39477654455000893
-67.97916376531812,44.35416563662737,129676,-68.0125,44.3939,0.21134669991830984,0.25766621629397074,0.5650349128991365,0.39477654455000893
-67.97916376531812,44.35416563662737,129676,-68.0124,44.3896,0.21134669991830984,0.25766621629397074,0.5650349128991365,0.39477654455000893
-67.97916376531812,44.35416563662737,129676,-67.9976,44.3669,0.21134669991830984,0.25766621629397074,0.5650349128991365,0.39477654455000893
-67.97916376531812,44.35416563662737,129676,-67.9928,44.3669,0.21134669991830984,0.25766621629397074,0.5650349128991365,0.39477654455000893
-67.97916376531812,44.35416563662737,129676,-67.9865,44.36687,0.21134669991830984,0.25766621629397074,0.5650349128991365,0.39477654455000893
-67.97916376531812,44.35416563662737,129676,-67.9823,44.3668,0.21134669991830984,0.25766621629397074,0.5650349128991365,0.39477654455000893
-67.97916376531812,44.35416563662737,129676,-67.978165,44.366816,0.21134669991830984,0.25766621629397074,0.5650349128991365,0.39477654455000893
-67.97916376531812,44.35416563662737,129676,-67.974,44.3668,0.21134669991830984,0.25766621629397074,0.5650349128991365,0.39477654455000893
-67.97916376531812,44.35416563662737,129676,-67.9674,44.3891,0.21134669991830984,0.25766621629397074,0.5650349128991365,0.39477654455000893
-67.97916376531812,44.35416563662737,129676,-67.967266,44.389,0.21134669991830984,0.25766621629397074,0.5650349128991365,0.39477654455000893
-67.97916376531812,44.35416563662737,129676,-67.96422,44.389065,0.21134669991830984,0.25766621629397074,0.5650349128991365,0.39477654455000893
-67.97916376531812,44.35416563662737,129676,-67.961,44.3892,0.21134669991830984,0.25766621629397074,0.5650349128991365,0.39477654455000893
-67.93749709655661,44.35416563662737,129677,-67.9509,44.3973,0.21823429130017757,0.2718199498951435,0.4969073868634408,0.3222088604642634
-67.93749709655661,44.35416563662737,129677,-67.95086,44.39761,0.21823429130017757,0.2718199498951435,0.4969073868634408,0.3222088604642634
-67.93749709655661,44.35416563662737,129677,-67.94713,44.39865,0.21823429130017757,0.2718199498951435,0.4969073868634408,0.3222088604642634
-67.93749709655661,44.35416563662737,129677,-67.942669,44.398499,0.21823429130017757,0.2718199498951435,0.4969073868634408,0.3222088604642634
-67.93749709655661,44.35416563662737,129677,-67.9418,44.4116,0.21823429130017757,0.2718199498951435,0.4969073868634408,0.3222088604642634
-67.93749709655661,44.35416563662737,129677,-67.9402,44.40708,0.21823429130017757,0.2718199498951435,0.4969073868634408,0.3222088604642634
-67.93749709655661,44.35416563662737,129677,-67.94,44.4072,0.21823429130017757,0.2718199498951435,0.4969073868634408,0.3222088604642634
-67.93749709655661,44.35416563662737,129677,-67.9366,44.4051,0.21823429130017757,0.2718199498951435,0.4969073868634408,0.3222088604642634
-67.93749709655661,44.35416563662737,129677,-67.93636,44.36204,0.21823429130017757,0.2718199498951435,0.4969073868634408,0.3222088604642634
-67.93749709655661,44.35416563662737,129677,-67.93627,44.36654,0.21823429130017757,0.2718199498951435,0.4969073868634408,0.3222088604642634
-67.93749709655661,44.35416563662737,129677,-67.9344,44.3644,0.21823429130017757,0.2718199498951435,0.4969073868634408,0.3222088604642634
-67.93749709655661,44.35416563662737,129677,-67.93169,44.40701,0.21823429130017757,0.2718199498951435,0.4969073868634408,0.3222088604642634
-67.93749709655661,44.35416563662737,129677,-67.9299,44.36649,0.21823429130017757,0.2718199498951435,0.4969073868634408,0.3222088604642634
-67.93749709655661,44.35416563662737,129677,-67.9298,44.4115,0.21823429130017757,0.2718199498951435,0.4969073868634408,0.3222088604642634
-67.93749709655661,44.35416563662737,129677,-67.929,44.4161,0.21823429130017757,0.2718199498951435,0.4969073868634408,0.3222088604642634
-67.93749709655661,44.35416563662737,129677,-67.92899,44.41602,0.21823429130017757,0.2718199498951435,0.4969073868634408,0.3222088604642634
-67.85416375903361,44.35416563662737,129679,-67.87349,44.37062,0.22436337483425936,0.253912216424942,0.35137414121836946,0.2800804196219695
-67.85416375903361,44.395832296190314,129071,-67.8796,44.37516,0.23234052434563637,0.26476733485857645,0.3626176075023763,0.28129010399182636
-67.85416375903361,44.395832296190314,129071,-67.8733,44.3796,0.23234052434563637,0.26476733485857645,0.3626176075023763,0.28129010399182636
-67.85416375903361,44.395832296190314,129071,-67.872879,44.402128,0.23234052434563637,0.26476733485857645,0.3626176075023763,0.28129010399182636
-67.85416375903361,44.395832296190314,129071,-67.8728,44.4066,0.23234052434563637,0.26476733485857645,0.3626176075023763,0.28129010399182636
-67.85416375903361,44.395832296190314,129071,-67.86653,44.40659,0.23234052434563637,0.26476733485857645,0.3626176075023763,0.28129010399182636
-67.85416375903361,44.43749895575326,128463,-67.858173,44.442547,0.23871158336599668,0.25010290128343243,0.5263440618009279,0.3816480524184411
-67.85416375903361,44.43749895575326,128463,-67.8581,44.4424,0.23871158336599668,0.25010290128343243,0.5263440618009279,0.3816480524184411
-67.85416375903361,44.43749895575326,128463,-67.85321,44.44721,0.23871158336599668,0.25010290128343243,0.5263440618009279,0.3816480524184411
-67.85416375903361,44.43749895575326,128463,-67.8477,44.42447,0.23871158336599668,0.25010290128343243,0.5263440618009279,0.3816480524184411
-67.85416375903361,44.43749895575326,128463,-67.8476,44.429,0.23871158336599668,0.25010290128343243,0.5263440618009279,0.3816480524184411
-67.85416375903361,44.43749895575326,128463,-67.84725,44.4215,0.23871158336599668,0.25010290128343243,0.5263440618009279,0.3816480524184411
-67.8124970902721,44.43749895575326,128464,-67.8258,44.4423,0.23871158336599668,0.25010290128343243,0.5263440618009279,0.38164454358711575
-67.8124970902721,44.43749895575326,128464,-67.82168,44.4423,0.23871158336599668,0.25010290128343243,0.5263440618009279,0.38164454358711575
-67.8124970902721,44.43749895575326,128464,-67.8216,44.446,0.23871158336599668,0.25010290128343243,0.5263440618009279,0.38164454358711575
-67.8124970902721,44.43749895575326,128464,-67.8209,44.4421,0.23871158336599668,0.25010290128343243,0.5263440618009279,0.38164454358711575
-67.8124970902721,44.43749895575326,128464,-67.8143,44.48277,0.23871158336599668,0.25010290128343243,0.5263440618009279,0.38164454358711575
-67.8124970902721,44.43749895575326,128464,-67.80993,44.47852,0.23871158336599668,0.25010290128343243,0.5263440618009279,0.38164454358711575
-67.8124970902721,44.43749895575326,128464,-67.8083,44.4827,0.23871158336599668,0.25010290128343243,0.5263440618009279,0.38164454358711575
-67.8124970902721,44.43749895575326,128464,-67.808296,44.482742,0.23871158336599668,0.25010290128343243,0.5263440618009279,0.38164454358711575
-67.8124970902721,44.43749895575326,128464,-67.8018,44.4824,0.23871158336599668,0.25010290128343243,0.5263440618009279,0.38164454358711575
-67.7708304215106,44.43749895575326,128465,-67.7897,44.4736,0.22823796644806862,0.2552895337343216,0.5384152010083199,0.30170982474820657
-67.7708304215106,44.43749895575326,128465,-67.7859,44.4718,0.22823796644806862,0.2552895337343216,0.5384152010083199,0.30170982474820657
-67.7708304215106,44.43749895575326,128465,-67.763393,44.495928,0.22823796644806862,0.2552895337343216,0.5384152010083199,0.30170982474820657
-67.7708304215106,44.43749895575326,128465,-67.7582,44.4994,0.22823796644806862,0.2552895337343216,0.5384152010083199,0.30170982474820657
-67.7708304215106,44.43749895575326,128465,-67.75206,44.49585,0.22823796644806862,0.2552895337343216,0.5384152010083199,0.30170982474820657
-67.7708304215106,44.43749895575326,128465,-67.75111,44.48045,0.22823796644806862,0.2552895337343216,0.5384152010083199,0.30170982474820657
-67.7291637527491,44.43749895575326,128466,-67.7444,44.4823,0.22884120134015878,0.2518884013096491,0.4788367251555125,0.26195249039875834
-67.7291637527491,44.43749895575326,128466,-67.73913,44.48227,0.22884120134015878,0.2518884013096491,0.4788367251555125,0.26195249039875834
-67.7291637527491,48.97916484811452,62194,-67.9764,48.683,NA,0.5892323680222035,1.0733993986719532,0.7208464090470914
-67.6874970839876,44.43749895575326,128467,-67.7014,44.48202,0.2294378055815111,0.2435801109230077,0.3363271100653542,0.24596966471936968
-67.6874970839876,44.43749895575326,128467,-67.691265,44.481953,0.2294378055815111,0.2435801109230077,0.3363271100653542,0.24596966471936968
-67.6874970839876,44.43749895575326,128467,-67.69122,44.48499,0.2294378055815111,0.2435801109230077,0.3363271100653542,0.24596966471936968
-67.6874970839876,44.43749895575326,128467,-67.6783333,44.4616667,0.2294378055815111,0.2435801109230077,0.3363271100653542,0.24596966471936968
-67.6874970839876,44.43749895575326,128467,-67.6766,44.4721,0.2294378055815111,0.2435801109230077,0.3363271100653542,0.24596966471936968
-67.6874970839876,44.43749895575326,128467,-67.67655,44.47481,0.2294378055815111,0.2435801109230077,0.3363271100653542,0.24596966471936968
-67.6874970839876,44.43749895575326,128467,-67.676289,44.486357,0.2294378055815111,0.2435801109230077,0.3363271100653542,0.24596966471936968
-67.6874970839876,44.43749895575326,128467,-67.6705,44.489,0.2294378055815111,0.2435801109230077,0.3363271100653542,0.24596966471936968
-67.6874970839876,44.43749895575326,128467,-67.6686,44.4746,0.2294378055815111,0.2435801109230077,0.3363271100653542,0.24596966471936968
-67.6874970839876,44.43749895575326,128467,-67.6678,44.4896,0.2294378055815111,0.2435801109230077,0.3363271100653542,0.24596966471936968
-67.6874970839876,49.27083146505516,57939,-67.69881,49.30265,0.09804950281977654,0.9897747710347176,1.5049811269228275,1.1566053165329826
-67.6874970839876,49.27083146505516,57939,-67.69877,49.30217,0.09804950281977654,0.9897747710347176,1.5049811269228275,1.1566053165329826
-67.6874970839876,49.27083146505516,57939,-67.69233,49.302123333333334,0.09804950281977654,0.9897747710347176,1.5049811269228275,1.1566053165329826
-67.6874970839876,49.27083146505516,57939,-67.69227333333333,49.30240333333333,0.09804950281977654,0.9897747710347176,1.5049811269228275,1.1566053165329826
-67.6874970839876,49.27083146505516,57939,-67.68909,49.30186,0.09804950281977654,0.9897747710347176,1.5049811269228275,1.1566053165329826
-67.6874970839876,49.27083146505516,57939,-67.68905749999999,49.30219,0.09804950281977654,0.9897747710347176,1.5049811269228275,1.1566053165329826
-67.6874970839876,49.27083146505516,57939,-67.68902499999999,49.30252,0.09804950281977654,0.9897747710347176,1.5049811269228275,1.1566053165329826
-67.6874970839876,49.27083146505516,57939,-67.689005,49.30228,0.09804950281977654,0.9897747710347176,1.5049811269228275,1.1566053165329826
-67.6874970839876,49.27083146505516,57939,-67.68580666666666,49.302036666666666,0.09804950281977654,0.9897747710347176,1.5049811269228275,1.1566053165329826
-67.6874970839876,49.27083146505516,57939,-67.68263666666667,49.301653333333334,0.09804950281977654,0.9897747710347176,1.5049811269228275,1.1566053165329826
-67.6874970839876,49.27083146505516,57939,-67.67941,49.30155,0.09804950281977654,0.9897747710347176,1.5049811269228275,1.1566053165329826
-67.64583041522609,44.43749895575326,128468,-67.6664,44.4747,0.22856763005256653,0.240235666985865,0.3189004447725084,0.2513252229050354
-67.64583041522609,44.43749895575326,128468,-67.6638,44.4862,0.22856763005256653,0.240235666985865,0.3189004447725084,0.2513252229050354
-67.64583041522609,44.43749895575326,128468,-67.6633333,44.4833333,0.22856763005256653,0.240235666985865,0.3189004447725084,0.2513252229050354
-67.64583041522609,44.43749895575326,128468,-67.65292,44.491517,0.22856763005256653,0.240235666985865,0.3189004447725084,0.2513252229050354
-67.64583041522609,44.43749895575326,128468,-67.637,44.4863,0.22856763005256653,0.240235666985865,0.3189004447725084,0.2513252229050354
-67.64583041522609,44.43749895575326,128468,-67.6366667,44.4916667,0.22856763005256653,0.240235666985865,0.3189004447725084,0.2513252229050354
-67.64583041522609,44.43749895575326,128468,-67.636499,44.490295,0.22856763005256653,0.240235666985865,0.3189004447725084,0.2513252229050354
-67.64583041522609,44.43749895575326,128468,-67.63622,44.50124,0.22856763005256653,0.240235666985865,0.3189004447725084,0.2513252229050354
-67.64583041522609,44.43749895575326,128468,-67.6361,44.5012,0.22856763005256653,0.240235666985865,0.3189004447725084,0.2513252229050354
-67.64583041522609,44.43749895575326,128468,-67.635,44.4916667,0.22856763005256653,0.240235666985865,0.3189004447725084,0.2513252229050354
-67.64583041522609,44.43749895575326,128468,-67.6335,44.4916,0.22856763005256653,0.240235666985865,0.3189004447725084,0.2513252229050354
-67.64583041522609,44.43749895575326,128468,-67.6331,44.49108,0.22856763005256653,0.240235666985865,0.3189004447725084,0.2513252229050354
-67.64583041522609,44.43749895575326,128468,-67.63207,44.48624,0.22856763005256653,0.240235666985865,0.3189004447725084,0.2513252229050354
-67.64583041522609,44.43749895575326,128468,-67.631863,44.494688,0.22856763005256653,0.240235666985865,0.3189004447725084,0.2513252229050354
-67.64583041522609,44.43749895575326,128468,-67.6276,44.4901,0.22856763005256653,0.240235666985865,0.3189004447725084,0.2513252229050354
-67.64583041522609,48.97916484811452,62196,-67.6439,48.8104,NA,0.6076680004596711,1.1752892450282448,0.7415688377287653
-67.56249707770309,44.479165615316205,127862,-67.624035,44.463898,0.21857829502335302,0.2067467321952184,0.2090996665259202,0.17542700121800103
-67.56249707770309,44.479165615316205,127862,-67.5794,44.4903,0.21857829502335302,0.2067467321952184,0.2090996665259202,0.17542700121800103
-67.56249707770309,44.479165615316205,127862,-67.579377,44.490267,0.21857829502335302,0.2067467321952184,0.2090996665259202,0.17542700121800103
-67.56249707770309,44.479165615316205,127862,-67.5772,44.4855,0.21857829502335302,0.2067467321952184,0.2090996665259202,0.17542700121800103
-67.56249707770309,44.479165615316205,127862,-67.56432,44.48813,0.21857829502335302,0.2067467321952184,0.2090996665259202,0.17542700121800103
-67.56249707770309,44.479165615316205,127862,-67.5636,44.5513,0.21857829502335302,0.2067467321952184,0.2090996665259202,0.17542700121800103
-67.56249707770309,44.479165615316205,127862,-67.5632,44.5473,0.21857829502335302,0.2067467321952184,0.2090996665259202,0.17542700121800103
-67.56249707770309,44.479165615316205,127862,-67.56276,44.54756,0.21857829502335302,0.2067467321952184,0.2090996665259202,0.17542700121800103
-67.56249707770309,44.479165615316205,127862,-67.55694,44.48321,0.21857829502335302,0.2067467321952184,0.2090996665259202,0.17542700121800103
-67.56249707770309,44.479165615316205,127862,-67.556755,44.490294,0.21857829502335302,0.2067467321952184,0.2090996665259202,0.17542700121800103
-67.56249707770309,44.479165615316205,127862,-67.5554,44.5457,0.21857829502335302,0.2067467321952184,0.2090996665259202,0.17542700121800103
-67.56249707770309,44.479165615316205,127862,-67.5553,44.54572,0.21857829502335302,0.2067467321952184,0.2090996665259202,0.17542700121800103
-67.52083040894158,44.479165615316205,127863,-67.5276,44.4822,0.21610253221458858,0.21082427149469202,0.19825306634108225,0.17837796305064801
-67.52083040894158,44.479165615316205,127863,-67.52526,44.48392,0.21610253221458858,0.21082427149469202,0.19825306634108225,0.17837796305064801
-67.52083040894158,44.479165615316205,127863,-67.5248,44.484,0.21610253221458858,0.21082427149469202,0.19825306634108225,0.17837796305064801
-67.47916374018008,44.520832274879155,127256,-67.5366,44.5296,0.23637204182644686,0.261100214193849,0.24504387920553033,0.21539763086720518
-67.47916374018008,44.520832274879155,127256,-67.53652,44.53276,0.23637204182644686,0.261100214193849,0.24504387920553033,0.21539763086720518
-67.47916374018008,44.520832274879155,127256,-67.5365,44.5328,0.23637204182644686,0.261100214193849,0.24504387920553033,0.21539763086720518
-67.47916374018008,44.520832274879155,127256,-67.531109,44.519897,0.23637204182644686,0.261100214193849,0.24504387920553033,0.21539763086720518
-67.47916374018008,44.520832274879155,127256,-67.5311,44.5199,0.23637204182644686,0.261100214193849,0.24504387920553033,0.21539763086720518
-67.47916374018008,44.520832274879155,127256,-67.5307,44.5155,0.23637204182644686,0.261100214193849,0.24504387920553033,0.21539763086720518
-67.47916374018008,44.520832274879155,127256,-67.5302,44.5328,0.23637204182644686,0.261100214193849,0.24504387920553033,0.21539763086720518
-67.47916374018008,44.520832274879155,127256,-67.5291,44.56232,0.23637204182644686,0.261100214193849,0.24504387920553033,0.21539763086720518
-67.47916374018008,44.520832274879155,127256,-67.529,44.5624,0.23637204182644686,0.261100214193849,0.24504387920553033,0.21539763086720518
-67.47916374018008,44.520832274879155,127256,-67.5275,44.565,0.23637204182644686,0.261100214193849,0.24504387920553033,0.21539763086720518
-67.47916374018008,44.520832274879155,127256,-67.52656,44.55907,0.23637204182644686,0.261100214193849,0.24504387920553033,0.21539763086720518
-67.47916374018008,44.520832274879155,127256,-67.5233,44.5559,0.23637204182644686,0.261100214193849,0.24504387920553033,0.21539763086720518
-67.47916374018008,44.520832274879155,127256,-67.5232,44.5559,0.23637204182644686,0.261100214193849,0.24504387920553033,0.21539763086720518
-67.47916374018008,44.520832274879155,127256,-67.52066,44.50998,0.23637204182644686,0.261100214193849,0.24504387920553033,0.21539763086720518
-67.47916374018008,44.520832274879155,127256,-67.5204,44.5095,0.23637204182644686,0.261100214193849,0.24504387920553033,0.21539763086720518
-67.47916374018008,44.520832274879155,127256,-67.520045,44.555111,0.23637204182644686,0.261100214193849,0.24504387920553033,0.21539763086720518
-67.47916374018008,44.520832274879155,127256,-67.5182,44.50681,0.23637204182644686,0.261100214193849,0.24504387920553033,0.21539763086720518
-67.47916374018008,44.520832274879155,127256,-67.51722,44.55131,0.23637204182644686,0.261100214193849,0.24504387920553033,0.21539763086720518
-67.47916374018008,44.520832274879155,127256,-67.512157,44.505568,0.23637204182644686,0.261100214193849,0.24504387920553033,0.21539763086720518
-67.47916374018008,44.520832274879155,127256,-67.5121,44.5002,0.23637204182644686,0.261100214193849,0.24504387920553033,0.21539763086720518
-67.47916374018008,44.520832274879155,127256,-67.5121,44.5025,0.23637204182644686,0.261100214193849,0.24504387920553033,0.21539763086720518
-67.47916374018008,44.520832274879155,127256,-67.50234,44.57755,0.23637204182644686,0.261100214193849,0.24504387920553033,0.21539763086720518
-67.47916374018008,44.520832274879155,127256,-67.502,44.5772,0.23637204182644686,0.261100214193849,0.24504387920553033,0.21539763086720518
-67.47916374018008,44.520832274879155,127256,-67.4977,44.57796,0.23637204182644686,0.261100214193849,0.24504387920553033,0.21539763086720518
-67.47916374018008,44.520832274879155,127256,-67.4972,44.5777,0.23637204182644686,0.261100214193849,0.24504387920553033,0.21539763086720518
-67.47916374018008,44.520832274879155,127256,-67.48568,44.55978,0.23637204182644686,0.261100214193849,0.24504387920553033,0.21539763086720518
-67.47916374018008,44.520832274879155,127256,-67.4853,44.5736,0.23637204182644686,0.261100214193849,0.24504387920553033,0.21539763086720518
-67.47916374018008,44.520832274879155,127256,-67.485,44.5822,0.23637204182644686,0.261100214193849,0.24504387920553033,0.21539763086720518
-67.47916374018008,44.520832274879155,127256,-67.48165,44.58034,0.23637204182644686,0.261100214193849,0.24504387920553033,0.21539763086720518
-67.47916374018008,44.520832274879155,127256,-67.4794,44.55968,0.23637204182644686,0.261100214193849,0.24504387920553033,0.21539763086720518
-67.47916374018008,44.520832274879155,127256,-67.4792,44.5596,0.23637204182644686,0.261100214193849,0.24504387920553033,0.21539763086720518
-67.47916374018008,44.520832274879155,127256,-67.4618,44.5985,0.23637204182644686,0.261100214193849,0.24504387920553033,0.21539763086720518
-67.47916374018008,44.520832274879155,127256,-67.4593,44.5962,0.23637204182644686,0.261100214193849,0.24504387920553033,0.21539763086720518
-67.39583040265707,44.562498934442104,126650,-67.4561,44.59653,0.25372153085966903,0.2792468536645174,0.27283836156129837,0.2322628147624157
-67.39583040265707,44.562498934442104,126650,-67.4537,44.6003,0.25372153085966903,0.2792468536645174,0.27283836156129837,0.2322628147624157
-67.39583040265707,44.562498934442104,126650,-67.451046,44.5996,0.25372153085966903,0.2792468536645174,0.27283836156129837,0.2322628147624157
-67.39583040265707,44.562498934442104,126650,-67.4467,44.6005,0.25372153085966903,0.2792468536645174,0.27283836156129837,0.2322628147624157
-67.39583040265707,44.562498934442104,126650,-67.4466,44.6006,0.25372153085966903,0.2792468536645174,0.27283836156129837,0.2322628147624157
-67.39583040265707,44.562498934442104,126650,-67.4427,44.60376,0.25372153085966903,0.2792468536645174,0.27283836156129837,0.2322628147624157
-67.39583040265707,44.562498934442104,126650,-67.4427,44.6038,0.25372153085966903,0.2792468536645174,0.27283836156129837,0.2322628147624157
-67.39583040265707,44.562498934442104,126650,-67.4097,44.572,0.25372153085966903,0.2792468536645174,0.27283836156129837,0.2322628147624157
-67.39583040265707,44.562498934442104,126650,-67.40965,44.57199,0.25372153085966903,0.2792468536645174,0.27283836156129837,0.2322628147624157
-67.39583040265707,44.562498934442104,126650,-67.40451,44.57191,0.25372153085966903,0.2792468536645174,0.27283836156129837,0.2322628147624157
-67.39583040265707,44.562498934442104,126650,-67.3904,44.59423,0.25372153085966903,0.2792468536645174,0.27283836156129837,0.2322628147624157
-67.39583040265707,44.562498934442104,126650,-67.38786,44.5987,0.25372153085966903,0.2792468536645174,0.27283836156129837,0.2322628147624157
-67.39583040265707,44.562498934442104,126650,-67.38555,44.59896,0.25372153085966903,0.2792468536645174,0.27283836156129837,0.2322628147624157
-67.39583040265707,44.562498934442104,126650,-67.3764,44.6197,0.25372153085966903,0.2792468536645174,0.27283836156129837,0.2322628147624157
-67.39583040265707,44.562498934442104,126650,-67.3754,44.59395,0.25372153085966903,0.2792468536645174,0.27283836156129837,0.2322628147624157
-67.39583040265707,44.562498934442104,126650,-67.3753,44.5938,0.25372153085966903,0.2792468536645174,0.27283836156129837,0.2322628147624157
-67.35416373389558,44.562498934442104,126651,-67.3736,44.5984,0.23555461714665094,0.23625423386693,0.21769648100490924,0.20034064979929672
-67.35416373389558,44.562498934442104,126651,-67.373578,44.598408,0.23555461714665094,0.23625423386693,0.21769648100490924,0.20034064979929672
-67.35416373389558,44.562498934442104,126651,-67.371464,44.59391,0.23555461714665094,0.23625423386693,0.21769648100490924,0.20034064979929672
-67.35416373389558,44.562498934442104,126651,-67.37083,44.61639,0.23555461714665094,0.23625423386693,0.21769648100490924,0.20034064979929672
-67.35416373389558,44.562498934442104,126651,-67.3707,44.62086,0.23555461714665094,0.23625423386693,0.21769648100490924,0.20034064979929672
-67.35416373389558,44.562498934442104,126651,-67.3692,44.5976,0.23555461714665094,0.23625423386693,0.21769648100490924,0.20034064979929672
-67.35416373389558,44.562498934442104,126651,-67.3679,44.6245,0.23555461714665094,0.23625423386693,0.21769648100490924,0.20034064979929672
-67.35416373389558,44.562498934442104,126651,-67.36613,44.5983,0.23555461714665094,0.23625423386693,0.21769648100490924,0.20034064979929672
-67.35416373389558,44.562498934442104,126651,-67.36485,44.62528,0.23555461714665094,0.23625423386693,0.21769648100490924,0.20034064979929672
-67.35416373389558,44.562498934442104,126651,-67.3648,44.6253,0.23555461714665094,0.23625423386693,0.21769648100490924,0.20034064979929672
-67.35416373389558,44.562498934442104,126651,-67.3645,44.6207,0.23555461714665094,0.23625423386693,0.21769648100490924,0.20034064979929672
-67.35416373389558,44.562498934442104,126651,-67.358,44.58406,0.23555461714665094,0.23625423386693,0.21769648100490924,0.20034064979929672
-67.35416373389558,44.562498934442104,126651,-67.358,44.5841,0.23555461714665094,0.23625423386693,0.21769648100490924,0.20034064979929672
-67.35416373389558,44.562498934442104,126651,-67.3524,44.5852,0.23555461714665094,0.23625423386693,0.21769648100490924,0.20034064979929672
-67.27083039637256,44.60416559400505,126045,-67.3328,44.65176,0.21524653597562401,0.2493083517925412,0.23988853345314662,0.19258208324511847
-67.27083039637256,44.60416559400505,126045,-67.3317,44.6472,0.21524653597562401,0.2493083517925412,0.23988853345314662,0.19258208324511847
-67.27083039637256,44.60416559400505,126045,-67.3277,44.6509,0.21524653597562401,0.2493083517925412,0.23988853345314662,0.19258208324511847
-67.27083039637256,44.60416559400505,126045,-67.327633,44.651207,0.21524653597562401,0.2493083517925412,0.23988853345314662,0.19258208324511847
-67.27083039637256,44.60416559400505,126045,-67.3207,44.5975,0.21524653597562401,0.2493083517925412,0.23988853345314662,0.19258208324511847
-67.27083039637256,44.60416559400505,126045,-67.32067,44.59754,0.21524653597562401,0.2493083517925412,0.23988853345314662,0.19258208324511847
-67.27083039637256,44.60416559400505,126045,-67.320541,44.60202,0.21524653597562401,0.2493083517925412,0.23988853345314662,0.19258208324511847
-67.27083039637256,44.60416559400505,126045,-67.3115,44.62438,0.21524653597562401,0.2493083517925412,0.23988853345314662,0.19258208324511847
-67.27083039637256,44.60416559400505,126045,-67.3112,44.6204,0.21524653597562401,0.2493083517925412,0.23988853345314662,0.19258208324511847
-67.27083039637256,44.60416559400505,126045,-67.311057,44.619898,0.21524653597562401,0.2493083517925412,0.23988853345314662,0.19258208324511847
-67.27083039637256,44.60416559400505,126045,-67.277252,44.605822,0.21524653597562401,0.2493083517925412,0.23988853345314662,0.19258208324511847
-67.27083039637256,44.60416559400505,126045,-67.2766,44.6093,0.21524653597562401,0.2493083517925412,0.23988853345314662,0.19258208324511847
-67.27083039637256,44.60416559400505,126045,-67.2764,44.60932,0.21524653597562401,0.2493083517925412,0.23988853345314662,0.19258208324511847
-67.27083039637256,44.60416559400505,126045,-67.273,44.6147,0.21524653597562401,0.2493083517925412,0.23988853345314662,0.19258208324511847
-67.27083039637256,44.60416559400505,126045,-67.272,44.6108,0.21524653597562401,0.2493083517925412,0.23988853345314662,0.19258208324511847
-67.27083039637256,44.60416559400505,126045,-67.26631,44.605604,0.21524653597562401,0.2493083517925412,0.23988853345314662,0.19258208324511847
-67.27083039637256,44.60416559400505,126045,-67.2641,44.6057,0.21524653597562401,0.2493083517925412,0.23988853345314662,0.19258208324511847
-67.27083039637256,44.60416559400505,126045,-67.2639,44.60883,0.21524653597562401,0.2493083517925412,0.23988853345314662,0.19258208324511847
-67.27083039637256,44.60416559400505,126045,-67.2639,44.6089,0.21524653597562401,0.2493083517925412,0.23988853345314662,0.19258208324511847
-67.27083039637256,44.60416559400505,126045,-67.2589,44.6086,0.21524653597562401,0.2493083517925412,0.23988853345314662,0.19258208324511847
-67.22916372761107,44.645832253568,125438,-67.2454,44.6413,0.22070970634619394,0.2182555983463923,0.1466666708389918,0.18218961925733657
-67.22916372761107,44.645832253568,125438,-67.2443,44.6408,0.22070970634619394,0.2182555983463923,0.1466666708389918,0.18218961925733657
-67.22916372761107,44.645832253568,125438,-67.242,44.6381,0.22070970634619394,0.2182555983463923,0.1466666708389918,0.18218961925733657
-67.18749705884956,44.645832253568,125439,-67.1973,44.6434,0.22050853684926644,0.22115446627140045,0.1760499986509482,0.19043581819895541
-67.18749705884956,44.645832253568,125439,-67.19338,44.6436,0.22050853684926644,0.22115446627140045,0.1760499986509482,0.19043581819895541
-67.18749705884956,44.645832253568,125439,-67.190369,44.658434,0.22050853684926644,0.22115446627140045,0.1760499986509482,0.19043581819895541
-67.18749705884956,44.645832253568,125439,-67.18971,44.6584,0.22050853684926644,0.22115446627140045,0.1760499986509482,0.19043581819895541
-67.18749705884956,44.645832253568,125439,-67.1897,44.6584,0.22050853684926644,0.22115446627140045,0.1760499986509482,0.19043581819895541
-67.18749705884956,44.645832253568,125439,-67.18714,44.64483,0.22050853684926644,0.22115446627140045,0.1760499986509482,0.19043581819895541
-67.18749705884956,44.645832253568,125439,-67.1862,44.6626,0.22050853684926644,0.22115446627140045,0.1760499986509482,0.19043581819895541
-67.18749705884956,44.645832253568,125439,-67.18027,44.66241,0.22050853684926644,0.22115446627140045,0.1760499986509482,0.19043581819895541
-67.18749705884956,44.645832253568,125439,-67.16768,44.66214,0.22050853684926644,0.22115446627140045,0.1760499986509482,0.19043581819895541
-67.14583039008805,44.645832253568,125440,-67.16127,44.6624,0.21523900801936785,0.2248082662622134,0.24014143178275987,0.18889140403061583
-67.10416372132656,44.687498913130945,124833,-67.1192,44.7022,0.2169368493060271,0.24166093139271988,0.23655918049506652,0.19941840438466324
-67.10416372132656,44.687498913130945,124833,-67.1156,44.7021,0.2169368493060271,0.24166093139271988,0.23655918049506652,0.19941840438466324
-67.10416372132656,44.687498913130945,124833,-67.115479,44.706638,0.2169368493060271,0.24166093139271988,0.23655918049506652,0.19941840438466324
-67.10416372132656,44.687498913130945,124833,-67.1154,44.7066,0.2169368493060271,0.24166093139271988,0.23655918049506652,0.19941840438466324
-67.06249705256505,44.729165572693894,124226,-67.1152,44.7107,0.22120621392414683,0.2641199345390002,NA,0.2127951118681166
-67.06249705256505,44.729165572693894,124226,-67.0704,44.7419,0.22120621392414683,0.2641199345390002,NA,0.2127951118681166
-67.06249705256505,44.729165572693894,124226,-67.0702,44.7464,0.22120621392414683,0.2641199345390002,NA,0.2127951118681166
-67.02083038380354,44.77083223225684,123619,-67.0697,44.7507,0.21146484514077504,0.26162070594727993,0.2944833387931188,0.22502177677772664
-67.02083038380354,44.77083223225684,123619,-67.0568,44.76417,0.21146484514077504,0.26162070594727993,0.2944833387931188,0.22502177677772664
-67.02083038380354,44.77083223225684,123619,-67.0568,44.7642,0.21146484514077504,0.26162070594727993,0.2944833387931188,0.22502177677772664
-67.02083038380354,44.77083223225684,123619,-67.0514,44.7643,0.21146484514077504,0.26162070594727993,0.2944833387931188,0.22502177677772664
-65.89583032724296,43.60416576449431,140670,-65.878484,43.679202,0.36903801047139695,0.3927759319543839,0.4563115607751043,0.29318210430312575
-65.89583032724296,43.60416576449431,140670,-65.867357,43.665572,0.36903801047139695,0.3927759319543839,0.4563115607751043,0.29318210430312575
-64.56249692687486,49.937498018062314,48286,-64.429945,49.91710299,NA,0.30402435127783706,0.3414853513240814,0.19891377057259282
-64.56249692687486,49.937498018062314,48286,-64.429945,49.917103,NA,0.30402435127783706,0.3414853513240814,0.19891377057259282
-64.47916358935186,49.64583140112168,52544,-64.399317,49.783542,NA,0.30906213898407786,0.32146668394929484,0.20087593297163645
-64.47916358935186,49.64583140112168,52544,-64.39851098,49.78368570111111,NA,0.30906213898407786,0.32146668394929484,0.20087593297163645
-64.35416358306735,49.60416474155873,53155,-64.358808,49.781426,NA,0.3083076843044214,0.3329018764851386,0.22786052183558544
-64.35416358306735,49.60416474155873,53155,-64.357998,49.781177,NA,0.3083076843044214,0.3329018764851386,0.22786052183558544
-64.35416358306735,49.60416474155873,53155,-64.34260562,49.78244347444444,NA,0.3083076843044214,0.3329018764851386,0.22786052183558544
-64.35416358306735,49.60416474155873,53155,-64.342253,49.781709,NA,0.3083076843044214,0.3329018764851386,0.22786052183558544
-64.35416358306735,49.60416474155873,53155,-64.338588,49.782619,NA,0.3083076843044214,0.3329018764851386,0.22786052183558544
-64.35416358306735,49.60416474155873,53155,-64.337332,49.782592,NA,0.3083076843044214,0.3329018764851386,0.22786052183558544
-64.31249691430584,49.97916467762526,47684,-64.359801,49.793227,NA,0.32855649383967384,0.521556367999629,0.35834618487084907
-64.31249691430584,49.97916467762526,47684,-64.35971825555556,49.79538407555555,NA,0.32855649383967384,0.521556367999629,0.35834618487084907
-64.31249691430584,49.97916467762526,47684,-64.34037565555556,49.793191977777774,NA,0.32855649383967384,0.521556367999629,0.35834618487084907
-64.31249691430584,49.97916467762526,47684,-64.339554,49.792872,NA,0.32855649383967384,0.521556367999629,0.35834618487084907
-64.27083024554433,44.22916565793852,131589,-64.33058306,44.24974658,0.26472383398148747,0.3160243316420487,0.129694370759858,0.2729842756308761
-64.27083024554433,44.22916565793852,131589,-64.2761317,44.23824116,0.26472383398148747,0.3160243316420487,0.129694370759858,0.2729842756308761
-64.27083024554433,44.479165615316205,127941,-64.26728795,44.50358723,1.011771451819826,1.5457453330357869,NA,0.8833968279262383
-64.22916357678284,44.27083231750147,130982,-64.28214228,44.33160902,0.22346942891415797,0.28425875489126173,0.12293108983172311,0.23147063026273693
-64.22916357678284,44.27083231750147,130982,-64.25922339,44.32544899,0.22346942891415797,0.28425875489126173,0.12293108983172311,0.23147063026273693
-64.22916357678284,44.27083231750147,130982,-64.24751404,44.29246059,0.22346942891415797,0.28425875489126173,0.12293108983172311,0.23147063026273693
-64.22916357678284,44.27083231750147,130982,-64.24709905,44.27128069,0.22346942891415797,0.28425875489126173,0.12293108983172311,0.23147063026273693
-64.18749690802133,44.479165615316205,127943,-64.17671478,44.49351453,0.8228050944480029,1.454190394282341,0.22126099839806557,0.9540203958749771
-64.18749690802133,44.479165615316205,127943,-64.1373325,44.47488785,0.8228050944480029,1.454190394282341,0.22126099839806557,0.9540203958749771
-64.18749690802133,44.520832274879155,127335,-64.21115208,44.51511503,0.8210666771564219,1.6793999771277108,NA,1.3487932980060577
-64.18749690802133,44.520832274879155,127335,-64.19553526,44.54773832,0.8210666771564219,1.6793999771277108,NA,1.3487932980060577
-64.14583023925982,44.31249897706442,130376,-64.17390727,44.31748417,0.216648537310816,0.22660273280408647,0.12001392645416437,0.20335336996797929
-64.14583023925982,44.35416563662737,129768,-64.18272067,44.36424983,0.34037684345686875,0.3591817777465891,0.1883736919516172,0.3345865769344464
-64.14583023925982,44.35416563662737,129768,-64.180952,44.364216,0.34037684345686875,0.3591817777465891,0.1883736919516172,0.3345865769344464
-64.14583023925982,44.395832296190314,129160,-64.14167508,44.44524131,0.5055798645372744,0.49797621544669657,0.2760857093665335,0.5860686303564796
-64.14583023925982,44.395832296190314,129160,-64.12988601,44.42854791,0.5055798645372744,0.49797621544669657,0.2760857093665335,0.5860686303564796
-64.06249690173682,44.43749895575326,128554,-64.09592455,44.43843311,0.31735009348226917,0.5098568107932806,0.21249053654847322,0.3394750199819866
-64.02083023297531,44.479165615316205,127947,-64.01674717,44.53726455,0.39176585125150504,0.5995606688015601,0.22621186222467157,0.5012944334862279
-64.02083023297531,44.60416559400505,126123,-64.060977,44.586353,0.11487750336527824,NA,NA,NA
-64.02083023297531,44.60416559400505,126123,-64.05098297,44.5798473,0.11487750336527824,NA,NA,NA
-64.02083023297531,44.60416559400505,126123,-64.02488,44.55818,0.11487750336527824,NA,NA,NA
-63.97916356421381,44.479165615316205,127948,-63.95357947,44.54115995,0.3624596337477366,0.5188841761327257,0.21300789175762072,0.46066931357570723
-63.97916356421381,44.479165615316205,127948,-63.95133,44.52707,0.3624596337477366,0.5188841761327257,0.21300789175762072,0.46066931357570723
-63.97916356421381,44.479165615316205,127948,-63.9513299999999,44.52707,0.3624596337477366,0.5188841761327257,0.21300789175762072,0.46066931357570723
-63.97916356421381,44.60416559400505,126124,-63.961,44.596,0.11487750336527824,NA,NA,1.4915334035952887
-63.97916356421381,44.60416559400505,126124,-63.94153048,44.57911606,0.11487750336527824,NA,NA,1.4915334035952887
-63.770830220406296,44.395832296190314,129169,-63.77083847,44.47746009,0.1937602363657533,0.3113237667828798,0.127046157785675,0.24031220925481697
-63.687496882883295,44.43749895575326,128563,-63.713577,44.44942296,0.23464444279670715,0.34373333702484765,0.2071828908390469,0.2048500031232834
-63.687496882883295,44.43749895575326,128563,-63.66071502,44.45579262,0.23464444279670715,0.34373333702484765,0.2071828908390469,0.2048500031232834
-63.64583021412179,50.104164656314104,45876,-63.687117,50.206348,NA,0.26428215898442686,0.31585029917850826,0.3006607233374207
-63.64583021412179,50.104164656314104,45876,-63.639106,50.210766,NA,0.26428215898442686,0.31585029917850826,0.3006607233374207
-63.60416354536029,50.104164656314104,45877,-63.589829,50.206587,NA,0.2669628576228493,0.31669942067380535,0.298375538929745
-63.562496876598786,44.43749895575326,128566,-63.5665,44.431281,0.16325925000839764,0.20849455534308045,0.10624056923038819,0.2352229617536068
-63.52083020783728,44.479165615316205,127959,-63.53436,44.48522,0.15323639868034256,0.21576735029617944,0.10945303884207033,0.17928450920602731
-62.35416348251519,44.854165551382735,122515,-62.38682,44.8449,0.30302276296748054,0.34805335787435376,0.24737099980314572,0.509541060888406
-62.35416348251519,44.854165551382735,122515,-62.386817,44.8449,0.30302276296748054,0.34805335787435376,0.24737099980314572,0.509541060888406
-62.27083014499218,44.895832210945684,121909,-62.30292,44.88955,0.2829863677422206,0.41797352564476786,0.255366583665212,0.6641898084254492
-62.27083014499218,44.895832210945684,121909,-62.302917,44.88955,0.2829863677422206,0.41797352564476786,0.255366583665212,0.6641898084254492
-62.27083014499218,44.895832210945684,121909,-62.23767,44.92397,0.2829863677422206,0.41797352564476786,0.255366583665212,0.6641898084254492
-62.27083014499218,44.895832210945684,121909,-62.237667,44.923967,0.2829863677422206,0.41797352564476786,0.255366583665212,0.6641898084254492
-62.187496807469174,44.854165551382735,122519,-62.207,44.887967,0.19900494031608104,0.2943225668122371,0.162307578351414,0.3254422622553089
-62.187496807469174,44.854165551382735,122519,-62.207,44.88797,0.19900494031608104,0.2943225668122371,0.162307578351414,0.3254422622553089
-62.10416346994617,44.895832210945684,121913,-62.155933,44.9066,0.23893066574678276,0.3569433671180849,0.1814232226461172,0.4483097074370758
-62.10416346994617,44.895832210945684,121913,-62.15593,44.9066,0.23893066574678276,0.3569433671180849,0.1814232226461172,0.4483097074370758
-62.10416346994617,44.895832210945684,121913,-62.11967,44.88707,0.23893066574678276,0.3569433671180849,0.1814232226461172,0.4483097074370758
-62.10416346994617,44.895832210945684,121913,-62.119667,44.887067,0.23893066574678276,0.3569433671180849,0.1814232226461172,0.4483097074370758
-59.18749665664095,47.520831763411366,83679,-59.06032281974156,47.57221321585376,0.06689999997615814,0.1935897059008187,0.124277736795576,0.18962671061356862
-59.18749665664095,47.520831763411366,83679,-59.06001065671428,47.572053115,0.06689999997615814,0.1935897059008187,0.124277736795576,0.18962671061356862
-52.85416300489247,46.68749857215242,95991,-52.833333,46.666667,0.08267987550546727,0.14007749192808805,0.0748754510400342,0.10963072186266934
