Entry,Study,Region,Site,Depth.m,Sample.ID,Sample.Year,Sample.Month,Sample.Day,Latitude,Longitude,Taxon,Fixed.or.Random,Sample.Unit.Size.sq.m,Percent.Cover,Stipe.Density.num.per.sq.m,Individual.Density.num.per.sq.m,Biomass.kg.wet.per.sq.m
79,Attridge_et_al._2022,Nova Scotia,The Lodge,8,Attridge_et_al._2022-The Lodge-Saccharina latissima,2005,NA,NA,44.55083,-62.01917,Saccharina latissima,NA,NA,NA,NA,22.24719101,NA
80,Attridge_et_al._2022,Nova Scotia,The Lodge,8,Attridge_et_al._2022-The Lodge-Saccharina latissima,2007,NA,NA,44.55083,-62.01917,Saccharina latissima,NA,NA,NA,NA,7.865168539,NA
81,Attridge_et_al._2022,Nova Scotia,The Lodge,8,Attridge_et_al._2022-The Lodge-Saccharina latissima,2009,NA,NA,44.55083,-62.01917,Saccharina latissima,NA,NA,NA,NA,20.8988764,NA
82,Attridge_et_al._2022,Nova Scotia,The Lodge,8,Attridge_et_al._2022-The Lodge-Saccharina latissima,2010,NA,NA,44.55083,-62.01917,Saccharina latissima,NA,NA,NA,NA,19.71910112,NA
83,Attridge_et_al._2022,Nova Scotia,The Lodge,8,Attridge_et_al._2022-The Lodge-Saccharina latissima,2012,NA,NA,44.55083,-62.01917,Saccharina latissima,NA,NA,NA,NA,2.078651685,NA
84,Attridge_et_al._2022,Nova Scotia,The Lodge,8,Attridge_et_al._2022-The Lodge-Saccharina latissima,2013,NA,NA,44.55083,-62.01917,Saccharina latissima,NA,NA,NA,NA,2.584269663,NA
85,Attridge_et_al._2022,Nova Scotia,The Lodge,8,Attridge_et_al._2022-The Lodge-Saccharina latissima,2014,NA,NA,44.55083,-62.01917,Saccharina latissima,NA,NA,NA,NA,3.370786517,NA
86,Attridge_et_al._2022,Nova Scotia,The Lodge,8,Attridge_et_al._2022-The Lodge-Saccharina latissima,2015,NA,NA,44.55083,-62.01917,Saccharina latissima,NA,NA,NA,NA,6.123595506,NA
87,Attridge_et_al._2022,Nova Scotia,The Lodge,8,Attridge_et_al._2022-The Lodge-Saccharina latissima,2016,NA,NA,44.55083,-62.01917,Saccharina latissima,NA,NA,NA,NA,8.202247191,NA
88,Attridge_et_al._2022,Nova Scotia,The Lodge,8,Attridge_et_al._2022-The Lodge-Saccharina latissima,2017,NA,NA,44.55083,-62.01917,Saccharina latissima,NA,NA,NA,NA,2.247191011,NA
89,Attridge_et_al._2022,Nova Scotia,The Lodge,8,Attridge_et_al._2022-The Lodge-Laminaria digitata,2012,NA,NA,44.55083,-62.01917,Laminaria digitata,NA,NA,NA,NA,0.112359551,NA
90,Attridge_et_al._2022,Nova Scotia,The Lodge,8,Attridge_et_al._2022-The Lodge-Laminaria digitata,2013,NA,NA,44.55083,-62.01917,Laminaria digitata,NA,NA,NA,NA,0.056179775,NA
91,Attridge_et_al._2022,Nova Scotia,The Lodge,8,Attridge_et_al._2022-The Lodge-Laminaria digitata,2014,NA,NA,44.55083,-62.01917,Laminaria digitata,NA,NA,NA,NA,0.280898876,NA
92,Attridge_et_al._2022,Nova Scotia,The Lodge,8,Attridge_et_al._2022-The Lodge-Laminaria digitata,2015,NA,NA,44.55083,-62.01917,Laminaria digitata,NA,NA,NA,NA,0.112359551,NA
93,Attridge_et_al._2022,Nova Scotia,The Lodge,8,Attridge_et_al._2022-The Lodge-Laminaria digitata,2016,NA,NA,44.55083,-62.01917,Laminaria digitata,NA,NA,NA,NA,0.056179775,NA
94,Attridge_et_al._2022,Nova Scotia,The Lodge,8,Attridge_et_al._2022-The Lodge-Laminaria digitata,2017,NA,NA,44.55083,-62.01917,Laminaria digitata,NA,NA,NA,NA,0,NA
148,Witman_et_al._2018,Gulf of Maine,Ammen Rock 1,13.5,Witman_et_al._2018-Ammen Rock 1-Saccharina latissima,2014,NA,NA,42.89058,-68.94351,Saccharina latissima,Random,1,NA,NA,36.29261364,4.869402985
149,Witman_et_al._2018,Gulf of Maine,Ammen Rock 1,13.5,Witman_et_al._2018-Ammen Rock 1-Saccharina latissima,2015,NA,NA,42.89058,-68.94351,Saccharina latissima,Random,1,NA,NA,26.70454545,4.832089552
150,Witman_et_al._2018,Gulf of Maine,Ammen Rock 2,13.5,Witman_et_al._2018-Ammen Rock 2-Saccharina latissima,2015,NA,NA,42.89058,-68.94351,Saccharina latissima,Random,1,NA,NA,34.16193182,3.526119403
151,Witman_et_al._2018,Gulf of Maine,Ammen Rock 2,13.5,Witman_et_al._2018-Ammen Rock 2-Saccharina latissima,2016,NA,NA,42.89058,-68.94351,Saccharina latissima,Random,1,NA,NA,11.36363636,1.97761194
152,Witman_et_al._2018,Gulf of Maine,Lunging Island,13.5,Witman_et_al._2018-Lunging Island-Agarum clathratum,2014,NA,NA,43.01112,-71.00862,Agarum clathratum,Random,1,NA,NA,7.6171875,0.500779221
153,Witman_et_al._2018,Gulf of Maine,Lunging Island,13.5,Witman_et_al._2018-Lunging Island-Agarum clathratum,2015,NA,NA,43.01112,-71.00862,Agarum clathratum,Random,1,NA,NA,13.0859375,0.633246753
154,Witman_et_al._2018,Gulf of Maine,Spout Shoal,13.5,Witman_et_al._2018-Spout Shoal-Agarum clathratum,2014,NA,NA,43.01112,-71.00862,Agarum clathratum,Random,1,NA,NA,0.1953125,0.041038961
155,Witman_et_al._2018,Gulf of Maine,Spout Shoal,13.5,Witman_et_al._2018-Spout Shoal-Agarum clathratum,2015,NA,NA,43.01112,-71.00862,Agarum clathratum,Random,1,NA,NA,19.921875,0.376103896
156,Witman_et_al._2018,Gulf of Maine,Star Island,13.5,Witman_et_al._2018-Star Island-Agarum clathratum,2014,NA,NA,43.01112,-71.00862,Agarum clathratum,Random,1,NA,NA,3.7109375,0.104935065
157,Witman_et_al._2018,Gulf of Maine,Star Island,13.5,Witman_et_al._2018-Star Island-Agarum clathratum,2015,NA,NA,43.01112,-71.00862,Agarum clathratum,Random,1,NA,NA,20.1171875,0.198441558
333,O'Brien_et_al._2018,Nova Scotia,The Lodge,8,"O'Brien_et_al._2018-The Lodge-Saccharina latissima, Laminaria digitata, Agarum clathratum",2005,6,NA,44.55818,-64.02488,"Saccharina latissima, Laminaria digitata, Agarum clathratum",Fixed,0.25,NA,NA,22.36521739,NA
334,O'Brien_et_al._2018,Nova Scotia,The Lodge,8,"O'Brien_et_al._2018-The Lodge-Saccharina latissima, Laminaria digitata, Agarum clathratum",2007,6,NA,44.55818,-64.02488,"Saccharina latissima, Laminaria digitata, Agarum clathratum",Fixed,0.25,NA,NA,7.617391304,NA
335,O'Brien_et_al._2018,Nova Scotia,The Lodge,8.5,"O'Brien_et_al._2018-The Lodge-Saccharina latissima, Laminaria digitata, Agarum clathratum",2009,7,NA,44.55818,-64.02488,"Saccharina latissima, Laminaria digitata, Agarum clathratum",Fixed,1,NA,NA,20.34782609,NA
336,O'Brien_et_al._2018,Nova Scotia,The Lodge,7.5,"O'Brien_et_al._2018-The Lodge-Saccharina latissima, Laminaria digitata, Agarum clathratum",2010,6,NA,44.55818,-64.02488,"Saccharina latissima, Laminaria digitata, Agarum clathratum",Fixed,1,NA,NA,19.23478261,NA
337,O'Brien_et_al._2018,Nova Scotia,The Lodge,8.5,"O'Brien_et_al._2018-The Lodge-Saccharina latissima, Laminaria digitata, Agarum clathratum",2012,6,NA,44.55818,-64.02488,"Saccharina latissima, Laminaria digitata, Agarum clathratum",Fixed,NA,NA,NA,1.704347826,NA
338,O'Brien_et_al._2018,Nova Scotia,The Lodge,8.5,"O'Brien_et_al._2018-The Lodge-Saccharina latissima, Laminaria digitata, Agarum clathratum",2012,7,NA,44.55818,-64.02488,"Saccharina latissima, Laminaria digitata, Agarum clathratum",Fixed,NA,NA,NA,2.052173913,NA
339,O'Brien_et_al._2018,Nova Scotia,The Lodge,8.5,"O'Brien_et_al._2018-The Lodge-Saccharina latissima, Laminaria digitata, Agarum clathratum",2012,8,NA,44.55818,-64.02488,"Saccharina latissima, Laminaria digitata, Agarum clathratum",Fixed,NA,NA,NA,1.704347826,NA
340,O'Brien_et_al._2018,Nova Scotia,The Lodge,8.5,"O'Brien_et_al._2018-The Lodge-Saccharina latissima, Laminaria digitata, Agarum clathratum",2012,9,NA,44.55818,-64.02488,"Saccharina latissima, Laminaria digitata, Agarum clathratum",Fixed,NA,NA,NA,1.913043478,NA
341,O'Brien_et_al._2018,Nova Scotia,The Lodge,8.5,"O'Brien_et_al._2018-The Lodge-Saccharina latissima, Laminaria digitata, Agarum clathratum",2012,10,NA,44.55818,-64.02488,"Saccharina latissima, Laminaria digitata, Agarum clathratum",Fixed,NA,NA,NA,1.565217391,NA
342,O'Brien_et_al._2018,Nova Scotia,The Lodge,8.5,"O'Brien_et_al._2018-The Lodge-Saccharina latissima, Laminaria digitata, Agarum clathratum",2012,11,NA,44.55818,-64.02488,"Saccharina latissima, Laminaria digitata, Agarum clathratum",Fixed,NA,NA,NA,1.147826087,NA
343,O'Brien_et_al._2018,Nova Scotia,The Lodge,8.5,"O'Brien_et_al._2018-The Lodge-Saccharina latissima, Laminaria digitata, Agarum clathratum",2013,4,NA,44.55818,-64.02488,"Saccharina latissima, Laminaria digitata, Agarum clathratum",Fixed,NA,NA,NA,1.843478261,NA
344,O'Brien_et_al._2018,Nova Scotia,The Lodge,8.5,"O'Brien_et_al._2018-The Lodge-Saccharina latissima, Laminaria digitata, Agarum clathratum",2013,7,NA,44.55818,-64.02488,"Saccharina latissima, Laminaria digitata, Agarum clathratum",Fixed,NA,NA,NA,2.260869565,NA
345,O'Brien_et_al._2018,Nova Scotia,The Lodge,8.5,"O'Brien_et_al._2018-The Lodge-Saccharina latissima, Laminaria digitata, Agarum clathratum",2013,9,NA,44.55818,-64.02488,"Saccharina latissima, Laminaria digitata, Agarum clathratum",Fixed,NA,NA,NA,1.913043478,NA
346,O'Brien_et_al._2018,Nova Scotia,The Lodge,8.5,"O'Brien_et_al._2018-The Lodge-Saccharina latissima, Laminaria digitata, Agarum clathratum",2013,NA,NA,44.55818,-64.02488,"Saccharina latissima, Laminaria digitata, Agarum clathratum",Fixed,NA,NA,NA,1.913043478,NA
347,O'Brien_et_al._2018,Nova Scotia,The Lodge,8.5,"O'Brien_et_al._2018-The Lodge-Saccharina latissima, Laminaria digitata, Agarum clathratum",2014,4,NA,44.55818,-64.02488,"Saccharina latissima, Laminaria digitata, Agarum clathratum",Fixed,NA,NA,NA,2.260869565,NA
348,O'Brien_et_al._2018,Nova Scotia,The Lodge,8.5,"O'Brien_et_al._2018-The Lodge-Saccharina latissima, Laminaria digitata, Agarum clathratum",2014,6,NA,44.55818,-64.02488,"Saccharina latissima, Laminaria digitata, Agarum clathratum",Fixed,NA,NA,NA,3.026086957,NA
349,O'Brien_et_al._2018,Nova Scotia,The Lodge,8.5,"O'Brien_et_al._2018-The Lodge-Saccharina latissima, Laminaria digitata, Agarum clathratum",2014,8,NA,44.55818,-64.02488,"Saccharina latissima, Laminaria digitata, Agarum clathratum",Fixed,NA,NA,NA,2.886956522,NA
350,O'Brien_et_al._2018,Nova Scotia,The Lodge,8.5,"O'Brien_et_al._2018-The Lodge-Saccharina latissima, Laminaria digitata, Agarum clathratum",2014,10,NA,44.55818,-64.02488,"Saccharina latissima, Laminaria digitata, Agarum clathratum",Fixed,NA,NA,NA,2.191304348,NA
351,O'Brien_et_al._2018,Nova Scotia,The Lodge,8.5,"O'Brien_et_al._2018-The Lodge-Saccharina latissima, Laminaria digitata, Agarum clathratum",2015,5,NA,44.55818,-64.02488,"Saccharina latissima, Laminaria digitata, Agarum clathratum",Fixed,NA,NA,NA,5.87826087,NA
352,O'Brien_et_al._2018,Nova Scotia,The Lodge,8.5,"O'Brien_et_al._2018-The Lodge-Saccharina latissima, Laminaria digitata, Agarum clathratum",2015,8,NA,44.55818,-64.02488,"Saccharina latissima, Laminaria digitata, Agarum clathratum",Fixed,NA,NA,NA,6.504347826,NA
353,O'Brien_et_al._2018,Nova Scotia,The Lodge,8.5,"O'Brien_et_al._2018-The Lodge-Saccharina latissima, Laminaria digitata, Agarum clathratum",2015,10,NA,44.55818,-64.02488,"Saccharina latissima, Laminaria digitata, Agarum clathratum",Fixed,NA,NA,NA,5.808695652,NA
354,O'Brien_et_al._2018,Nova Scotia,The Lodge,8.5,"O'Brien_et_al._2018-The Lodge-Saccharina latissima, Laminaria digitata, Agarum clathratum",2016,6,NA,44.55818,-64.02488,"Saccharina latissima, Laminaria digitata, Agarum clathratum",Fixed,NA,NA,NA,8.8,NA
355,O'Brien_et_al._2018,Nova Scotia,The Lodge,8.5,"O'Brien_et_al._2018-The Lodge-Saccharina latissima, Laminaria digitata, Agarum clathratum",2016,10,NA,44.55818,-64.02488,"Saccharina latissima, Laminaria digitata, Agarum clathratum",Fixed,NA,NA,NA,4.904347826,NA
356,O'Brien_et_al._2018,Nova Scotia,The Lodge,8.5,"O'Brien_et_al._2018-The Lodge-Saccharina latissima, Laminaria digitata, Agarum clathratum",2016,11,NA,44.55818,-64.02488,"Saccharina latissima, Laminaria digitata, Agarum clathratum",Fixed,NA,NA,NA,4.208695652,NA
357,O'Brien_et_al._2018,Nova Scotia,The Lodge,8.5,"O'Brien_et_al._2018-The Lodge-Saccharina latissima, Laminaria digitata, Agarum clathratum",2016,12,NA,44.55818,-64.02488,"Saccharina latissima, Laminaria digitata, Agarum clathratum",Fixed,NA,NA,NA,2.817391304,NA
358,O'Brien_et_al._2018,Nova Scotia,The Lodge,8.5,"O'Brien_et_al._2018-The Lodge-Saccharina latissima, Laminaria digitata, Agarum clathratum",2017,4,NA,44.55818,-64.02488,"Saccharina latissima, Laminaria digitata, Agarum clathratum",Fixed,NA,NA,NA,1.634782609,NA
359,O'Brien_et_al._2018,Nova Scotia,The Lodge,8.5,"O'Brien_et_al._2018-The Lodge-Saccharina latissima, Laminaria digitata, Agarum clathratum",2017,8,NA,44.55818,-64.02488,"Saccharina latissima, Laminaria digitata, Agarum clathratum",Fixed,NA,NA,NA,2.539130435,NA
360,O'Brien_et_al._2018,Nova Scotia,The Lodge,8.5,"O'Brien_et_al._2018-The Lodge-Saccharina latissima, Laminaria digitata, Agarum clathratum",2017,12,NA,44.55818,-64.02488,"Saccharina latissima, Laminaria digitata, Agarum clathratum",Fixed,NA,NA,NA,0.660869565,NA
361,O'Brien_et_al._2018,Nova Scotia,Paddy's Head,8,"O'Brien_et_al._2018-Paddy's Head-Saccharina latissima, Laminaria digitata, Agarum clathratum",2005,6,NA,44.52707,-63.95133,"Saccharina latissima, Laminaria digitata, Agarum clathratum",Fixed,0.25,NA,NA,11.60486322,NA
362,O'Brien_et_al._2018,Nova Scotia,Paddy's Head,8,"O'Brien_et_al._2018-Paddy's Head-Saccharina latissima, Laminaria digitata, Agarum clathratum",2007,6,NA,44.52707,-63.95133,"Saccharina latissima, Laminaria digitata, Agarum clathratum",Fixed,0.25,NA,NA,2.41337386,NA
363,O'Brien_et_al._2018,Nova Scotia,Paddy's Head,5,"O'Brien_et_al._2018-Paddy's Head-Saccharina latissima, Laminaria digitata, Agarum clathratum",2012,6,NA,44.52707,-63.95133,"Saccharina latissima, Laminaria digitata, Agarum clathratum",Fixed,NA,NA,NA,3.045592705,NA
364,O'Brien_et_al._2018,Nova Scotia,Paddy's Head,5,"O'Brien_et_al._2018-Paddy's Head-Saccharina latissima, Laminaria digitata, Agarum clathratum",2012,7,NA,44.52707,-63.95133,"Saccharina latissima, Laminaria digitata, Agarum clathratum",Fixed,NA,NA,NA,2.583586626,NA
365,O'Brien_et_al._2018,Nova Scotia,Paddy's Head,5,"O'Brien_et_al._2018-Paddy's Head-Saccharina latissima, Laminaria digitata, Agarum clathratum",2012,8,NA,44.52707,-63.95133,"Saccharina latissima, Laminaria digitata, Agarum clathratum",Fixed,NA,NA,NA,2.340425532,NA
366,O'Brien_et_al._2018,Nova Scotia,Paddy's Head,5,"O'Brien_et_al._2018-Paddy's Head-Saccharina latissima, Laminaria digitata, Agarum clathratum",2012,9,NA,44.52707,-63.95133,"Saccharina latissima, Laminaria digitata, Agarum clathratum",Fixed,NA,NA,NA,0.686930091,NA
367,O'Brien_et_al._2018,Nova Scotia,Paddy's Head,5,"O'Brien_et_al._2018-Paddy's Head-Saccharina latissima, Laminaria digitata, Agarum clathratum",2012,10,NA,44.52707,-63.95133,"Saccharina latissima, Laminaria digitata, Agarum clathratum",Fixed,NA,NA,NA,0.249240122,NA
368,O'Brien_et_al._2018,Nova Scotia,Paddy's Head,5,"O'Brien_et_al._2018-Paddy's Head-Saccharina latissima, Laminaria digitata, Agarum clathratum",2012,12,NA,44.52707,-63.95133,"Saccharina latissima, Laminaria digitata, Agarum clathratum",Fixed,NA,NA,NA,0.103343465,NA
369,O'Brien_et_al._2018,Nova Scotia,Paddy's Head,5,"O'Brien_et_al._2018-Paddy's Head-Saccharina latissima, Laminaria digitata, Agarum clathratum",2013,3,NA,44.52707,-63.95133,"Saccharina latissima, Laminaria digitata, Agarum clathratum",Fixed,NA,NA,NA,0.370820669,NA
370,O'Brien_et_al._2018,Nova Scotia,Paddy's Head,5,"O'Brien_et_al._2018-Paddy's Head-Saccharina latissima, Laminaria digitata, Agarum clathratum",2013,5,NA,44.52707,-63.95133,"Saccharina latissima, Laminaria digitata, Agarum clathratum",Fixed,NA,NA,NA,0.613981763,NA
371,O'Brien_et_al._2018,Nova Scotia,Paddy's Head,5,"O'Brien_et_al._2018-Paddy's Head-Saccharina latissima, Laminaria digitata, Agarum clathratum",2013,7,NA,44.52707,-63.95133,"Saccharina latissima, Laminaria digitata, Agarum clathratum",Fixed,NA,NA,NA,0.273556231,NA
372,O'Brien_et_al._2018,Nova Scotia,Paddy's Head,5,"O'Brien_et_al._2018-Paddy's Head-Saccharina latissima, Laminaria digitata, Agarum clathratum",2013,9,NA,44.52707,-63.95133,"Saccharina latissima, Laminaria digitata, Agarum clathratum",Fixed,NA,NA,NA,0.127659574,NA
373,O'Brien_et_al._2018,Nova Scotia,Paddy's Head,5,"O'Brien_et_al._2018-Paddy's Head-Saccharina latissima, Laminaria digitata, Agarum clathratum",2014,2,NA,44.52707,-63.95133,"Saccharina latissima, Laminaria digitata, Agarum clathratum",Fixed,NA,NA,NA,0.273556231,NA
374,O'Brien_et_al._2018,Nova Scotia,Paddy's Head,5,"O'Brien_et_al._2018-Paddy's Head-Saccharina latissima, Laminaria digitata, Agarum clathratum",2014,5,NA,44.52707,-63.95133,"Saccharina latissima, Laminaria digitata, Agarum clathratum",Fixed,NA,NA,NA,0.541033435,NA
375,O'Brien_et_al._2018,Nova Scotia,Paddy's Head,5,"O'Brien_et_al._2018-Paddy's Head-Saccharina latissima, Laminaria digitata, Agarum clathratum",2014,7,NA,44.52707,-63.95133,"Saccharina latissima, Laminaria digitata, Agarum clathratum",Fixed,NA,NA,NA,0.881458967,NA
376,O'Brien_et_al._2018,Nova Scotia,Paddy's Head,5,"O'Brien_et_al._2018-Paddy's Head-Saccharina latissima, Laminaria digitata, Agarum clathratum",2014,9,NA,44.52707,-63.95133,"Saccharina latissima, Laminaria digitata, Agarum clathratum",Fixed,NA,NA,NA,0.224924012,NA
377,O'Brien_et_al._2018,Nova Scotia,Paddy's Head,5,"O'Brien_et_al._2018-Paddy's Head-Saccharina latissima, Laminaria digitata, Agarum clathratum",2014,11,NA,44.52707,-63.95133,"Saccharina latissima, Laminaria digitata, Agarum clathratum",Fixed,NA,NA,NA,0.054711246,NA
378,O'Brien_et_al._2018,Nova Scotia,Paddy's Head,5,"O'Brien_et_al._2018-Paddy's Head-Saccharina latissima, Laminaria digitata, Agarum clathratum",2015,3,NA,44.52707,-63.95133,"Saccharina latissima, Laminaria digitata, Agarum clathratum",Fixed,NA,NA,NA,0.711246201,NA
379,O'Brien_et_al._2018,Nova Scotia,Paddy's Head,5,"O'Brien_et_al._2018-Paddy's Head-Saccharina latissima, Laminaria digitata, Agarum clathratum",2015,5,NA,44.52707,-63.95133,"Saccharina latissima, Laminaria digitata, Agarum clathratum",Fixed,NA,NA,NA,1.465045593,NA
380,O'Brien_et_al._2018,Nova Scotia,Paddy's Head,5,"O'Brien_et_al._2018-Paddy's Head-Saccharina latissima, Laminaria digitata, Agarum clathratum",2015,7,NA,44.52707,-63.95133,"Saccharina latissima, Laminaria digitata, Agarum clathratum",Fixed,NA,NA,NA,1.58662614,NA
381,O'Brien_et_al._2018,Nova Scotia,Paddy's Head,5,"O'Brien_et_al._2018-Paddy's Head-Saccharina latissima, Laminaria digitata, Agarum clathratum",2015,10,NA,44.52707,-63.95133,"Saccharina latissima, Laminaria digitata, Agarum clathratum",Fixed,NA,NA,NA,0.079027356000000007,NA
382,O'Brien_et_al._2018,Nova Scotia,Paddy's Head,5,"O'Brien_et_al._2018-Paddy's Head-Saccharina latissima, Laminaria digitata, Agarum clathratum",2016,3,NA,44.52707,-63.95133,"Saccharina latissima, Laminaria digitata, Agarum clathratum",Fixed,NA,NA,NA,0.127659574,NA
383,O'Brien_et_al._2018,Nova Scotia,Paddy's Head,5,"O'Brien_et_al._2018-Paddy's Head-Saccharina latissima, Laminaria digitata, Agarum clathratum",2016,5,NA,44.52707,-63.95133,"Saccharina latissima, Laminaria digitata, Agarum clathratum",Fixed,NA,NA,NA,1.56231003,NA
384,O'Brien_et_al._2018,Nova Scotia,Paddy's Head,5,"O'Brien_et_al._2018-Paddy's Head-Saccharina latissima, Laminaria digitata, Agarum clathratum",2016,9,NA,44.52707,-63.95133,"Saccharina latissima, Laminaria digitata, Agarum clathratum",Fixed,NA,NA,NA,0.224924012,NA
385,O'Brien_et_al._2018,Nova Scotia,Paddy's Head,5,"O'Brien_et_al._2018-Paddy's Head-Saccharina latissima, Laminaria digitata, Agarum clathratum",2017,7,NA,44.52707,-63.95133,"Saccharina latissima, Laminaria digitata, Agarum clathratum",Fixed,NA,NA,NA,5.209726444,NA
386,O'Brien_et_al._2018,Nova Scotia,Paddy's Head,5,"O'Brien_et_al._2018-Paddy's Head-Saccharina latissima, Laminaria digitata, Agarum clathratum",2017,11,NA,44.52707,-63.95133,"Saccharina latissima, Laminaria digitata, Agarum clathratum",Fixed,NA,NA,NA,0.249240122,NA
418,Feehan_et_al._2019,Narragensett Bay,Fort Wetherill,2,Feehan_et_al._2019-Fort Wetherill-Saccharina latissima,1980,5,NA,41.478,-71.362,Saccharina latissima,Random,0.1,NA,NA,62.00980392,NA
419,Feehan_et_al._2019,Narragensett Bay,Fort Wetherill,2,Feehan_et_al._2019-Fort Wetherill-Saccharina latissima,1980,6,NA,41.478,-71.362,Saccharina latissima,Random,0.1,NA,NA,95.71078431,3.4684685
420,Feehan_et_al._2019,Narragensett Bay,Fort Wetherill,2,Feehan_et_al._2019-Fort Wetherill-Saccharina latissima,1980,7,NA,41.478,-71.362,Saccharina latissima,Random,0.1,NA,NA,47.30392157,NA
421,Feehan_et_al._2019,Narragensett Bay,Fort Wetherill,2,Feehan_et_al._2019-Fort Wetherill-Saccharina latissima,1980,8,NA,41.478,-71.362,Saccharina latissima,Random,0.1,NA,NA,110.4166667,NA
422,Feehan_et_al._2019,Narragensett Bay,Fort Wetherill,2,Feehan_et_al._2019-Fort Wetherill-Saccharina latissima,1980,9,NA,41.478,-71.362,Saccharina latissima,Random,0.1,NA,NA,76.71568627,NA
423,Feehan_et_al._2019,Narragensett Bay,Fort Wetherill,2,Feehan_et_al._2019-Fort Wetherill-Saccharina latissima,1980,2,NA,41.478,-71.362,Saccharina latissima,Random,0.1,NA,NA,46.07843137,NA
424,Feehan_et_al._2019,Narragensett Bay,Fort Wetherill,2,Feehan_et_al._2019-Fort Wetherill-Saccharina latissima,1981,4,NA,41.478,-71.362,Saccharina latissima,Random,0.1,NA,NA,88.97058824,NA
425,Feehan_et_al._2019,Narragensett Bay,Fort Wetherill,2,Feehan_et_al._2019-Fort Wetherill-Saccharina latissima,1981,6,NA,41.478,-71.362,Saccharina latissima,Random,0.1,NA,NA,248.2843137,5
426,Feehan_et_al._2019,Narragensett Bay,Fort Wetherill,2,Feehan_et_al._2019-Fort Wetherill-Saccharina latissima,2017,12,NA,41.478,-71.362,Saccharina latissima,Random,0.625,NA,NA,1.960784314,NA
427,Feehan_et_al._2019,Narragensett Bay,Fort Wetherill,2,Feehan_et_al._2019-Fort Wetherill-Saccharina latissima,2018,1,NA,41.478,-71.362,Saccharina latissima,Random,0.625,NA,NA,3.18627451,NA
428,Feehan_et_al._2019,Narragensett Bay,Fort Wetherill,2,Feehan_et_al._2019-Fort Wetherill-Saccharina latissima,2018,NA,NA,41.478,-71.362,Saccharina latissima,Random,0.625,NA,NA,3.18627451,NA
429,Feehan_et_al._2019,Narragensett Bay,Fort Wetherill,2,Feehan_et_al._2019-Fort Wetherill-Saccharina latissima,2018,3,NA,41.478,-71.362,Saccharina latissima,Random,0.625,NA,NA,5.024509804,NA
430,Feehan_et_al._2019,Narragensett Bay,Fort Wetherill,2,Feehan_et_al._2019-Fort Wetherill-Saccharina latissima,2018,6,NA,41.478,-71.362,Saccharina latissima,Random,0.625,NA,NA,43.01470588,0.114
431,Feehan_et_al._2019,Narragensett Bay,Fort Wetherill,2,Feehan_et_al._2019-Fort Wetherill-Saccharina latissima,2018,8,NA,41.478,-71.362,Saccharina latissima,Random,0.625,NA,NA,9.926470588,NA
432,Feehan_et_al._2019,Narragensett Bay,Fort Wetherill,2,Feehan_et_al._2019-Fort Wetherill-Saccharina latissima,2018,11,NA,41.478,-71.362,Saccharina latissima,Random,0.625,NA,NA,4.411764706,NA
433,Feehan_et_al._2019,Narragensett Bay,Land's End,2,Feehan_et_al._2019-Land's End-Saccharina latissima,1980,6,NA,41.45,-71.314,Saccharina latissima,Random,0.1,NA,NA,NA,0
434,Feehan_et_al._2019,Narragensett Bay,Land's End,2,Feehan_et_al._2019-Land's End-Saccharina latissima,1981,6,NA,41.45,-71.314,Saccharina latissima,Random,0.1,NA,NA,NA,12.88288288
435,Feehan_et_al._2019,Narragensett Bay,Land's End,2,Feehan_et_al._2019-Land's End-Saccharina latissima,2018,6,NA,41.45,-71.314,Saccharina latissima,Random,0.625,NA,NA,NA,18.01801802
482,Filbee-Dexteretal_et_al._2016,Nova Scotia,Mill Cove,8,"Filbee-Dexteretal_et_al._2016-Mill Cove-Saccharina latissima, Laminaria digitata, Agarum clathratum",1968,2,NA,44.586353,-64.060977,"Saccharina latissima, Laminaria digitata, Agarum clathratum",Random,0.625,NA,NA,NA,16.06108478
483,Filbee-Dexteretal_et_al._2016,Nova Scotia,Mill Cove,8,"Filbee-Dexteretal_et_al._2016-Mill Cove-Saccharina latissima, Laminaria digitata, Agarum clathratum",1973,2,NA,44.586353,-64.060977,"Saccharina latissima, Laminaria digitata, Agarum clathratum",Random,0.625,NA,NA,NA,20.17509215
484,Filbee-Dexteretal_et_al._2016,Nova Scotia,Mill Cove,8,"Filbee-Dexteretal_et_al._2016-Mill Cove-Saccharina latissima, Laminaria digitata, Agarum clathratum",1992,1,NA,44.586353,-64.060977,"Saccharina latissima, Laminaria digitata, Agarum clathratum",Random,0.625,NA,NA,NA,4.903896788
485,Filbee-Dexteretal_et_al._2016,Nova Scotia,Mill Cove,8,"Filbee-Dexteretal_et_al._2016-Mill Cove-Saccharina latissima, Laminaria digitata, Agarum clathratum",1994,1,NA,44.586353,-64.060977,"Saccharina latissima, Laminaria digitata, Agarum clathratum",Random,0.625,NA,NA,NA,0.921537651
486,Filbee-Dexteretal_et_al._2016,Nova Scotia,Mill Cove,8,"Filbee-Dexteretal_et_al._2016-Mill Cove-Saccharina latissima, Laminaria digitata, Agarum clathratum",1995,1,NA,44.586353,-64.060977,"Saccharina latissima, Laminaria digitata, Agarum clathratum",Random,0.625,NA,NA,NA,4.673512375
487,Filbee-Dexteretal_et_al._2016,Nova Scotia,Mill Cove,8,"Filbee-Dexteretal_et_al._2016-Mill Cove-Saccharina latissima, Laminaria digitata, Agarum clathratum",2005,1,NA,44.586353,-64.060977,"Saccharina latissima, Laminaria digitata, Agarum clathratum",Random,0.625,NA,NA,NA,0.460768826
488,Filbee-Dexteretal_et_al._2016,Nova Scotia,Mill Cove,8,"Filbee-Dexteretal_et_al._2016-Mill Cove-Saccharina latissima, Laminaria digitata, Agarum clathratum",2008,1,NA,44.586353,-64.060977,"Saccharina latissima, Laminaria digitata, Agarum clathratum",Random,0.625,NA,NA,NA,0.32912059
489,Filbee-Dexteretal_et_al._2016,Nova Scotia,Mill Cove,8,"Filbee-Dexteretal_et_al._2016-Mill Cove-Saccharina latissima, Laminaria digitata, Agarum clathratum",2009,1,NA,44.586353,-64.060977,"Saccharina latissima, Laminaria digitata, Agarum clathratum",Random,0.625,NA,NA,NA,2.238020011
490,Filbee-Dexteretal_et_al._2016,Nova Scotia,Mill Cove,8,"Filbee-Dexteretal_et_al._2016-Mill Cove-Saccharina latissima, Laminaria digitata, Agarum clathratum",2010,1,NA,44.586353,-64.060977,"Saccharina latissima, Laminaria digitata, Agarum clathratum",Random,0.625,NA,NA,NA,3.686150606
491,Filbee-Dexteretal_et_al._2016,Nova Scotia,Whitehead Island,8,"Filbee-Dexteretal_et_al._2016-Whitehead Island-Saccharina latissima, Laminaria digitata, Agarum clathratum",1949,NA,NA,43.665572,-65.867357,"Saccharina latissima, Laminaria digitata, Agarum clathratum",Random,0.625,NA,NA,NA,19.35229068
492,Filbee-Dexteretal_et_al._2016,Nova Scotia,Whitehead Island,8,"Filbee-Dexteretal_et_al._2016-Whitehead Island-Saccharina latissima, Laminaria digitata, Agarum clathratum",1979,1,NA,43.665572,-65.867357,"Saccharina latissima, Laminaria digitata, Agarum clathratum",Random,0.625,NA,NA,NA,4.574776198
493,Filbee-Dexteretal_et_al._2016,Nova Scotia,Whitehead Island,8,"Filbee-Dexteretal_et_al._2016-Whitehead Island-Saccharina latissima, Laminaria digitata, Agarum clathratum",1984,1,NA,43.665572,-65.867357,"Saccharina latissima, Laminaria digitata, Agarum clathratum",Random,0.625,NA,NA,NA,3.784886783
494,Filbee-Dexteretal_et_al._2016,Nova Scotia,Whitehead Island,8,"Filbee-Dexteretal_et_al._2016-Whitehead Island-Saccharina latissima, Laminaria digitata, Agarum clathratum",2014,1,NA,43.665572,-65.867357,"Saccharina latissima, Laminaria digitata, Agarum clathratum",Random,0.625,NA,NA,NA,2.863349131
495,Filbee-Dexteretal_et_al._2016,Nova Scotia,Little Duck Island,8,"Filbee-Dexteretal_et_al._2016-Little Duck Island-Saccharina latissima, Laminaria digitata, Agarum clathratum",1983,1,NA,44.364216,-64.180952,"Saccharina latissima, Laminaria digitata, Agarum clathratum",Random,0.625,NA,NA,NA,8.162190627
496,Filbee-Dexteretal_et_al._2016,Nova Scotia,Little Duck Island,8,"Filbee-Dexteretal_et_al._2016-Little Duck Island-Saccharina latissima, Laminaria digitata, Agarum clathratum",1992,1,NA,44.364216,-64.180952,"Saccharina latissima, Laminaria digitata, Agarum clathratum",Random,0.625,NA,NA,NA,3.883622959
497,Filbee-Dexteretal_et_al._2016,Nova Scotia,Little Duck Island,8,"Filbee-Dexteretal_et_al._2016-Little Duck Island-Saccharina latissima, Laminaria digitata, Agarum clathratum",1993,1,NA,44.364216,-64.180952,"Saccharina latissima, Laminaria digitata, Agarum clathratum",Random,0.625,NA,NA,NA,3.719062665
498,Filbee-Dexteretal_et_al._2016,Nova Scotia,Little Duck Island,8,"Filbee-Dexteretal_et_al._2016-Little Duck Island-Saccharina latissima, Laminaria digitata, Agarum clathratum",1994,1,NA,44.364216,-64.180952,"Saccharina latissima, Laminaria digitata, Agarum clathratum",Random,0.625,NA,NA,NA,0.822801474
499,Filbee-Dexteretal_et_al._2016,Nova Scotia,Little Duck Island,8,"Filbee-Dexteretal_et_al._2016-Little Duck Island-Saccharina latissima, Laminaria digitata, Agarum clathratum",1995,1,NA,44.364216,-64.180952,"Saccharina latissima, Laminaria digitata, Agarum clathratum",Random,0.625,NA,NA,NA,4.015271195
500,Filbee-Dexteretal_et_al._2016,Nova Scotia,Little Duck Island,8,"Filbee-Dexteretal_et_al._2016-Little Duck Island-Saccharina latissima, Laminaria digitata, Agarum clathratum",1997,1,NA,44.364216,-64.180952,"Saccharina latissima, Laminaria digitata, Agarum clathratum",Random,0.625,NA,NA,NA,3.949447077
501,Filbee-Dexteretal_et_al._2016,Nova Scotia,Little Duck Island,8,"Filbee-Dexteretal_et_al._2016-Little Duck Island-Saccharina latissima, Laminaria digitata, Agarum clathratum",1998,1,NA,44.364216,-64.180952,"Saccharina latissima, Laminaria digitata, Agarum clathratum",Random,0.625,NA,NA,NA,2.5671406
502,Filbee-Dexteretal_et_al._2016,Nova Scotia,Little Duck Island,8,"Filbee-Dexteretal_et_al._2016-Little Duck Island-Saccharina latissima, Laminaria digitata, Agarum clathratum",1999,1,NA,44.364216,-64.180952,"Saccharina latissima, Laminaria digitata, Agarum clathratum",Random,0.625,NA,NA,NA,0.296208531
503,Filbee-Dexteretal_et_al._2016,Nova Scotia,Little Duck Island,8,"Filbee-Dexteretal_et_al._2016-Little Duck Island-Saccharina latissima, Laminaria digitata, Agarum clathratum",2000,1,NA,44.364216,-64.180952,"Saccharina latissima, Laminaria digitata, Agarum clathratum",Random,0.625,NA,NA,NA,0.230384413
504,Filbee-Dexteretal_et_al._2016,Nova Scotia,Little Duck Island,8,"Filbee-Dexteretal_et_al._2016-Little Duck Island-Saccharina latissima, Laminaria digitata, Agarum clathratum",2008,1,NA,44.364216,-64.180952,"Saccharina latissima, Laminaria digitata, Agarum clathratum",Random,0.625,NA,NA,NA,2.27093207
505,Filbee-Dexteretal_et_al._2016,Nova Scotia,Little Duck Island,8,"Filbee-Dexteretal_et_al._2016-Little Duck Island-Saccharina latissima, Laminaria digitata, Agarum clathratum",2014,1,NA,44.364216,-64.180952,"Saccharina latissima, Laminaria digitata, Agarum clathratum",Random,0.625,NA,NA,NA,0.098736177
763,Egan_&_Yarish__1990,USA,southern New England_ Long Island Sound_ Black Ledge,4,Egan_&_Yarish__1990-southern New England_ Long Island Sound_ Black Ledge-Saccharina longicruris,1985,NA,NA,41.30302,-72.086122,Saccharina longicruris,Random,0.25,NA,NA,40,10
764,Egan_&_Yarish__1990,USA,southern New England_ Long Island Sound_ Black Ledge,4,Egan_&_Yarish__1990-southern New England_ Long Island Sound_ Black Ledge-Saccharina longicruris,1985,NA,NA,41.30302,-72.086122,Saccharina longicruris,Random,0.25,NA,NA,35,9
765,Egan_&_Yarish__1990,USA,southern New England_ Long Island Sound_ Black Ledge,4,Egan_&_Yarish__1990-southern New England_ Long Island Sound_ Black Ledge-Saccharina longicruris,1985,NA,NA,41.30302,-72.086122,Saccharina longicruris,Random,0.25,NA,NA,34,8
766,Egan_&_Yarish__1990,USA,southern New England_ Long Island Sound_ Black Ledge,4,Egan_&_Yarish__1990-southern New England_ Long Island Sound_ Black Ledge-Saccharina longicruris,1985,NA,NA,41.30302,-72.086122,Saccharina longicruris,Random,0.25,NA,NA,30,5.5
767,Egan_&_Yarish__1990,USA,southern New England_ Long Island Sound_ Black Ledge,4,Egan_&_Yarish__1990-southern New England_ Long Island Sound_ Black Ledge-Saccharina longicruris,1986,NA,NA,41.30302,-72.086122,Saccharina longicruris,Random,0.25,NA,NA,31,3
768,Egan_&_Yarish__1990,USA,southern New England_ Long Island Sound_ Black Ledge,4,Egan_&_Yarish__1990-southern New England_ Long Island Sound_ Black Ledge-Saccharina longicruris,1986,NA,NA,41.30302,-72.086122,Saccharina longicruris,Random,0.25,NA,NA,39,5
769,Egan_&_Yarish__1990,USA,southern New England_ Long Island Sound_ Black Ledge,4,Egan_&_Yarish__1990-southern New England_ Long Island Sound_ Black Ledge-Saccharina longicruris,1986,NA,NA,41.30302,-72.086122,Saccharina longicruris,Random,0.25,NA,NA,22,4
770,Egan_&_Yarish__1990,USA,southern New England_ Long Island Sound_ Black Ledge,4,Egan_&_Yarish__1990-southern New England_ Long Island Sound_ Black Ledge-Saccharina longicruris,1986,NA,NA,41.30302,-72.086122,Saccharina longicruris,Random,0.25,NA,NA,100,12
771,Egan_&_Yarish__1990,USA,southern New England_ Long Island Sound_ Black Ledge,4,Egan_&_Yarish__1990-southern New England_ Long Island Sound_ Black Ledge-Saccharina longicruris,1986,NA,NA,41.30302,-72.086122,Saccharina longicruris,Random,0.25,NA,NA,175,25
772,Egan_&_Yarish__1990,USA,southern New England_ Long Island Sound_ Black Ledge,4,Egan_&_Yarish__1990-southern New England_ Long Island Sound_ Black Ledge-Saccharina longicruris,1986,NA,NA,41.30302,-72.086122,Saccharina longicruris,Random,0.25,NA,NA,1000,11
773,Egan_&_Yarish__1990,USA,southern New England_ Long Island Sound_ Black Ledge,4,Egan_&_Yarish__1990-southern New England_ Long Island Sound_ Black Ledge-Saccharina longicruris,1986,NA,NA,41.30302,-72.086122,Saccharina longicruris,Random,0.25,NA,NA,630,10.5
774,Egan_&_Yarish__1990,USA,southern New England_ Long Island Sound_ Black Ledge,4,Egan_&_Yarish__1990-southern New England_ Long Island Sound_ Black Ledge-Saccharina longicruris,1986,NA,NA,41.30302,-72.086122,Saccharina longicruris,Random,0.25,NA,NA,280,9
775,Egan_&_Yarish__1990,USA,southern New England_ Long Island Sound_ Black Ledge,4,Egan_&_Yarish__1990-southern New England_ Long Island Sound_ Black Ledge-Saccharina longicruris,1986,NA,NA,41.30302,-72.086122,Saccharina longicruris,Random,0.25,NA,NA,320,12
776,Egan_&_Yarish__1990,USA,southern New England_ Long Island Sound_ Black Ledge,4,Egan_&_Yarish__1990-southern New England_ Long Island Sound_ Black Ledge-Saccharina longicruris,1986,NA,NA,41.30302,-72.086122,Saccharina longicruris,Random,0.25,NA,NA,450,14
777,Egan_&_Yarish__1990,USA,southern New England_ Long Island Sound_ Black Ledge,4,Egan_&_Yarish__1990-southern New England_ Long Island Sound_ Black Ledge-Saccharina longicruris,1987,NA,NA,41.30302,-72.086122,Saccharina longicruris,Random,0.25,NA,NA,200,14.5
778,Egan_&_Yarish__1990,USA,southern New England_ Long Island Sound_ Black Ledge,4,Egan_&_Yarish__1990-southern New England_ Long Island Sound_ Black Ledge-Saccharina longicruris,1987,NA,NA,41.30302,-72.086122,Saccharina longicruris,Random,0.25,NA,NA,200,48
1261,Siddon_&_Witman_2003,Gulf of Maine,Exposed,1.5,Siddon_&_Witman_2003-Exposed-Alaria esculenta,1997,NA,NA,42.502633,-70.774833,Alaria esculenta,Random,0.25,NA,NA,180.7,NA
1262,Siddon_&_Witman_2003,Gulf of Maine,Exposed,10,Siddon_&_Witman_2003-Exposed-Alaria esculenta,1997,NA,NA,42.502633,-70.774833,Alaria esculenta,Random,0.25,NA,NA,0,NA
1263,Siddon_&_Witman_2003,Gulf of Maine,Exposed,3,Siddon_&_Witman_2003-Exposed-Alaria esculenta,1997,NA,NA,42.502633,-70.774833,Alaria esculenta,Random,0.25,NA,NA,124.7,NA
1264,Siddon_&_Witman_2003,Gulf of Maine,Exposed,4.5,Siddon_&_Witman_2003-Exposed-Alaria esculenta,1997,NA,NA,42.502633,-70.774833,Alaria esculenta,Random,0.25,NA,NA,12.7,NA
1265,Siddon_&_Witman_2003,Gulf of Maine,Exposed,6,Siddon_&_Witman_2003-Exposed-Alaria esculenta,1997,NA,NA,42.502633,-70.774833,Alaria esculenta,Random,0.25,NA,NA,0,NA
1266,Siddon_&_Witman_2003,Gulf of Maine,Protected,1.5,Siddon_&_Witman_2003-Protected-Alaria esculenta,1997,NA,NA,42.502633,-70.774833,Alaria esculenta,Random,0.25,NA,NA,0,NA
1267,Siddon_&_Witman_2003,Gulf of Maine,Protected,10,Siddon_&_Witman_2003-Protected-Alaria esculenta,1997,NA,NA,42.502633,-70.774833,Alaria esculenta,Random,0.25,NA,NA,0,NA
1268,Siddon_&_Witman_2003,Gulf of Maine,Protected,3,Siddon_&_Witman_2003-Protected-Alaria esculenta,1997,NA,NA,42.502633,-70.774833,Alaria esculenta,Random,0.25,NA,NA,0,NA
1269,Siddon_&_Witman_2003,Gulf of Maine,Protected,4.5,Siddon_&_Witman_2003-Protected-Alaria esculenta,1997,NA,NA,42.502633,-70.774833,Alaria esculenta,Random,0.25,NA,NA,0,NA
1270,Siddon_&_Witman_2003,Gulf of Maine,Protected,6,Siddon_&_Witman_2003-Protected-Alaria esculenta,1997,NA,NA,42.502633,-70.774833,Alaria esculenta,Random,0.25,NA,NA,0,NA
1271,Siddon_&_Witman_2003,Gulf of Maine,Exposed,1.5,Siddon_&_Witman_2003-Exposed-Alaria esculenta,2000,NA,NA,42.502633,-70.774833,Alaria esculenta,Random,0.25,NA,NA,33.1,NA
1272,Siddon_&_Witman_2003,Gulf of Maine,Exposed,10,Siddon_&_Witman_2003-Exposed-Alaria esculenta,2000,NA,NA,42.502633,-70.774833,Alaria esculenta,Random,0.25,NA,NA,0,NA
1273,Siddon_&_Witman_2003,Gulf of Maine,Exposed,3,Siddon_&_Witman_2003-Exposed-Alaria esculenta,2000,NA,NA,42.502633,-70.774833,Alaria esculenta,Random,0.25,NA,NA,26.7,NA
1274,Siddon_&_Witman_2003,Gulf of Maine,Exposed,4.5,Siddon_&_Witman_2003-Exposed-Alaria esculenta,2000,NA,NA,42.502633,-70.774833,Alaria esculenta,Random,0.25,NA,NA,0,NA
1275,Siddon_&_Witman_2003,Gulf of Maine,Exposed,6,Siddon_&_Witman_2003-Exposed-Alaria esculenta,2000,NA,NA,42.502633,-70.774833,Alaria esculenta,Random,0.25,NA,NA,0,NA
1276,Siddon_&_Witman_2003,Gulf of Maine,Protected,1.4,Siddon_&_Witman_2003-Protected-Alaria esculenta,2000,NA,NA,42.502633,-70.774833,Alaria esculenta,Random,0.25,NA,NA,3.8,NA
1277,Siddon_&_Witman_2003,Gulf of Maine,Protected,10,Siddon_&_Witman_2003-Protected-Alaria esculenta,2000,NA,NA,42.502633,-70.774833,Alaria esculenta,Random,0.25,NA,NA,0,NA
1278,Siddon_&_Witman_2003,Gulf of Maine,Protected,3,Siddon_&_Witman_2003-Protected-Alaria esculenta,2000,NA,NA,42.502633,-70.774833,Alaria esculenta,Random,0.25,NA,NA,0,NA
1279,Siddon_&_Witman_2003,Gulf of Maine,Protected,4.5,Siddon_&_Witman_2003-Protected-Alaria esculenta,2000,NA,NA,42.502633,-70.774833,Alaria esculenta,Random,0.25,NA,NA,0,NA
1280,Siddon_&_Witman_2003,Gulf of Maine,Protected,6,Siddon_&_Witman_2003-Protected-Alaria esculenta,2000,NA,NA,42.502633,-70.774833,Alaria esculenta,Random,0.25,NA,NA,0,NA
1281,Witman_1987,New Hampshire,Murray Rock - Control,9,Witman_1987-Murray Rock - Control-Saccharina latissima_ Laminaria digitata,1981,NA,NA,43.070829,-70.622224,Saccharina latissima_ Laminaria digitata,Random,1,0,NA,0,NA
1282,Witman_1987,New Hampshire,Murray Rock - Control,9,Witman_1987-Murray Rock - Control-Saccharina latissima_ Laminaria digitata,1982,NA,NA,43.070829,-70.622224,Saccharina latissima_ Laminaria digitata,Random,1,0,NA,0,NA
1283,Witman_1987,New Hampshire,Murray Rock - Control,9,Witman_1987-Murray Rock - Control-Saccharina latissima_ Laminaria digitata,1983,NA,NA,43.070829,-70.622224,Saccharina latissima_ Laminaria digitata,Random,1,0,NA,0,NA
1353,Steneck_1997,Gulf of Maine,Pemaquid 12m,12,Steneck_1997-Pemaquid 12m-Laminaria digitata_ Saccharina latissima,1975,NA,NA,43.835355,-69.506934,Laminaria digitata_ Saccharina latissima,Random,1,0,NA,NA,NA
1354,Steneck_1997,Gulf of Maine,Pemaquid 1m,1,Steneck_1997-Pemaquid 1m-Laminaria digitata_ Saccharina latissima,1975,NA,NA,43.835355,-69.506934,Laminaria digitata_ Saccharina latissima,Random,1,84,NA,NA,NA
1355,Steneck_1997,Gulf of Maine,Pemaquid 2m,2,Steneck_1997-Pemaquid 2m-Laminaria digitata_ Saccharina latissima,1975,NA,NA,43.835355,-69.506934,Laminaria digitata_ Saccharina latissima,Random,1,80,NA,NA,NA
1356,Steneck_1997,Gulf of Maine,Pemaquid 3m,3,Steneck_1997-Pemaquid 3m-Laminaria digitata_ Saccharina latissima,1975,NA,NA,43.835355,-69.506934,Laminaria digitata_ Saccharina latissima,Random,1,8,NA,NA,NA
1357,Steneck_1997,Gulf of Maine,Pemaquid 4m,4,Steneck_1997-Pemaquid 4m-Laminaria digitata_ Saccharina latissima,1975,NA,NA,43.835355,-69.506934,Laminaria digitata_ Saccharina latissima,Random,1,1,NA,NA,NA
1358,Steneck_1997,Gulf of Maine,Pemaquid 7m,7,Steneck_1997-Pemaquid 7m-Laminaria digitata_ Saccharina latissima,1975,NA,NA,43.835355,-69.506934,Laminaria digitata_ Saccharina latissima,Random,1,2,NA,NA,NA
1359,Steneck_1997,Gulf of Maine,Pemaquid 10m,10,Steneck_1997-Pemaquid 10m-Laminaria digitata_ Saccharina latissima,1985,NA,NA,43.835355,-69.506934,Laminaria digitata_ Saccharina latissima,Random,1,0,NA,NA,NA
1360,Steneck_1997,Gulf of Maine,Pemaquid 1m,1,Steneck_1997-Pemaquid 1m-Laminaria digitata_ Saccharina latissima,1985,NA,NA,43.835355,-69.506934,Laminaria digitata_ Saccharina latissima,Random,1,88,NA,NA,NA
1361,Steneck_1997,Gulf of Maine,Pemaquid 3m,3,Steneck_1997-Pemaquid 3m-Laminaria digitata_ Saccharina latissima,1985,NA,NA,43.835355,-69.506934,Laminaria digitata_ Saccharina latissima,Random,1,6,NA,NA,NA
1362,Steneck_1997,Gulf of Maine,Pemaquid 10m,10,Steneck_1997-Pemaquid 10m-Laminaria digitata_ Saccharina latissima,1994,NA,NA,43.835355,-69.506934,Laminaria digitata_ Saccharina latissima,Random,1,6,NA,NA,NA
1363,Steneck_1997,Gulf of Maine,Pemaquid 3m,3,Steneck_1997-Pemaquid 3m-Laminaria digitata_ Saccharina latissima,1994,NA,NA,43.835355,-69.506934,Laminaria digitata_ Saccharina latissima,Random,1,100,NA,NA,NA
1364,Steneck_1997,Gulf of Maine,Pemaquid 5m,5,Steneck_1997-Pemaquid 5m-Laminaria digitata_ Saccharina latissima,1994,NA,NA,43.835355,-69.506934,Laminaria digitata_ Saccharina latissima,Random,1,92,NA,NA,NA
1365,Steneck_1997,Gulf of Maine,Pemaquid 6m,6,Steneck_1997-Pemaquid 6m-Laminaria digitata_ Saccharina latissima,1994,NA,NA,43.835355,-69.506934,Laminaria digitata_ Saccharina latissima,Random,1,80,NA,NA,NA
1366,Steneck_1997,Gulf of Maine,Pemaquid 8m,8,Steneck_1997-Pemaquid 8m-Laminaria digitata_ Saccharina latissima,1994,NA,NA,43.835355,-69.506934,Laminaria digitata_ Saccharina latissima,Random,1,36,NA,NA,NA
1367,Steneck_et_al._2013,Maine,Pemaquid Point,10,Steneck_et_al._2013-Pemaquid Point-fleshy macroalgae,1975,NA,NA,43.835355,-69.506934,fleshy macroalgae,Random,1,0,NA,NA,NA
1368,Steneck_et_al._2013,Maine,Pemaquid Point,10,Steneck_et_al._2013-Pemaquid Point-fleshy macroalgae,1977,NA,NA,43.835355,-69.506934,fleshy macroalgae,Random,1,0,NA,NA,NA
1369,Steneck_et_al._2013,Maine,Pemaquid Point,10,Steneck_et_al._2013-Pemaquid Point-fleshy macroalgae,1980,NA,NA,43.835355,-69.506934,fleshy macroalgae,Random,1,0,NA,NA,NA
1370,Steneck_et_al._2013,Maine,Pemaquid Point,10,Steneck_et_al._2013-Pemaquid Point-fleshy macroalgae,1981,NA,NA,43.835355,-69.506934,fleshy macroalgae,Random,1,0,NA,NA,NA
1371,Steneck_et_al._2013,Maine,Pemaquid Point,10,Steneck_et_al._2013-Pemaquid Point-fleshy macroalgae,1987,NA,NA,43.835355,-69.506934,fleshy macroalgae,Random,1,0,NA,NA,NA
1372,Steneck_et_al._2013,Maine,Pemaquid Point,10,Steneck_et_al._2013-Pemaquid Point-fleshy macroalgae,1990,NA,NA,43.835355,-69.506934,fleshy macroalgae,Random,1,5,NA,NA,NA
1373,Steneck_et_al._2013,Maine,Pemaquid Point,10,Steneck_et_al._2013-Pemaquid Point-fleshy macroalgae,1994,NA,NA,43.835355,-69.506934,fleshy macroalgae,Random,1,7,NA,NA,NA
1374,Steneck_et_al._2013,Maine,Pemaquid Point,10,Steneck_et_al._2013-Pemaquid Point-fleshy macroalgae,1995,NA,NA,43.835355,-69.506934,fleshy macroalgae,Random,1,9,NA,NA,NA
1375,Steneck_et_al._2013,Maine,Pemaquid Point,10,Steneck_et_al._2013-Pemaquid Point-fleshy macroalgae,1996,NA,NA,43.835355,-69.506934,fleshy macroalgae,Random,1,36,NA,NA,NA
1376,Steneck_et_al._2013,Maine,Pemaquid Point,10,Steneck_et_al._2013-Pemaquid Point-fleshy macroalgae,1997,NA,NA,43.835355,-69.506934,fleshy macroalgae,Random,1,66,NA,NA,NA
1377,Steneck_et_al._2013,Maine,Pemaquid Point,10,Steneck_et_al._2013-Pemaquid Point-fleshy macroalgae,1998,NA,NA,43.835355,-69.506934,fleshy macroalgae,Random,1,83,NA,NA,NA
1378,Steneck_et_al._2013,Maine,Pemaquid Point,10,Steneck_et_al._2013-Pemaquid Point-fleshy macroalgae,1999,NA,NA,43.835355,-69.506934,fleshy macroalgae,Random,1,83,NA,NA,NA
1379,Steneck_et_al._2013,Maine,Pemaquid Point,10,Steneck_et_al._2013-Pemaquid Point-fleshy macroalgae,2010,NA,NA,43.835355,-69.506934,fleshy macroalgae,Random,1,76,NA,NA,NA
1386,Gagnon_et_al_2004,Quebec,Firman,4,Gagnon_et_al_2004-Firman-Alaria esculenta_ Laminaria saccharina_ Agarum cribosum,2000,NA,NA,50.206348,-63.687117,Alaria esculenta_ Laminaria saccharina_ Agarum cribosum,Fixed,0.5,NA,NA,37.4,NA
1387,Gagnon_et_al_2004,Quebec,Firman,4,Gagnon_et_al_2004-Firman-Alaria esculenta_ Laminaria saccharina_ Agarum cribosum,2001,NA,NA,50.206348,-63.687117,Alaria esculenta_ Laminaria saccharina_ Agarum cribosum,Fixed,0.5,NA,NA,7.166666667,NA
1388,Gagnon_et_al_2004,Quebec,Firman,4,Gagnon_et_al_2004-Firman-Alaria esculenta_ Laminaria saccharina_ Agarum cribosum,2002,NA,NA,50.206348,-63.687117,Alaria esculenta_ Laminaria saccharina_ Agarum cribosum,Fixed,0.5,NA,NA,11.83333333,NA
1389,Gagnon_et_al_2004,Quebec,Havre,4,Gagnon_et_al_2004-Havre-Alaria esculenta_ Laminaria saccharina_ Agarum cribosum,2000,NA,NA,50.210766,-63.639106,Alaria esculenta_ Laminaria saccharina_ Agarum cribosum,Fixed,0.5,NA,NA,4.166666667,NA
1390,Gagnon_et_al_2004,Quebec,Havre,4,Gagnon_et_al_2004-Havre-Alaria esculenta_ Laminaria saccharina_ Agarum cribosum,2001,NA,NA,50.210766,-63.639106,Alaria esculenta_ Laminaria saccharina_ Agarum cribosum,Fixed,0.5,NA,NA,2.466666667,NA
1391,Gagnon_et_al_2004,Quebec,Havre,4,Gagnon_et_al_2004-Havre-Alaria esculenta_ Laminaria saccharina_ Agarum cribosum,2002,NA,NA,50.210766,-63.639106,Alaria esculenta_ Laminaria saccharina_ Agarum cribosum,Fixed,0.5,NA,NA,1.666666667,NA
1392,Gagnon_et_al._2005,northwestern North Atlantic (northern Gulf of St. Lawrence),PetiteI_le au Marteau,7.5,Gagnon_et_al._2005-PetiteI_le au Marteau-Agarum clathratum,2000,NA,NA,50.206587,-63.589829,Agarum clathratum,Fixed,144,69,NA,NA,NA
1393,Gagnon_et_al._2005,northwestern North Atlantic (northern Gulf of St. Lawrence),PetiteI_le au Marteau,7.5,Gagnon_et_al._2005-PetiteI_le au Marteau-Agarum clathratum,2000,NA,NA,50.206587,-63.589829,Agarum clathratum,Fixed,144,58,NA,NA,NA
1394,Gagnon_et_al._2005,northwestern North Atlantic (northern Gulf of St. Lawrence),"I_le aux
Goe‰lands",7.5,"Gagnon_et_al._2005-I_le aux
Goe‰lands-Agarum clathratum",2000,NA,NA,50.206587,-63.589829,Agarum clathratum,Fixed,144,50,NA,NA,NA
1395,Gagnon_et_al._2005,northwestern North Atlantic (northern Gulf of St. Lawrence),"I_le aux
Goe‰lands",7.5,"Gagnon_et_al._2005-I_le aux
Goe‰lands-Agarum clathratum",2000,NA,NA,50.206587,-63.589829,Agarum clathratum,Fixed,144,49,NA,NA,NA
1396,Gagnon_et_al._2005,northwestern North Atlantic (northern Gulf of St. Lawrence),PetiteI_le au Marteau,7.5,Gagnon_et_al._2005-PetiteI_le au Marteau-Agarum clathratum,2001,NA,NA,50.206587,-63.589829,Agarum clathratum,Fixed,144,80,NA,NA,NA
1397,Gagnon_et_al._2005,northwestern North Atlantic (northern Gulf of St. Lawrence),PetiteI_le au Marteau,7.5,Gagnon_et_al._2005-PetiteI_le au Marteau-Agarum clathratum,2001,NA,NA,50.206587,-63.589829,Agarum clathratum,Fixed,144,74,NA,NA,NA
1398,Gagnon_et_al._2005,northwestern North Atlantic (northern Gulf of St. Lawrence),"I_le aux
Goe‰lands",7.5,"Gagnon_et_al._2005-I_le aux
Goe‰lands-Agarum clathratum",2001,NA,NA,50.206587,-63.589829,Agarum clathratum,Fixed,144,52,NA,NA,NA
1399,Gagnon_et_al._2005,northwestern North Atlantic (northern Gulf of St. Lawrence),"I_le aux
Goe‰lands",7.5,"Gagnon_et_al._2005-I_le aux
Goe‰lands-Agarum clathratum",2001,NA,NA,50.206587,-63.589829,Agarum clathratum,Fixed,144,53,NA,NA,NA
1400,Gagnon_et_al._2005,northwestern North Atlantic (northern Gulf of St. Lawrence),PetiteI_le au Marteau,7.5,Gagnon_et_al._2005-PetiteI_le au Marteau-Agarum clathratum,2002,NA,NA,50.206587,-63.589829,Agarum clathratum,Fixed,144,75,NA,NA,NA
1401,Gagnon_et_al._2005,northwestern North Atlantic (northern Gulf of St. Lawrence),"I_le aux
Goe‰lands",7.5,"Gagnon_et_al._2005-I_le aux
Goe‰lands-Agarum clathratum",2002,NA,NA,50.206587,-63.589829,Agarum clathratum,Fixed,144,58,NA,NA,NA
