 ,coefficient,se,p
HADSST summer,0.025005393192306283,0.011163813585115923,6.916634499553111e-41
HADSST spring,0.012865105660781652,0.004816305694635406,1.0530807626172149e-41
OISST summer,0.04798131047233024,0.020112790802335127,0
OISST spring,0.026273017840421704,0.03276563258823034,3.772680075045709e-58
SWH fall,0.001404367423180195,5.953943617563026e-4,1.9780106059391452e-97
SWH winter,8.801883436556113e-4,8.267624130472729e-5,1.8161592675476073e-26
NO3 winter,-0.02691956986216107,0.0845258246794968,1.1432474341592706e-9
NO3 spring,-0.06601609165996407,0.0021666599325084377,6.698896735233346e-204
Turbidity spring,-0.0038596183243500537,9.29738058245084e-5,0
