latitude,longitude,min_year,max_year
41.30302,-72.086122,1985,1987
41.450199999999995,-71.33848,2019,2019
41.450795,-71.33143,2019,2019
41.451,-71.313,1980,2018
41.476,-71.357,1980,2018
41.4770646044823,-71.36499603512735,2016,2016
41.4770930220363,-71.36499603443934,2017,2017
41.4771625,-71.3649763888888,2018,2018
41.4773986111111,-71.36290972222216,2019,2019
41.4774972222222,-71.3594166666666,2018,2018
41.4777983076676,-71.3605790080763,2016,2016
41.4778265132492,-71.3605790073976,2017,2017
41.478,-71.362,1980,2018
41.4781861111111,-71.3616694444444,2018,2018
41.47823472,-71.35983055499995,2019,2019
41.47833333,-71.36027778,2019,2019
42.31792,-70.47157,2018,2018
42.31831,-70.4707,2018,2018
42.31937,-70.46893,2018,2018
42.322,-70.47036,2018,2018
42.3227,-70.47183,2018,2018
42.326845,-70.891005,2017,2017
42.3269,-70.888444,2016,2016
42.326938,-70.890339,2016,2016
42.327162,-70.891487,2016,2016
42.3271982464939,-70.89031194336705,2015,2015
42.327512567862854,-70.8901525614783,2015,2015
42.328099,-70.888049,2016,2016
42.328328,-70.889055,2014,2014
42.338275,-70.913095,2006,2007
42.338285,-70.91209,2006,2016
42.33835448275862,-70.91232982758622,2019,2020
42.3383575,-70.91286,2007,2007
42.33835962962963,-70.9123475925926,2021,2021
42.3383598275862,-70.91234827586207,2015,2015
42.3383625,-70.91235750000001,2009,2018
42.33837111111111,-70.91238722222222,2010,2010
42.338388333333334,-70.91244666666667,2012,2012
42.338427599999996,-70.9125822,2017,2017
42.33843088235294,-70.91259352941177,2014,2014
42.33844,-70.912625,2006,2019
42.340155,-70.89377,2016,2016
42.34119,-70.892685,2017,2017
42.34147996176026,-70.89328496251255,2015,2015
42.34224,-70.907035,2006,2007
42.342275,-70.891011,2016,2016
42.342945,-70.90664,2006,2008
42.34298,-70.907045,2006,2018
42.343055,-70.90729,2007,2007
42.34315,-70.90753,2007,2007
42.34316857142857,-70.90702357142857,2007,2007
42.34321333333333,-70.90691305555555,2007,2007
42.34338911764706,-70.90624588235293,2007,2007
42.34342,-70.906995,2006,2006
42.3434225,-70.90696750000001,2007,2007
42.34343740740741,-70.90695111111111,2010,2010
42.343455,-70.9069475,2020,2020
42.34347032258064,-70.90694435483871,2016,2016
42.343504137931035,-70.9069374137931,2012,2012
42.34352285714286,-70.90693357142857,2015,2015
42.343535,-70.907135,2006,2007
42.343562258064516,-70.90692548387096,2021,2021
42.3436024137931,-70.90691724137932,2019,2019
42.343695,-70.906405,2006,2014
42.3437,-70.90597,2006,2007
42.343742,-70.90649400000001,2008,2008
42.34379571428571,-70.90659571428571,2017,2017
42.343802,-70.8912,2016,2016
42.34382,-70.90657,2006,2008
42.3439,-70.90677363636364,2007,2007
42.34393,-70.90685,2006,2018
42.344483333333336,-70.893265,2014,2014
42.344665,-70.89315500000001,2017,2017
42.345715,-70.89132,2016,2016
42.416245,-70.90719,2015,2015
42.416375,-70.90716,2018,2018
42.418383250000005,-70.90703500000001,2017,2017
42.41904,-70.90697,2019,2019
42.42038,-70.90422,2015,2015
42.42067,-70.906615,2018,2018
42.42091,-70.90651,2016,2016
42.42101,-70.90135,2015,2015
42.502633,-70.774833,1997,2000
42.53066,-70.78569,2014,2014
42.531355,-70.78394499999999,2017,2017
42.53159,-70.78199,2017,2017
42.53191,-70.783185,2015,2015
42.5319705,-70.78454475,2016,2016
42.53225,-70.782655,2014,2014
42.53502,-70.78151,2015,2015
42.53594,-70.78181000000001,2016,2016
42.535955,-70.782555,2014,2014
42.53677,-70.78341,2015,2015
42.5372,-70.784795,2017,2017
42.53761,-70.785875,2016,2016
42.53774,-70.7857,2014,2014
42.53781,-70.78767,2017,2017
42.53787,-70.78437,2015,2015
42.75982966666667,-70.61122666666667,2021,2021
42.89058,-68.94351,2014,2016
42.892011,-70.808254,1978,2011
42.959502,-70.768589,1982,2021
42.967719072165,-70.6256745998415,1998,2012
42.968101,-70.749777,1978,2021
42.9737757731959,-70.6163436755105,1977,2015
42.975744,-70.616525,1979,2014
42.9842899180948,-70.618179962039,2015,2015
42.98434,-70.61806,2017,2017
42.984505,-70.61845500000001,2021,2021
42.9847199935,-70.618676003,2014,2014
42.98476,-70.61877000000001,2019,2019
42.985323333333334,-70.61940333333334,2017,2017
42.985661994,-70.61969302150001,2014,2014
42.9859418235719,-70.6199330370873,2015,2015
42.98634833333333,-70.61931,2016,2016
42.9878221649485,-70.6179281720951,1979,2014
42.989512500000004,-70.6188,2016,2016
42.98966,-70.610375,2019,2019
42.99015,-70.61869,2017,2017
42.9902,-70.61115000000001,2016,2016
42.9902022611349,-70.618576426059,2015,2015
42.990348986499995,-70.61094897800001,2014,2014
42.990404999999996,-70.610795,2017,2017
42.9906409945,-70.618034491,2014,2014
42.99079,-70.61849,2018,2018
42.99084,-70.61831,2021,2021
42.99165548756713,-70.61738552525634,2015,2015
42.992075,-70.616975,2017,2017
42.992155,-70.61671000000001,2016,2016
42.992212493,-70.6165910045,2014,2014
42.99239,-70.61666500000001,2021,2021
42.992762011,-70.611665966,2014,2014
42.99277,-70.61249000000001,2017,2017
42.99281,-70.61269,2019,2019
42.99306904,-70.613883985,2014,2014
42.99315,-70.61552,2018,2018
42.99472,-70.61183,2016,2016
43.001839,-70.604214,2010,2010
43.00497,-70.597,2003,2003
43.00588,-70.60603,2008,2008
43.01112,-71.00862,2014,2015
43.070829,-70.622224,1981,1983
43.071741,-70.608241,1983,1998
43.112,-70.736,1996,2003
43.118,-70.63,1996,2003
43.121676,-70.47571,1996,1998
43.134,-70.621,1996,2003
43.141,-70.618,1996,2003
43.164158,-70.591034,2014,2014
43.1648931,-70.600532,1990,1991
43.166109,-70.592358,2015,2015
43.52791,-70.30401,2001,2001
43.53576,-70.30323,2009,2009
43.5358,-70.3032,2014,2014
43.653528,-70.223764,1996,1998
43.665572,-65.867357,1949,2014
43.679202,-65.878484,1980,1982
43.68669,-70.08436,2018,2018
43.687002,-70.082733,2010,2010
43.6915,-70.0828,2006,2006
43.71212,-69.9402,2018,2018
43.7158,-69.9469,2004,2004
43.7159,-69.9402,2006,2006
43.76074,-69.95305,2009,2009
43.76509,-69.96087,2001,2001
43.7651,-69.9514,2014,2014
43.76666,-69.6022,1998,2002
43.771149,-69.586964,2010,2010
43.77564,-69.5885,2013,2013
43.77567,-69.5803,2012,2012
43.7891,-69.5997,2005,2005
43.7933,-69.60166,1998,2002
43.79336,-69.6743,2013,2013
43.7934,-69.6743,2014,2014
43.7934,-69.6682,2004,2004
43.79359,-69.6031,2013,2013
43.79362,-69.59834,2003,2003
43.8166,-69.5516,1998,2003
43.820496,-69.61182,2002,2002
43.82211,-69.6188,2013,2013
43.82462,-69.63938,2001,2001
43.82497,-69.64226,2008,2008
43.8287,-69.6167,2006,2006
43.82947,-69.6401,2012,2012
43.83361,-69.5166,1998,2003
43.835355,-69.506934,1975,2010
43.862259,-69.529659,2002,2002
43.8626,-69.1277,2004,2004
43.86489,-69.53466,2009,2009
43.86717,-69.12148,2003,2003
43.8679,-69.1288,2018,2018
43.8698,-69.5336,2005,2005
43.8711,-69.2962,2005,2005
43.875586,-69.306309,2010,2010
43.87561,-69.2948,2013,2013
43.884171,-69.439068,2002,2002
43.88809,-69.46879,2003,2003
43.8886,-69.4708,2004,2004
43.88869,-69.4331,2013,2013
43.8887,-69.4409,2005,2005
43.88965,-69.12922,2003,2003
43.8897,-69.1201,2004,2004
43.8939,-69.12,2018,2018
43.8942,-69.4653,2006,2006
43.8942,-69.1282,2014,2014
43.9027,-69.270683,2010,2010
43.9027,-69.2706,2016,2016
43.9072,-69.2705,2014,2014
43.91136,-69.3828,2012,2012
43.9116,-69.3146,2006,2006
43.9147,-69.381,2016,2016
43.91571,-69.37804,2001,2001
43.9159,-69.378,2014,2014
43.9194,-69.3091,2014,2014
43.91941,-69.30907,2011,2011
43.9196,-69.3146,2018,2018
43.93324,-69.2937,2012,2012
43.934,-69.3008,2016,2016
43.93412,-69.30068,2011,2011
43.9709,-69.0653,2005,2005
43.9718,-69.0613,2016,2016
43.9753,-69.0841,2017,2017
43.97532,-69.08408,2008,2008
43.9754,-69.0653,2014,2014
43.9798,-69.0903,2005,2005
44.00269,-68.65365,2003,2003
44.005,-68.65243,2017,2018
44.0149,-68.6078,2017,2017
44.015404,-68.609039,2002,2002
44.0199,-68.60991,2003,2003
44.02,-69.0657,2015,2015
44.02038,-69.07162,2009,2009
44.0234,-69.0716,2014,2014
44.0246,-68.8612,2017,2017
44.02460002,-68.86120004,2018,2018
44.0256,-68.8532,2005,2005
44.03881,-68.89272,2017,2017
44.03941,-68.89541,2017,2017
44.039867,-68.892833,2020,2020
44.04001133333333,-68.89277233333334,2020,2020
44.0404,-68.891345,2017,2017
44.055712,-68.578571,2002,2002
44.0602,-68.5785,2004,2004
44.0603,-68.5848,2007,2007
44.06534,-68.67213,2003,2003
44.07,-69.0407,2013,2013
44.0731,-68.6709,2017,2018
44.0737,-69.0407,2007,2007
44.0743,-69.0526,2017,2017
44.07448,-69.0469,2012,2012
44.07453,-69.03446,2011,2011
44.079,-69.0521,2014,2014
44.07907,-69.04713,2001,2001
44.0791,-69.0471,2018,2018
44.09559,-68.48462,2008,2008
44.0999,-68.4789,2017,2017
44.1001,-68.4846,2014,2014
44.1033333,-68.3433333,1997,2000
44.13053,-68.4135,2013,2013
44.13106,-68.40311,2001,2001
44.1355,-68.4031,2004,2004
44.14128,-68.58426,2011,2011
44.1457,-68.578,2004,2004
44.1466667,-68.2516667,1997,2001
44.1491,-68.5842,2014,2014
44.15495,-68.6092,2013,2013
44.1555,-68.5783,2017,2017
44.1575,-68.6139,2015,2015
44.15751,-68.61084,2008,2008
44.15877,-68.5841,2012,2012
44.159,-68.5777,2016,2016
44.16321,-68.49657,2003,2003
44.16329,-68.49663,2001,2001
44.16448,-69.05934,2003,2003
44.1667,-68.494,2014,2014
44.1707,-68.2458,2015,2015
44.171,-68.2494,2018,2018
44.1719,-69.0611,2016,2016
44.17202,-69.0609,2012,2012
44.1722,-69.057,2017,2017
44.1733333,-68.2483333,1997,2000
44.17499,-68.23991,2008,2008
44.17505,-68.24911,2003,2003
44.18516,-68.41244,2009,2009
44.1876,-68.413,2017,2017
44.189623,-68.408779,2002,2002
44.1911,-68.7842,2016,2016
44.191160000000004,-68.78413,2008,2008
44.1928,-68.7964,2015,2015
44.20083,-68.95551,2008,2008
44.2015,-68.9553,2015,2015
44.20533,-68.95215,2011,2011
44.2371,-68.2048,2016,2016
44.2376,-68.2452,2016,2016
44.2379,-68.2391,2017,2017
44.237915,-68.245216,2002,2002
44.23824116,-64.2761317,2000,2022
44.2383333,-68.2066667,1997,2001
44.239,-68.2096,2014,2014
44.2423,-68.2079,2007,2007
44.24974658,-64.33058306,2000,2022
44.27057,-68.26386,2008,2008
44.270626,-68.26944,2010,2010
44.27128069,-64.24709905,2000,2022
44.2762,-68.27,2017,2017
44.29246059,-64.24751404,2000,2022
44.2933,-68.4275,2014,2014
44.29333,-68.43279,2008,2008
44.29782,-68.43277,2011,2011
44.3065,-68.1934,2006,2006
44.3099,-68.1869,2005,2005
44.31419,-68.18947,2008,2008
44.31748417,-64.17390727,2000,2022
44.32544899,-64.25922339,2000,2022
44.32727,-68.31394,2009,2009
44.33128,-68.0515,2009,2009
44.33160902,-64.28214228,2000,2022
44.333,-68.306004,2010,2010
44.333,-68.306,2014,2014
44.3345,-68.0525,2017,2018
44.3357,-68.03724,2011,2011
44.3357,-68.0372,2014,2014
44.3358,-68.0553,2013,2013
44.34023,-68.04249,2008,2008
44.349586,-68.093441,2002,2002
44.3541,-68.0934,2014,2014
44.35412,-68.0996,2012,2012
44.36204,-67.93636,2008,2008
44.36297,-68.0769,2013,2013
44.363,-68.087,2006,2006
44.3631,-68.0932,2005,2005
44.3631,-68.0781,2017,2017
44.3632,-68.1054,2007,2007
44.3636,-68.1757,2004,2004
44.36367,-68.18109,2008,2008
44.3638,-68.181,2016,2016
44.3641,-68.0985,2018,2018
44.364216,-64.180952,1983,2014
44.36424983,-64.18272067,2000,2022
44.3644,-67.9344,2017,2017
44.36649,-67.9299,2013,2013
44.36654,-67.93627,2003,2003
44.3668,-67.9823,2006,2006
44.3668,-67.974,2005,2005
44.366816,-67.978165,2010,2010
44.36687,-67.9865,2003,2003
44.3669,-67.9976,2004,2004
44.3669,-67.9928,2007,2007
44.36767,-68.10566,2011,2011
44.3677,-68.1057,2014,2014
44.3677,-68.0934,2017,2017
44.36811,-68.077935,2017,2017
44.368210000000005,-68.07843500000001,2017,2017
44.37017,-68.077,2012,2012
44.37062,-67.87349,2003,2003
44.3723,-68.8022,2014,2014
44.3724,-68.8086,2007,2007
44.37516,-67.8796,2012,2012
44.3762,-68.7986,2017,2017
44.378,-68.4696,2017,2017
44.37805,-68.47401,2009,2009
44.3791,-68.4637,2006,2006
44.3796,-67.8733,2017,2017
44.3851,-68.0129,2007,2007
44.389,-67.967266,2017,2017
44.389065,-67.96422,2001,2001
44.3891,-67.9674,2015,2015
44.3892,-67.961,2006,2006
44.3896,-68.0124,2004,2004
44.3939,-68.0125,2018,2018
44.3954,-68.1443,2018,2018
44.3973,-67.9509,2015,2015
44.39761,-67.95086,2011,2011
44.398499,-67.942669,2002,2002
44.39865,-67.94713,2003,2003
44.39943,-68.14297,2009,2009
44.4002,-68.1394,2014,2014
44.40024,-68.13937,2011,2011
44.402128,-67.872879,2002,2002
44.4051,-67.9366,2017,2017
44.40659,-67.86653,2001,2001
44.4066,-67.8728,2004,2004
44.40701,-67.93169,2008,2008
44.40708,-67.9402,2012,2012
44.4072,-67.94,2016,2016
44.4115,-67.9298,2005,2005
44.4116,-67.9418,2006,2006
44.4123,-68.1319,2016,2016
44.41286,-68.1314,2009,2009
44.41602,-67.92899,2009,2009
44.4161,-67.929,2016,2016
44.4174,-68.1349,2004,2004
44.4175,-68.1363,2018,2018
44.41907,-68.13,2012,2012
44.4192,-68.1298,2015,2015
44.4215,-67.84725,2008,2008
44.42447,-67.8477,2012,2012
44.4258,-68.1358,2017,2017
44.42854791,-64.12988601,2000,2022
44.429,-67.8476,2007,2007
44.431281,-62.5665,2019,2019
44.43843311,-64.09592455,2000,2022
44.4421,-67.8209,2016,2016
44.4423,-67.8258,2006,2006
44.4423,-67.82168,2003,2003
44.4424,-67.8581,2017,2017
44.442547,-67.858173,2010,2010
44.44524131,-64.14167508,2000,2022
44.446,-67.8216,2007,2007
44.44721,-67.85321,2011,2011
44.44942296,-63.713577,2000,2022
44.45579262,-63.66071502,2000,2022
44.4616667,-67.6783333,1996,1997
44.46178,-68.1566,2012,2012
44.4618,-68.1566,2014,2014
44.4623,-68.1669,2017,2017
44.4626,-68.1609,2007,2007
44.46287,-68.17277,2001,2001
44.463898,-67.624035,1996,1997
44.4658,-68.1552,2018,2018
44.46621,-68.15455,2009,2009
44.46708,-68.1608,2013,2013
44.47173,-68.16106,2001,2001
44.4718,-67.7859,2017,2018
44.4721,-67.6766,2007,2007
44.4736,-67.7897,2005,2005
44.4746,-67.6686,2005,2005
44.4747,-67.6664,2015,2015
44.47481,-67.67655,2001,2001
44.47488785,-64.1373325,2000,2022
44.47746009,-63.77083847,2000,2022
44.47852,-67.80993,2001,2001
44.48045,-67.75111,2001,2001
44.481953,-67.691265,2010,2010
44.48202,-67.7014,2013,2013
44.4822,-67.5276,2017,2018
44.48227,-67.73913,2003,2003
44.4823,-67.7444,2005,2005
44.4824,-67.8018,2016,2016
44.4827,-67.8083,2014,2014
44.482742,-67.808296,2010,2010
44.48277,-67.8143,2012,2012
44.48321,-67.55694,2008,2008
44.4833333,-67.6633333,1999,2003
44.48392,-67.52526,2008,2008
44.484,-67.5248,2015,2015
44.48499,-67.69122,2011,2011
44.48522,-63.53436,2000,2022
44.4855,-67.5772,2016,2016
44.4862,-67.6638,2007,2007
44.48624,-67.63207,2003,2003
44.4863,-67.637,2006,2006
44.486357,-67.676289,2002,2002
44.48813,-67.56432,2011,2011
44.489000000000004,-67.6705,2016,2016
44.4896,-67.6678,2014,2014
44.4901,-67.6276,2014,2014
44.490267,-67.579377,2010,2010
44.490294,-67.556755,2010,2010
44.490295,-67.636499,2002,2002
44.4903,-67.5794,2014,2014
44.49108,-67.6331,2013,2013
44.491517,-67.65292,1996,2003
44.4916,-67.6335,2015,2015
44.4916667,-67.6366667,1996,2003
44.4916667,-67.635,1997,2003
44.49351453,-64.17671478,2000,2022
44.494688,-67.631863,2010,2010
44.49585,-67.75206,2003,2003
44.495928,-67.763393,2002,2002
44.4994,-67.7582,2006,2006
44.5002,-67.5121,2005,2005
44.5012,-67.6361,2017,2017
44.50124,-67.63622,2009,2009
44.5025,-67.5121,2004,2004
44.50358723,-64.26728795,2000,2022
44.505568,-67.512157,2002,2002
44.50681,-67.5182,2013,2013
44.5095,-67.5204,2016,2016
44.50998,-67.52066,2008,2008
44.51511503,-64.21115208,2000,2022
44.5155,-67.5307,2004,2004
44.519897,-67.531109,2002,2002
44.5199,-67.5311,2014,2014
44.52707,-63.95133,2005,2017
44.5296,-67.5366,2004,2004
44.53276,-67.53652,2011,2011
44.5328,-67.5365,2014,2014
44.5328,-67.5302,2006,2006
44.53726455,-64.01674717,2000,2022
44.54115995,-63.95357947,2000,2022
44.5457,-67.5554,2014,2014
44.54572,-67.5553,2012,2012
44.5473,-67.5632,2015,2015
44.54756,-67.56276,2009,2009
44.54773832,-64.19553526,2000,2022
44.55083,-62.01917,2005,2017
44.5513,-67.5636,2006,2006
44.55131,-67.51722,2010,2010
44.555111,-67.520045,2002,2002
44.5559,-67.5233,2004,2004
44.5559,-67.5232,2015,2015
44.55818,-64.02488,2005,2017
44.55907,-67.52656,2009,2009
44.5596,-67.4792,2017,2017
44.55968,-67.4794,2013,2013
44.55978,-67.48568,2009,2009
44.56232,-67.5291,2012,2012
44.5624,-67.529,2017,2017
44.565,-67.5275,2005,2005
44.57191,-67.40451,2009,2009
44.57199,-67.40965,2001,2001
44.572,-67.4097,2007,2007
44.5736,-67.4853,2007,2007
44.5772,-67.502,2016,2016
44.57755,-67.50234,2011,2011
44.5777,-67.4972,2017,2017
44.57796,-67.4977,2012,2012
44.57911606,-63.94153048,2000,2022
44.5798473,-64.05098297,2000,2022
44.58034,-67.48165,2008,2008
44.5822,-67.485,2016,2016
44.58406,-67.358,2013,2013
44.5841,-67.358,2007,2007
44.5852,-67.3524,2017,2017
44.586353,-64.060977,1968,2010
44.5938,-67.3753,2017,2017
44.59391,-67.371464,2002,2002
44.59395,-67.3754,2003,2003
44.59423,-67.3904,2013,2013
44.596,-63.961,2000,2022
44.5962,-67.4593,2006,2006
44.59653,-67.4561,2011,2011
44.5975,-67.3207,2015,2015
44.59754,-67.32067,2009,2009
44.5976,-67.3692,2007,2007
44.5983,-67.36613,2001,2001
44.5984,-67.3736,2014,2014
44.598408,-67.373578,2010,2010
44.5985,-67.4618,2014,2014
44.5987,-67.38786,2011,2011
44.59896,-67.38555,2008,2008
44.5996,-67.451046,2010,2010
44.6003,-67.4537,2015,2015
44.6005,-67.4467,2005,2005
44.6006,-67.4466,2018,2018
44.60202,-67.320541,2002,2002
44.60376,-67.4427,2009,2009
44.6038,-67.4427,2014,2014
44.605604,-67.26631,2002,2002
44.6057,-67.2641,2015,2015
44.605822,-67.277252,2010,2010
44.6086,-67.2589,2007,2007
44.60883,-67.2639,2013,2013
44.6089,-67.2639,2016,2016
44.6093,-67.2766,2016,2016
44.60932,-67.2764,2013,2013
44.6108,-67.272,2005,2005
44.6147,-67.273,2007,2007
44.61639,-67.37083,2001,2001
44.6197,-67.3764,2015,2015
44.619898,-67.311057,2010,2010
44.6204,-67.3112,2017,2017
44.6207,-67.3645,2016,2016
44.62086,-67.3707,2012,2012
44.62438,-67.3115,2012,2012
44.6245,-67.3679,2004,2004
44.62528,-67.36485,2003,2003
44.6253,-67.3648,2014,2014
44.6381,-67.242,2017,2017
44.6408,-67.2443,2018,2018
44.6413,-67.2454,2006,2006
44.6434,-67.1973,2006,2006
44.6436,-67.19338,2011,2011
44.64483,-67.18714,2001,2001
44.6472,-67.3317,2006,2006
44.6509,-67.3277,2018,2018
44.651207,-67.327633,2010,2010
44.65176,-67.3328,2012,2012
44.6584,-67.18971,2002,2002
44.6584,-67.1897,2013,2013
44.658434,-67.190369,2010,2010
44.66214,-67.16768,2003,2009
44.6624,-67.16127,2001,2001
44.66241,-67.18027,2008,2008
44.6626,-67.1862,2018,2018
44.7021,-67.1156,2006,2006
44.7022,-67.1192,2014,2014
44.7066,-67.1154,2018,2018
44.706638,-67.115479,2002,2002
44.7107,-67.1152,2017,2017
44.7419,-67.0704,2005,2005
44.7464,-67.0702,2006,2006
44.7507,-67.0697,2017,2017
44.76417,-67.0568,2012,2012
44.7642,-67.0568,2015,2015
44.7643,-67.0514,2016,2016
44.8449,-62.38682,2019,2022
44.8449,-62.386817,2018,2018
44.887067,-62.119667,2018,2018
44.88707,-62.11967,2019,2022
44.887967,-62.207,2018,2018
44.88797,-62.207,2019,2022
44.88955,-62.30292,2019,2022
44.88955,-62.302917,2018,2018
44.9066,-62.155933,2018,2018
44.9066,-62.15593,2019,2022
44.923967,-62.237667,2018,2018
44.92397,-62.23767,2019,2022
46.666667,-52.833333,1979,1983
48.3734,-69.3669,2009,2012
48.6273,-68.2008,2010,2012
48.6285,-68.1988,2009,2012
48.65575,-68.08760000000001,2011,2011
48.683,-67.9764,2009,2012
48.8104,-67.6439,2010,2011
49.30155,-67.67941,2019,2021
49.301653333333334,-67.68263666666667,2020,2020
49.30186,-67.68909,2019,2019
49.302036666666666,-67.68580666666666,2020,2021
49.302123333333334,-67.69233,2019,2019
49.30217,-67.69877,2019,2021
49.302189999999996,-67.68905749999999,2019,2021
49.302279999999996,-67.689005,2021,2021
49.30240333333333,-67.69227333333333,2019,2019
49.30252,-67.68902499999999,2019,2021
49.30265,-67.69881,2019,2021
49.781177,-64.357998,2022,2022
49.781426,-64.358808,2021,2021
49.781709,-64.342253,2022,2022
49.78244347444444,-64.34260562,2023,2023
49.782592,-64.337332,2021,2021
49.782619,-64.338588,2022,2022
49.783542,-64.399317,2022,2022
49.78368570111111,-64.39851098,2023,2023
49.792872,-64.339554,2022,2022
49.793191977777774,-64.34037565555556,2023,2023
49.793227,-64.359801,2022,2022
49.79538407555555,-64.35971825555556,2023,2023
49.91710299,-64.429945,2023,2023
49.917103,-64.429945,2021,2021
50.206348,-63.687117,2000,2002
50.206587,-63.589829,2000,2002
50.210766,-63.639106,2000,2002
